problem,source,kind,method,optimal,cost,gap,gap_pct,accuracy,optimal_hit,basic,degenerate,status,seconds,error
L01_Table2,L01,literature,NWCM,435.0,520.0,85.0,19.54022988505747,83.65384615384616,False,True,False,ok,0.0006627999991906108,
L01_Table2,L01,literature,LCM,435.0,475.0,40.0,9.195402298850574,91.57894736842105,False,True,True,ok,0.0008442999987892108,
L01_Table2,L01,literature,VAM,435.0,475.0,40.0,9.195402298850574,91.57894736842105,False,True,True,ok,0.00258639999992738,
L01_Table2,L01,literature,LDVAM,435.0,475.0,40.0,9.195402298850574,91.57894736842105,False,True,True,ok,0.0005610000007436611,
L01_Table2,L01,literature,RAM,435.0,475.0,40.0,9.195402298850574,91.57894736842105,False,True,True,ok,0.0005053000004409114,
L01_Table2,L01,literature,TDM1,435.0,475.0,40.0,9.195402298850574,91.57894736842105,False,True,True,ok,0.0006412000002455898,
L01_Table2,L01,literature,TDM2,435.0,475.0,40.0,9.195402298850574,91.57894736842105,False,True,True,ok,0.000742500000342261,
L01_Table2,L01,literature,TDSM,435.0,475.0,40.0,9.195402298850574,91.57894736842105,False,True,True,ok,0.0004284999995434191,
L01_Table2,L01,literature,THP,435.0,475.0,40.0,9.195402298850574,91.57894736842105,False,True,True,ok,0.0009416000011697179,
L01_Table2,L01,literature,SSM,435.0,460.0,25.0,5.747126436781609,94.56521739130434,False,True,True,ok,0.0005041000003984664,
L01_Table2,L01,literature,CSM,435.0,435.0,0.0,0.0,100.0,True,True,False,ok,0.00019639999845821876,
L01_Table2,L01,literature,RBSM,435.0,435.0,0.0,0.0,100.0,True,True,False,ok,0.0001953999999386724,
L01_Table2,L01,literature,BCE,435.0,435.0,0.0,0.0,100.0,True,True,False,ok,0.00011839999933727086,
L01_Table2,L01,literature,MRM,435.0,475.0,40.0,9.195402298850574,91.57894736842105,False,True,True,ok,0.0004196999998384854,
L02_Table3,L02,literature,NWCM,111.0,202.0,91.0,81.98198198198199,54.95049504950495,False,True,False,ok,0.0001823999991756864,
L02_Table3,L02,literature,LCM,111.0,129.0,18.0,16.216216216216218,86.04651162790698,False,True,True,ok,0.00014769999870622996,
L02_Table3,L02,literature,VAM,111.0,114.0,3.0,2.7027027027027026,97.36842105263158,False,True,True,ok,0.0003744999994523823,
L02_Table3,L02,literature,LDVAM,111.0,114.0,3.0,2.7027027027027026,97.36842105263158,False,True,True,ok,0.00031739999940327834,
L02_Table3,L02,literature,RAM,111.0,111.0,0.0,0.0,100.0,True,True,True,ok,0.00029489999906218145,
L02_Table3,L02,literature,TDM1,111.0,111.0,0.0,0.0,100.0,True,True,True,ok,0.00021569999989878852,
L02_Table3,L02,literature,TDM2,111.0,114.0,3.0,2.7027027027027026,97.36842105263158,False,True,True,ok,0.00044890000026498456,
L02_Table3,L02,literature,TDSM,111.0,111.0,0.0,0.0,100.0,True,True,True,ok,0.00044940000043425243,
L02_Table3,L02,literature,THP,111.0,129.0,18.0,16.216216216216218,86.04651162790698,False,True,True,ok,0.000428999999712687,
L02_Table3,L02,literature,SSM,111.0,111.0,0.0,0.0,100.0,True,True,True,ok,0.00016030000006139744,
L02_Table3,L02,literature,CSM,111.0,111.0,0.0,0.0,100.0,True,True,True,ok,0.00013659999967785552,
L02_Table3,L02,literature,RBSM,111.0,111.0,0.0,0.0,100.0,True,True,True,ok,0.00011230000018258579,
L02_Table3,L02,literature,BCE,111.0,111.0,0.0,0.0,100.0,True,True,True,ok,0.00014240000018617138,
L02_Table3,L02,literature,MRM,111.0,129.0,18.0,16.216216216216218,86.04651162790698,False,True,True,ok,0.0005861000008735573,
L02_Table7,L02,literature,NWCM,7750.0,18800.0,11050.0,142.58064516129033,41.223404255319146,False,True,True,ok,0.00020819999917875975,
L02_Table7,L02,literature,LCM,7750.0,8800.0,1050.0,13.548387096774194,88.06818181818181,False,True,False,ok,0.00017809999917517416,
L02_Table7,L02,literature,VAM,7750.0,8350.0,600.0,7.741935483870968,92.81437125748504,False,True,False,ok,0.0003356000015628524,
L02_Table7,L02,literature,LDVAM,7750.0,8350.0,600.0,7.741935483870968,92.81437125748504,False,True,False,ok,0.0003053999989788281,
L02_Table7,L02,literature,RAM,7750.0,7750.0,0.0,0.0,100.0,True,True,False,ok,0.0002506000000721542,
L02_Table7,L02,literature,TDM1,7750.0,7750.0,0.0,0.0,100.0,True,True,False,ok,0.0002569999996921979,
L02_Table7,L02,literature,TDM2,7750.0,7950.0,200.0,2.5806451612903225,97.48427672955975,False,True,False,ok,0.0003390000001672888,
L02_Table7,L02,literature,TDSM,7750.0,7750.0,0.0,0.0,100.0,True,True,False,ok,0.0002631999996083323,
L02_Table7,L02,literature,THP,7750.0,7950.0,200.0,2.5806451612903225,97.48427672955975,False,True,False,ok,0.00033509999957459513,
L02_Table7,L02,literature,SSM,7750.0,7750.0,0.0,0.0,100.0,True,True,False,ok,0.0002894000008382136,
L02_Table7,L02,literature,CSM,7750.0,7750.0,0.0,0.0,100.0,True,True,False,ok,0.00018900000031862874,
L02_Table7,L02,literature,RBSM,7750.0,7750.0,0.0,0.0,100.0,True,True,False,ok,0.00038610000046901405,
L02_Table7,L02,literature,BCE,7750.0,,,,,,,,failed,1.3900000340072438e-05,NotImplementedError: BCE unbalanced branch/model not sufficiently unambiguous; no dummy substitution
L02_Table7,L02,literature,MRM,7750.0,7750.0,0.0,0.0,100.0,True,True,False,ok,0.0001551000004837988,
L03_Table2,L03,literature,NWCM,465.0,566.0,101.0,21.72043010752688,82.15547703180212,False,True,False,ok,0.00014900000132911373,
L03_Table2,L03,literature,LCM,465.0,473.0,8.0,1.7204301075268817,98.30866807610994,False,True,False,ok,0.00012520000018412247,
L03_Table2,L03,literature,VAM,465.0,473.0,8.0,1.7204301075268817,98.30866807610994,False,True,False,ok,0.000278499999694759,
L03_Table2,L03,literature,LDVAM,465.0,473.0,8.0,1.7204301075268817,98.30866807610994,False,True,False,ok,0.00020539999968605116,
L03_Table2,L03,literature,RAM,465.0,475.0,10.0,2.150537634408602,97.89473684210526,False,True,False,ok,0.00017420000040146988,
L03_Table2,L03,literature,TDM1,465.0,473.0,8.0,1.7204301075268817,98.30866807610994,False,True,False,ok,0.00019129999964206945,
L03_Table2,L03,literature,TDM2,465.0,473.0,8.0,1.7204301075268817,98.30866807610994,False,True,False,ok,0.00021909999850322492,
L03_Table2,L03,literature,TDSM,465.0,473.0,8.0,1.7204301075268817,98.30866807610994,False,True,False,ok,0.00017409999964002054,
L03_Table2,L03,literature,THP,465.0,473.0,8.0,1.7204301075268817,98.30866807610994,False,True,False,ok,0.00029799999902024865,
L03_Table2,L03,literature,SSM,465.0,465.0,0.0,0.0,100.0,True,True,False,ok,0.00011970000014116522,
L03_Table2,L03,literature,CSM,465.0,475.0,10.0,2.150537634408602,97.89473684210526,False,True,False,ok,0.00010700000166252721,
L03_Table2,L03,literature,RBSM,465.0,465.0,0.0,0.0,100.0,True,True,False,ok,0.00010349999865866266,
L03_Table2,L03,literature,BCE,465.0,475.0,10.0,2.150537634408602,97.89473684210526,False,True,False,ok,0.00011219999942113645,
L03_Table2,L03,literature,MRM,465.0,473.0,8.0,1.7204301075268817,98.30866807610994,False,True,False,ok,0.00012140000035287812,
L04_Example1,L04,literature,NWCM,55.0,61.0,6.0,10.909090909090908,90.1639344262295,False,True,True,ok,0.00014180000107444357,
L04_Example1,L04,literature,LCM,55.0,61.0,6.0,10.909090909090908,90.1639344262295,False,True,True,ok,0.00013479999870469328,
L04_Example1,L04,literature,VAM,55.0,61.0,6.0,10.909090909090908,90.1639344262295,False,True,True,ok,0.00019299999985378236,
L04_Example1,L04,literature,LDVAM,55.0,61.0,6.0,10.909090909090908,90.1639344262295,False,True,True,ok,0.0001846999984991271,
L04_Example1,L04,literature,RAM,55.0,55.0,0.0,0.0,100.0,True,True,False,ok,0.00019179999981133733,
L04_Example1,L04,literature,TDM1,55.0,55.0,0.0,0.0,100.0,True,True,False,ok,0.0001888999995571794,
L04_Example1,L04,literature,TDM2,55.0,55.0,0.0,0.0,100.0,True,True,False,ok,0.00022820000049250666,
L04_Example1,L04,literature,TDSM,55.0,55.0,0.0,0.0,100.0,True,True,False,ok,0.00018679999993764795,
L04_Example1,L04,literature,THP,55.0,55.0,0.0,0.0,100.0,True,True,False,ok,0.00022330000138026662,
L04_Example1,L04,literature,SSM,55.0,61.0,6.0,10.909090909090908,90.1639344262295,False,True,True,ok,0.00011839999933727086,
L04_Example1,L04,literature,CSM,55.0,61.0,6.0,10.909090909090908,90.1639344262295,False,True,False,ok,0.0001283999990846496,
L04_Example1,L04,literature,RBSM,55.0,61.0,6.0,10.909090909090908,90.1639344262295,False,True,False,ok,0.00014009999904374126,
L04_Example1,L04,literature,BCE,55.0,55.0,0.0,0.0,100.0,True,True,False,ok,0.0001878000002761837,
L04_Example1,L04,literature,MRM,55.0,55.0,0.0,0.0,100.0,True,True,False,ok,0.00016460000006190967,
L04_Example2,L04,literature,NWCM,1945.0,2245.0,300.0,15.424164524421593,86.6369710467706,False,True,False,ok,0.00025800000003073364,
L04_Example2,L04,literature,LCM,1945.0,2360.0,415.0,21.336760925449873,82.41525423728814,False,True,True,ok,0.00016630000027362257,
L04_Example2,L04,literature,VAM,1945.0,2245.0,300.0,15.424164524421593,86.6369710467706,False,True,False,ok,0.0010153999992326135,
L04_Example2,L04,literature,LDVAM,1945.0,2245.0,300.0,15.424164524421593,86.6369710467706,False,True,False,ok,0.0008957999998528976,
L04_Example2,L04,literature,RAM,1945.0,2245.0,300.0,15.424164524421593,86.6369710467706,False,True,False,ok,0.00044969999908062164,
L04_Example2,L04,literature,TDM1,1945.0,2245.0,300.0,15.424164524421593,86.6369710467706,False,True,False,ok,0.00027299999965180177,
L04_Example2,L04,literature,TDM2,1945.0,2285.0,340.0,17.480719794344473,85.12035010940919,False,True,False,ok,0.0003409999990253709,
L04_Example2,L04,literature,TDSM,1945.0,1985.0,40.0,2.056555269922879,97.98488664987406,False,True,False,ok,0.0003940999995393213,
L04_Example2,L04,literature,THP,1945.0,2310.0,365.0,18.76606683804627,84.19913419913419,False,True,False,ok,0.0003589999996620463,
L04_Example2,L04,literature,SSM,1945.0,2250.0,305.0,15.681233933161954,86.44444444444444,False,True,False,ok,0.0002316999998583924,
L04_Example2,L04,literature,CSM,1945.0,1945.0,0.0,0.0,100.0,True,True,False,ok,0.00024300000040966552,
L04_Example2,L04,literature,RBSM,1945.0,2065.0,120.0,6.169665809768637,94.18886198547216,False,True,False,ok,0.00021390000074461568,
L04_Example2,L04,literature,BCE,1945.0,,,,,,,,failed,0.00018710000040300656,RuntimeError: Repair cycle; no fallback or forced feasibility applied
L04_Example2,L04,literature,MRM,1945.0,2285.0,340.0,17.480719794344473,85.12035010940919,False,True,False,ok,0.00015890000031504314,
L05_Example1,L05,literature,NWCM,985.0,1195.0,210.0,21.31979695431472,82.42677824267783,False,True,False,ok,0.0001799000001483364,
L05_Example1,L05,literature,LCM,985.0,1045.0,60.0,6.091370558375634,94.25837320574162,False,True,True,ok,0.00014430000010179356,
L05_Example1,L05,literature,VAM,985.0,1095.0,110.0,11.16751269035533,89.95433789954338,False,True,False,ok,0.0003049000006285496,
L05_Example1,L05,literature,LDVAM,985.0,1095.0,110.0,11.16751269035533,89.95433789954338,False,True,False,ok,0.00031689999923401047,
L05_Example1,L05,literature,RAM,985.0,985.0,0.0,0.0,100.0,True,True,True,ok,0.00021410000044852495,
L05_Example1,L05,literature,TDM1,985.0,985.0,0.0,0.0,100.0,True,True,True,ok,0.00022429999989981297,
L05_Example1,L05,literature,TDM2,985.0,985.0,0.0,0.0,100.0,True,True,True,ok,0.00028169999859528616,
L05_Example1,L05,literature,TDSM,985.0,985.0,0.0,0.0,100.0,True,True,True,ok,0.00022510000053443946,
L05_Example1,L05,literature,THP,985.0,1045.0,60.0,6.091370558375634,94.25837320574162,False,True,True,ok,0.0002733000001171604,
L05_Example1,L05,literature,SSM,985.0,985.0,0.0,0.0,100.0,True,True,True,ok,0.00015669999993406236,
L05_Example1,L05,literature,CSM,985.0,985.0,0.0,0.0,100.0,True,True,True,ok,0.00013249999938125256,
L05_Example1,L05,literature,RBSM,985.0,985.0,0.0,0.0,100.0,True,True,True,ok,0.0022196999998413958,
L05_Example1,L05,literature,BCE,985.0,985.0,0.0,0.0,100.0,True,True,True,ok,0.0002554000002419343,
L05_Example1,L05,literature,MRM,985.0,1045.0,60.0,6.091370558375634,94.25837320574162,False,True,True,ok,0.00016259999938483816,
L05_Example2,L05,literature,NWCM,4525.0,5925.0,1400.0,30.939226519337016,76.37130801687763,False,True,False,ok,0.00016659999891999178,
L05_Example2,L05,literature,LCM,4525.0,4550.0,25.0,0.5524861878453039,99.45054945054945,False,True,False,ok,0.0001264000002265675,
L05_Example2,L05,literature,VAM,4525.0,5125.0,600.0,13.259668508287293,88.29268292682927,False,True,False,ok,0.00021890000061830506,
L05_Example2,L05,literature,LDVAM,4525.0,5125.0,600.0,13.259668508287293,88.29268292682927,False,True,False,ok,0.00021270000070217066,
L05_Example2,L05,literature,RAM,4525.0,4525.0,0.0,0.0,100.0,True,True,False,ok,0.0001723000004858477,
L05_Example2,L05,literature,TDM1,4525.0,4550.0,25.0,0.5524861878453039,99.45054945054945,False,True,False,ok,0.00017470000057073776,
L05_Example2,L05,literature,TDM2,4525.0,4550.0,25.0,0.5524861878453039,99.45054945054945,False,True,False,ok,0.00021829999968758784,
L05_Example2,L05,literature,TDSM,4525.0,4550.0,25.0,0.5524861878453039,99.45054945054945,False,True,False,ok,0.00017459999980928842,
L05_Example2,L05,literature,THP,4525.0,4525.0,0.0,0.0,100.0,True,True,False,ok,0.0002172999993490521,
L05_Example2,L05,literature,SSM,4525.0,4525.0,0.0,0.0,100.0,True,True,False,ok,0.00011910000102943741,
L05_Example2,L05,literature,CSM,4525.0,4525.0,0.0,0.0,100.0,True,True,False,ok,0.00022019999960321002,
L05_Example2,L05,literature,RBSM,4525.0,4525.0,0.0,0.0,100.0,True,True,False,ok,0.00012009999954898376,
L05_Example2,L05,literature,BCE,4525.0,4525.0,0.0,0.0,100.0,True,True,False,ok,0.00011529999937920365,
L05_Example2,L05,literature,MRM,4525.0,4550.0,25.0,0.5524861878453039,99.45054945054945,False,True,False,ok,0.00011900000026798807,
L05_Example3,L05,literature,NWCM,2366.0,4448.0,2082.0,87.99661876584953,53.19244604316547,False,True,True,ok,0.0003880000003846362,
L05_Example3,L05,literature,LCM,2366.0,2387.0,21.0,0.8875739644970414,99.12023460410558,False,True,False,ok,0.00023399999918183312,
L05_Example3,L05,literature,VAM,2366.0,2388.0,22.0,0.9298393913778529,99.07872696817421,False,True,True,ok,0.0004222999996272847,
L05_Example3,L05,literature,LDVAM,2366.0,2388.0,22.0,0.9298393913778529,99.07872696817421,False,True,True,ok,0.0004902000000583939,
L05_Example3,L05,literature,RAM,2366.0,2377.0,11.0,0.46491969568892644,99.53723180479597,False,True,False,ok,0.00047030000132508576,
L05_Example3,L05,literature,TDM1,2366.0,2366.0,0.0,0.0,100.0,True,True,False,ok,0.0004669999998441199,
L05_Example3,L05,literature,TDM2,2366.0,2366.0,0.0,0.0,100.0,True,True,False,ok,0.0006391000006260583,
L05_Example3,L05,literature,TDSM,2366.0,2366.0,0.0,0.0,100.0,True,True,False,ok,0.00039670000114711,
L05_Example3,L05,literature,THP,2366.0,2366.0,0.0,0.0,100.0,True,True,False,ok,0.0004890999989584088,
L05_Example3,L05,literature,SSM,2366.0,2718.0,352.0,14.877430262045646,87.04930095658572,False,True,False,ok,0.0003842000005533919,
L05_Example3,L05,literature,CSM,2366.0,2488.0,122.0,5.156382079459003,95.09646302250803,False,True,False,ok,0.00020589999985531904,
L05_Example3,L05,literature,RBSM,2366.0,2641.0,275.0,11.62299239222316,89.58727754638394,False,True,True,ok,0.00022759999956178945,
L05_Example3,L05,literature,BCE,2366.0,,,,,,,,failed,0.0001675000003160676,RuntimeError: Repair cycle; no fallback or forced feasibility applied
L05_Example3,L05,literature,MRM,2366.0,2366.0,0.0,0.0,100.0,True,True,False,ok,0.0009669999999459833,
E01_Example1,E01,literature,NWCM,3460.0,3680.0,220.0,6.358381502890174,94.02173913043478,False,True,False,ok,0.00030019999940122943,
E01_Example1,E01,literature,LCM,3460.0,3670.0,210.0,6.069364161849711,94.27792915531334,False,True,False,ok,0.00025909999931172933,
E01_Example1,E01,literature,VAM,3460.0,3520.0,60.0,1.7341040462427746,98.29545454545455,False,True,False,ok,0.0002702999991015531,
E01_Example1,E01,literature,LDVAM,3460.0,3520.0,60.0,1.7341040462427746,98.29545454545455,False,True,False,ok,0.0003264999995735707,
E01_Example1,E01,literature,RAM,3460.0,3500.0,40.0,1.1560693641618498,98.85714285714286,False,True,False,ok,0.0002798000004986534,
E01_Example1,E01,literature,TDM1,3460.0,3570.0,110.0,3.179190751445087,96.9187675070028,False,True,False,ok,0.0003469000002951361,
E01_Example1,E01,literature,TDM2,3460.0,3570.0,110.0,3.179190751445087,96.9187675070028,False,True,False,ok,0.00031709999893791974,
E01_Example1,E01,literature,TDSM,3460.0,3710.0,250.0,7.22543352601156,93.26145552560646,False,True,False,ok,0.00023770000007061753,
E01_Example1,E01,literature,THP,3460.0,3570.0,110.0,3.179190751445087,96.9187675070028,False,True,False,ok,0.00029799999902024865,
E01_Example1,E01,literature,SSM,3460.0,3460.0,0.0,0.0,100.0,True,True,False,ok,0.00013480000052368268,
E01_Example1,E01,literature,CSM,3460.0,3460.0,0.0,0.0,100.0,True,True,False,ok,0.0001233000002685003,
E01_Example1,E01,literature,RBSM,3460.0,3460.0,0.0,0.0,100.0,True,True,False,ok,0.00023880000117060263,
E01_Example1,E01,literature,BCE,3460.0,3460.0,0.0,0.0,100.0,True,True,False,ok,0.0001353999996354105,
E01_Example1,E01,literature,MRM,3460.0,3710.0,250.0,7.22543352601156,93.26145552560646,False,True,False,ok,0.0006996000010985881,
E01_Example2,E01,literature,NWCM,610.0,670.0,60.0,9.836065573770492,91.04477611940298,False,True,False,ok,0.00015220000022964086,
E01_Example2,E01,literature,LCM,610.0,650.0,40.0,6.557377049180328,93.84615384615384,False,True,False,ok,0.00013869999929738697,
E01_Example2,E01,literature,VAM,610.0,650.0,40.0,6.557377049180328,93.84615384615384,False,True,False,ok,0.00026050000087707303,
E01_Example2,E01,literature,LDVAM,610.0,650.0,40.0,6.557377049180328,93.84615384615384,False,True,False,ok,0.00024119999943650328,
E01_Example2,E01,literature,RAM,610.0,610.0,0.0,0.0,100.0,True,True,True,ok,0.00027349999982106965,
E01_Example2,E01,literature,TDM1,610.0,650.0,40.0,6.557377049180328,93.84615384615384,False,True,False,ok,0.0002829999993991805,
E01_Example2,E01,literature,TDM2,610.0,650.0,40.0,6.557377049180328,93.84615384615384,False,True,False,ok,0.0002857999988918891,
E01_Example2,E01,literature,TDSM,610.0,610.0,0.0,0.0,100.0,True,True,True,ok,0.00018319999981031287,
E01_Example2,E01,literature,THP,610.0,630.0,20.0,3.278688524590164,96.82539682539682,False,True,False,ok,0.0002640999991854187,
E01_Example2,E01,literature,SSM,610.0,630.0,20.0,3.278688524590164,96.82539682539682,False,True,True,ok,0.0001283999990846496,
E01_Example2,E01,literature,CSM,610.0,610.0,0.0,0.0,100.0,True,True,True,ok,0.00010730000030889641,
E01_Example2,E01,literature,RBSM,610.0,610.0,0.0,0.0,100.0,True,True,True,ok,0.00011150000136694871,
E01_Example2,E01,literature,BCE,610.0,610.0,0.0,0.0,100.0,True,True,True,ok,0.00013310000031196978,
E01_Example2,E01,literature,MRM,610.0,610.0,0.0,0.0,100.0,True,True,True,ok,0.0001343000003544148,
E01_Example3,E01,literature,NWCM,743.0,1015.0,272.0,36.60834454912517,73.20197044334975,False,True,False,ok,0.00015270000039890874,
E01_Example3,E01,literature,LCM,743.0,814.0,71.0,9.55585464333782,91.27764127764128,False,True,False,ok,0.00014649999866378494,
E01_Example3,E01,literature,VAM,743.0,779.0,36.0,4.8452220726783315,95.37869062901156,False,True,False,ok,0.0002648999998200452,
E01_Example3,E01,literature,LDVAM,743.0,779.0,36.0,4.8452220726783315,95.37869062901156,False,True,False,ok,0.0002570999986346578,
E01_Example3,E01,literature,RAM,743.0,807.0,64.0,8.613728129205922,92.06939281288723,False,True,False,ok,0.0002457999999023741,
E01_Example3,E01,literature,TDM1,743.0,779.0,36.0,4.8452220726783315,95.37869062901156,False,True,False,ok,0.00020679999943240546,
E01_Example3,E01,literature,TDM2,743.0,779.0,36.0,4.8452220726783315,95.37869062901156,False,True,False,ok,0.0002889000006689457,
E01_Example3,E01,literature,TDSM,743.0,781.0,38.0,5.114401076716016,95.13444302176697,False,True,False,ok,0.0002142000012099743,
E01_Example3,E01,literature,THP,743.0,814.0,71.0,9.55585464333782,91.27764127764128,False,True,False,ok,0.0002666000000317581,
E01_Example3,E01,literature,SSM,743.0,743.0,0.0,0.0,100.0,True,True,False,ok,0.0001224999996338738,
E01_Example3,E01,literature,CSM,743.0,779.0,36.0,4.8452220726783315,95.37869062901156,False,True,False,ok,0.0002220999995188322,
E01_Example3,E01,literature,RBSM,743.0,779.0,36.0,4.8452220726783315,95.37869062901156,False,True,False,ok,0.00011679999988700729,
E01_Example3,E01,literature,BCE,743.0,743.0,0.0,0.0,100.0,True,True,False,ok,0.00012060000153724104,
E01_Example3,E01,literature,MRM,743.0,781.0,38.0,5.114401076716016,95.13444302176697,False,True,False,ok,0.0001506000007793773,
E01_Example4,E01,literature,NWCM,490.0,1451.0,961.0,196.12244897959184,33.769813921433496,False,True,False,ok,0.0001537000007374445,
E01_Example4,E01,literature,LCM,490.0,490.0,0.0,0.0,100.0,True,True,True,ok,0.00012659999993047677,
E01_Example4,E01,literature,VAM,490.0,490.0,0.0,0.0,100.0,True,True,True,ok,0.00023520000104326755,
E01_Example4,E01,literature,LDVAM,490.0,490.0,0.0,0.0,100.0,True,True,True,ok,0.0002561999990575714,
E01_Example4,E01,literature,RAM,490.0,490.0,0.0,0.0,100.0,True,True,True,ok,0.00019410000095376745,
E01_Example4,E01,literature,TDM1,490.0,490.0,0.0,0.0,100.0,True,True,True,ok,0.0001720000000204891,
E01_Example4,E01,literature,TDM2,490.0,490.0,0.0,0.0,100.0,True,True,True,ok,0.00023239999973156955,
E01_Example4,E01,literature,TDSM,490.0,490.0,0.0,0.0,100.0,True,True,True,ok,0.00019719999909284525,
E01_Example4,E01,literature,THP,490.0,490.0,0.0,0.0,100.0,True,True,True,ok,0.00025100000129896216,
E01_Example4,E01,literature,SSM,490.0,490.0,0.0,0.0,100.0,True,True,True,ok,0.00011020000056305435,
E01_Example4,E01,literature,CSM,490.0,490.0,0.0,0.0,100.0,True,True,True,ok,9.809999937715475e-05,
E01_Example4,E01,literature,RBSM,490.0,490.0,0.0,0.0,100.0,True,True,True,ok,9.809999937715475e-05,
E01_Example4,E01,literature,BCE,490.0,490.0,0.0,0.0,100.0,True,True,True,ok,9.580000005371403e-05,
E01_Example4,E01,literature,MRM,490.0,490.0,0.0,0.0,100.0,True,True,True,ok,0.00013409999883151613,
E01_Example5,E01,literature,NWCM,1401.0,1853.0,452.0,32.262669521770164,75.60712358337831,False,True,True,ok,0.0002535999992687721,
E01_Example5,E01,literature,LCM,1401.0,1465.0,64.0,4.5681655960028555,95.63139931740615,False,True,False,ok,0.00027520000003278255,
E01_Example5,E01,literature,VAM,1401.0,1401.0,0.0,0.0,100.0,True,True,True,ok,0.0004133000002184417,
E01_Example5,E01,literature,LDVAM,1401.0,1401.0,0.0,0.0,100.0,True,True,True,ok,0.00038689999928465113,
E01_Example5,E01,literature,RAM,1401.0,1465.0,64.0,4.5681655960028555,95.63139931740615,False,True,False,ok,0.00035369999932299834,
E01_Example5,E01,literature,TDM1,1401.0,1401.0,0.0,0.0,100.0,True,True,True,ok,0.00031990000024961773,
E01_Example5,E01,literature,TDM2,1401.0,1401.0,0.0,0.0,100.0,True,True,True,ok,0.0004487000005610753,
E01_Example5,E01,literature,TDSM,1401.0,1465.0,64.0,4.5681655960028555,95.63139931740615,False,True,False,ok,0.00036190000173519365,
E01_Example5,E01,literature,THP,1401.0,1465.0,64.0,4.5681655960028555,95.63139931740615,False,True,False,ok,0.000457500000266009,
E01_Example5,E01,literature,SSM,1401.0,1434.0,33.0,2.355460385438972,97.69874476987448,False,True,True,ok,0.00021039999955974054,
E01_Example5,E01,literature,CSM,1401.0,1434.0,33.0,2.355460385438972,97.69874476987448,False,True,True,ok,0.00027939999927184545,
E01_Example5,E01,literature,RBSM,1401.0,1434.0,33.0,2.355460385438972,97.69874476987448,False,True,True,ok,0.00021469999956025276,
E01_Example5,E01,literature,BCE,1401.0,,,,,,,,failed,0.00011239999912504572,RuntimeError: Repair cycle; no fallback or forced feasibility applied
E01_Example5,E01,literature,MRM,1401.0,1465.0,64.0,4.5681655960028555,95.63139931740615,False,True,False,ok,0.0003434000009292504,
E01_Example6,E01,literature,NWCM,505.0,1651.0,1146.0,226.93069306930693,30.587522713506967,False,True,True,ok,0.0003110000016022241,
E01_Example6,E01,literature,LCM,505.0,650.0,145.0,28.712871287128714,77.6923076923077,False,True,False,ok,0.0006124999999883585,
E01_Example6,E01,literature,VAM,505.0,586.0,81.0,16.03960396039604,86.17747440273038,False,True,True,ok,0.0013058000004093628,
E01_Example6,E01,literature,LDVAM,505.0,552.0,47.0,9.306930693069306,91.48550724637681,False,True,True,ok,0.001050799999575247,
E01_Example6,E01,literature,RAM,505.0,754.0,249.0,49.306930693069305,66.9761273209549,False,True,False,ok,0.001022299999021925,
E01_Example6,E01,literature,TDM1,505.0,558.0,53.0,10.495049504950495,90.50179211469533,False,True,True,ok,0.0028109000013500918,
E01_Example6,E01,literature,TDM2,505.0,538.0,33.0,6.534653465346534,93.86617100371747,False,True,True,ok,0.0033857999987958465,
E01_Example6,E01,literature,TDSM,505.0,558.0,53.0,10.495049504950495,90.50179211469533,False,True,True,ok,0.0024063000000751344,
E01_Example6,E01,literature,THP,505.0,650.0,145.0,28.712871287128714,77.6923076923077,False,True,False,ok,0.0024800999999570195,
E01_Example6,E01,literature,SSM,505.0,580.0,75.0,14.851485148514852,87.06896551724138,False,True,True,ok,0.0008351000014954479,
E01_Example6,E01,literature,CSM,505.0,598.0,93.0,18.415841584158414,84.44816053511705,False,True,True,ok,0.0006568000007973751,
E01_Example6,E01,literature,RBSM,505.0,598.0,93.0,18.415841584158414,84.44816053511705,False,True,True,ok,0.0006938000005902722,
E01_Example6,E01,literature,BCE,505.0,552.0,47.0,9.306930693069306,91.48550724637681,False,True,True,ok,0.000973399999566027,
E01_Example6,E01,literature,MRM,505.0,572.0,67.0,13.267326732673267,88.2867132867133,False,True,True,ok,0.0007467999985237839,
E01_Example7,E01,literature,NWCM,722.0,2251.0,1529.0,211.77285318559558,32.0746334962239,False,True,True,ok,0.0003359000002092216,
E01_Example7,E01,literature,LCM,722.0,887.0,165.0,22.85318559556787,81.39797068771139,False,True,True,ok,0.0004791000010300195,
E01_Example7,E01,literature,VAM,722.0,826.0,104.0,14.404432132963988,87.409200968523,False,True,True,ok,0.0011338999993313337,
E01_Example7,E01,literature,LDVAM,722.0,826.0,104.0,14.404432132963988,87.409200968523,False,True,True,ok,0.0011508000006870134,
E01_Example7,E01,literature,RAM,722.0,814.0,92.0,12.742382271468143,88.6977886977887,False,True,False,ok,0.0010176000014325837,
E01_Example7,E01,literature,TDM1,722.0,830.0,108.0,14.958448753462603,86.98795180722891,False,True,False,ok,0.0008735000010346994,
E01_Example7,E01,literature,TDM2,722.0,893.0,171.0,23.68421052631579,80.85106382978724,False,True,True,ok,0.0012014000003546244,
E01_Example7,E01,literature,TDSM,722.0,844.0,122.0,16.897506925207757,85.54502369668246,False,True,False,ok,0.0015481999998883111,
E01_Example7,E01,literature,THP,722.0,825.0,103.0,14.265927977839334,87.51515151515152,False,True,True,ok,0.0011259999992034864,
E01_Example7,E01,literature,SSM,722.0,805.0,83.0,11.495844875346261,89.68944099378882,False,True,True,ok,0.0003797999997914303,
E01_Example7,E01,literature,CSM,722.0,761.0,39.0,5.401662049861496,94.87516425755585,False,True,False,ok,0.0003825999992841389,
E01_Example7,E01,literature,RBSM,722.0,805.0,83.0,11.495844875346261,89.68944099378882,False,True,True,ok,0.0005642000014631776,
E01_Example7,E01,literature,BCE,722.0,,,,,,,,failed,0.0003947000004700385,RuntimeError: Repair cycle; no fallback or forced feasibility applied
E01_Example7,E01,literature,MRM,722.0,844.0,122.0,16.897506925207757,85.54502369668246,False,True,False,ok,0.00043480000022100285,
RBSM_N01,E02,literature,NWCM,5600.0,5600.0,0.0,0.0,100.0,True,True,False,ok,0.0004656999990402255,
RBSM_N01,E02,literature,LCM,5600.0,5600.0,0.0,0.0,100.0,True,True,False,ok,0.00016229999891947955,
RBSM_N01,E02,literature,VAM,5600.0,5600.0,0.0,0.0,100.0,True,True,False,ok,0.0005898999988858122,
RBSM_N01,E02,literature,LDVAM,5600.0,5600.0,0.0,0.0,100.0,True,True,False,ok,0.00020680000125139486,
RBSM_N01,E02,literature,RAM,5600.0,5600.0,0.0,0.0,100.0,True,True,False,ok,0.0003708000003825873,
RBSM_N01,E02,literature,TDM1,5600.0,5600.0,0.0,0.0,100.0,True,True,False,ok,0.00018339999951422215,
RBSM_N01,E02,literature,TDM2,5600.0,5600.0,0.0,0.0,100.0,True,True,False,ok,0.00022680000074615236,
RBSM_N01,E02,literature,TDSM,5600.0,5600.0,0.0,0.0,100.0,True,True,False,ok,0.0001762000010785414,
RBSM_N01,E02,literature,THP,5600.0,5600.0,0.0,0.0,100.0,True,True,False,ok,0.00021379999998316634,
RBSM_N01,E02,literature,SSM,5600.0,5600.0,0.0,0.0,100.0,True,True,False,ok,0.00013209999997343402,
RBSM_N01,E02,literature,CSM,5600.0,5600.0,0.0,0.0,100.0,True,True,True,ok,0.0001018999992083991,
RBSM_N01,E02,literature,RBSM,5600.0,5600.0,0.0,0.0,100.0,True,True,True,ok,9.90999997156905e-05,
RBSM_N01,E02,literature,BCE,5600.0,5600.0,0.0,0.0,100.0,True,True,True,ok,0.00010149999980058055,
RBSM_N01,E02,literature,MRM,5600.0,5600.0,0.0,0.0,100.0,True,True,False,ok,0.00013829999988956843,
RBSM_N02,E02,literature,NWCM,28.0,42.0,14.0,50.0,66.66666666666667,False,True,False,ok,0.0001691999987087911,
RBSM_N02,E02,literature,LCM,28.0,28.0,0.0,0.0,100.0,True,True,True,ok,0.00014319999900180846,
RBSM_N02,E02,literature,VAM,28.0,28.0,0.0,0.0,100.0,True,True,True,ok,0.0002693999995244667,
RBSM_N02,E02,literature,LDVAM,28.0,28.0,0.0,0.0,100.0,True,True,True,ok,0.0002334000000701053,
RBSM_N02,E02,literature,RAM,28.0,34.0,6.0,21.428571428571427,82.3529411764706,False,True,False,ok,0.00022120000176073518,
RBSM_N02,E02,literature,TDM1,28.0,28.0,0.0,0.0,100.0,True,True,True,ok,0.00022419999913836364,
RBSM_N02,E02,literature,TDM2,28.0,28.0,0.0,0.0,100.0,True,True,True,ok,0.0008636000002297806,
RBSM_N02,E02,literature,TDSM,28.0,28.0,0.0,0.0,100.0,True,True,True,ok,0.000260199998592725,
RBSM_N02,E02,literature,THP,28.0,28.0,0.0,0.0,100.0,True,True,True,ok,0.0002662999995663995,
RBSM_N02,E02,literature,SSM,28.0,28.0,0.0,0.0,100.0,True,True,True,ok,0.00018670000099518802,
RBSM_N02,E02,literature,CSM,28.0,28.0,0.0,0.0,100.0,True,True,True,ok,0.00010199999996984843,
RBSM_N02,E02,literature,RBSM,28.0,28.0,0.0,0.0,100.0,True,True,True,ok,9.200000022246968e-05,
RBSM_N02,E02,literature,BCE,28.0,28.0,0.0,0.0,100.0,True,True,True,ok,9.130000034929253e-05,
RBSM_N02,E02,literature,MRM,28.0,28.0,0.0,0.0,100.0,True,True,True,ok,0.00012930000048072543,
RBSM_N03,E02,literature,NWCM,1102.0,1994.0,892.0,80.94373865698729,55.26579739217653,False,True,True,ok,0.00042919999941659626,
RBSM_N03,E02,literature,LCM,1102.0,1123.0,21.0,1.9056261343012704,98.1300089047195,False,True,False,ok,0.00020589999985531904,
RBSM_N03,E02,literature,VAM,1102.0,1104.0,2.0,0.18148820326678766,99.81884057971014,False,True,True,ok,0.0006783999997423962,
RBSM_N03,E02,literature,LDVAM,1102.0,1104.0,2.0,0.18148820326678766,99.81884057971014,False,True,True,ok,0.0004141000008530682,
RBSM_N03,E02,literature,RAM,1102.0,1103.0,1.0,0.09074410163339383,99.90933816863101,False,True,False,ok,0.0008843999985401751,
RBSM_N03,E02,literature,TDM1,1102.0,1102.0,0.0,0.0,100.0,True,True,False,ok,0.0006118000001151813,
RBSM_N03,E02,literature,TDM2,1102.0,1102.0,0.0,0.0,100.0,True,True,False,ok,0.0006819999998697313,
RBSM_N03,E02,literature,TDSM,1102.0,1102.0,0.0,0.0,100.0,True,True,False,ok,0.00040210000042861793,
RBSM_N03,E02,literature,THP,1102.0,1102.0,0.0,0.0,100.0,True,True,False,ok,0.0004779999999300344,
RBSM_N03,E02,literature,SSM,1102.0,1134.0,32.0,2.9038112522686026,97.17813051146385,False,True,False,ok,0.00040780000017548446,
RBSM_N03,E02,literature,CSM,1102.0,1134.0,32.0,2.9038112522686026,97.17813051146385,False,True,False,ok,0.0002483000007487135,
RBSM_N03,E02,literature,RBSM,1102.0,1127.0,25.0,2.268602540834846,97.78172138420585,False,True,True,ok,0.0002413000001979526,
RBSM_N03,E02,literature,BCE,1102.0,,,,,,,,failed,0.00017250000018975697,RuntimeError: Repair cycle; no fallback or forced feasibility applied
RBSM_N03,E02,literature,MRM,1102.0,1102.0,0.0,0.0,100.0,True,True,False,ok,0.00039199999991978984,
RBSM_N04,E02,literature,NWCM,555.0,730.0,175.0,31.53153153153153,76.02739726027397,False,True,False,ok,0.00024019999909796752,
RBSM_N04,E02,literature,LCM,555.0,555.0,0.0,0.0,100.0,True,True,False,ok,0.00013479999870469328,
RBSM_N04,E02,literature,VAM,555.0,555.0,0.0,0.0,100.0,True,True,False,ok,0.0002387000004091533,
RBSM_N04,E02,literature,LDVAM,555.0,555.0,0.0,0.0,100.0,True,True,False,ok,0.00035630000093078706,
RBSM_N04,E02,literature,RAM,555.0,555.0,0.0,0.0,100.0,True,True,False,ok,0.0001880999989225529,
RBSM_N04,E02,literature,TDM1,555.0,555.0,0.0,0.0,100.0,True,True,False,ok,0.00018730000010691583,
RBSM_N04,E02,literature,TDM2,555.0,555.0,0.0,0.0,100.0,True,True,False,ok,0.00022820000049250666,
RBSM_N04,E02,literature,TDSM,555.0,555.0,0.0,0.0,100.0,True,True,False,ok,0.00019529999917722307,
RBSM_N04,E02,literature,THP,555.0,555.0,0.0,0.0,100.0,True,True,False,ok,0.0003389000012248289,
RBSM_N04,E02,literature,SSM,555.0,555.0,0.0,0.0,100.0,True,True,False,ok,0.00012310000056459103,
RBSM_N04,E02,literature,CSM,555.0,555.0,0.0,0.0,100.0,True,True,False,ok,0.00010870000005525071,
RBSM_N04,E02,literature,RBSM,555.0,555.0,0.0,0.0,100.0,True,True,False,ok,0.00010459999975864775,
RBSM_N04,E02,literature,BCE,555.0,555.0,0.0,0.0,100.0,True,True,False,ok,0.00010309999925084412,
RBSM_N04,E02,literature,MRM,555.0,555.0,0.0,0.0,100.0,True,True,False,ok,0.00011470000026747584,
RBSM_N05,E02,literature,NWCM,410.0,540.0,130.0,31.70731707317073,75.92592592592592,False,True,True,ok,0.00036220000038156286,
RBSM_N05,E02,literature,LCM,410.0,435.0,25.0,6.097560975609756,94.25287356321839,False,True,False,ok,0.0001585000009072246,
RBSM_N05,E02,literature,VAM,410.0,470.0,60.0,14.634146341463415,87.23404255319149,False,True,True,ok,0.0002612999996927101,
RBSM_N05,E02,literature,LDVAM,410.0,410.0,0.0,0.0,100.0,True,True,False,ok,0.00029429999995045364,
RBSM_N05,E02,literature,RAM,410.0,420.0,10.0,2.4390243902439024,97.61904761904762,False,True,False,ok,0.0002846000006684335,
RBSM_N05,E02,literature,TDM1,410.0,435.0,25.0,6.097560975609756,94.25287356321839,False,True,True,ok,0.0002235000010841759,
RBSM_N05,E02,literature,TDM2,410.0,435.0,25.0,6.097560975609756,94.25287356321839,False,True,True,ok,0.0004317999992053956,
RBSM_N05,E02,literature,TDSM,410.0,435.0,25.0,6.097560975609756,94.25287356321839,False,True,True,ok,0.00035029999889957253,
RBSM_N05,E02,literature,THP,410.0,415.0,5.0,1.2195121951219512,98.79518072289157,False,True,False,ok,0.00033369999982824083,
RBSM_N05,E02,literature,SSM,410.0,430.0,20.0,4.878048780487805,95.34883720930233,False,True,True,ok,0.0005492000000231201,
RBSM_N05,E02,literature,CSM,410.0,430.0,20.0,4.878048780487805,95.34883720930233,False,True,True,ok,0.00017219999972439837,
RBSM_N05,E02,literature,RBSM,410.0,430.0,20.0,4.878048780487805,95.34883720930233,False,True,True,ok,0.000432699998782482,
RBSM_N05,E02,literature,BCE,410.0,,,,,,,,failed,0.00012659999993047677,RuntimeError: Repair cycle; no fallback or forced feasibility applied
RBSM_N05,E02,literature,MRM,410.0,415.0,5.0,1.2195121951219512,98.79518072289157,False,True,False,ok,0.0002455000012560049,
RBSM_N06,E02,literature,NWCM,7750.0,18800.0,11050.0,142.58064516129033,41.223404255319146,False,True,True,ok,0.0001598999988345895,
RBSM_N06,E02,literature,LCM,7750.0,8800.0,1050.0,13.548387096774194,88.06818181818181,False,True,False,ok,0.0001556999995955266,
RBSM_N06,E02,literature,VAM,7750.0,8350.0,600.0,7.741935483870968,92.81437125748504,False,True,False,ok,0.000527600001078099,
RBSM_N06,E02,literature,LDVAM,7750.0,8350.0,600.0,7.741935483870968,92.81437125748504,False,True,False,ok,0.00031209999906423036,
RBSM_N06,E02,literature,RAM,7750.0,7750.0,0.0,0.0,100.0,True,True,False,ok,0.0007676999994146172,
RBSM_N06,E02,literature,TDM1,7750.0,7750.0,0.0,0.0,100.0,True,True,False,ok,0.0008720000005268957,
RBSM_N06,E02,literature,TDM2,7750.0,7950.0,200.0,2.5806451612903225,97.48427672955975,False,True,False,ok,0.0005701999998564133,
RBSM_N06,E02,literature,TDSM,7750.0,7750.0,0.0,0.0,100.0,True,True,False,ok,0.00028949999978067353,
RBSM_N06,E02,literature,THP,7750.0,7950.0,200.0,2.5806451612903225,97.48427672955975,False,True,False,ok,0.00031630000012228265,
RBSM_N06,E02,literature,SSM,7750.0,7750.0,0.0,0.0,100.0,True,True,False,ok,0.0002030000014201505,
RBSM_N06,E02,literature,CSM,7750.0,7750.0,0.0,0.0,100.0,True,True,False,ok,0.00016999999934341758,
RBSM_N06,E02,literature,RBSM,7750.0,7750.0,0.0,0.0,100.0,True,True,False,ok,0.00017209999896294903,
RBSM_N06,E02,literature,BCE,7750.0,7750.0,0.0,0.0,100.0,True,True,False,ok,0.00019160000010742806,
RBSM_N06,E02,literature,MRM,7750.0,10150.0,2400.0,30.967741935483872,76.35467980295566,False,True,True,ok,0.0001609999999345746,
RBSM_N07,E02,literature,NWCM,1160.0,1265.0,105.0,9.051724137931034,91.699604743083,False,True,False,ok,0.0001815999985410599,
RBSM_N07,E02,literature,LCM,1160.0,1165.0,5.0,0.43103448275862066,99.57081545064378,False,True,False,ok,0.0001548000000184402,
RBSM_N07,E02,literature,VAM,1160.0,1220.0,60.0,5.172413793103448,95.08196721311475,False,True,False,ok,0.000299299999824143,
RBSM_N07,E02,literature,LDVAM,1160.0,1165.0,5.0,0.43103448275862066,99.57081545064378,False,True,False,ok,0.0002626000004966045,
RBSM_N07,E02,literature,RAM,1160.0,1165.0,5.0,0.43103448275862066,99.57081545064378,False,True,False,ok,0.00031969999872671906,
RBSM_N07,E02,literature,TDM1,1160.0,1160.0,0.0,0.0,100.0,True,True,False,ok,0.00020729999960167333,
RBSM_N07,E02,literature,TDM2,1160.0,1165.0,5.0,0.43103448275862066,99.57081545064378,False,True,False,ok,0.00027149999914399814,
RBSM_N07,E02,literature,TDSM,1160.0,1160.0,0.0,0.0,100.0,True,True,False,ok,0.00020109999968553893,
RBSM_N07,E02,literature,THP,1160.0,1165.0,5.0,0.43103448275862066,99.57081545064378,False,True,False,ok,0.0004260000005160691,
RBSM_N07,E02,literature,SSM,1160.0,1165.0,5.0,0.43103448275862066,99.57081545064378,False,True,False,ok,0.00014659999942523427,
RBSM_N07,E02,literature,CSM,1160.0,1160.0,0.0,0.0,100.0,True,True,False,ok,0.00045119999958842527,
RBSM_N07,E02,literature,RBSM,1160.0,1160.0,0.0,0.0,100.0,True,True,False,ok,0.00031570000101055484,
RBSM_N07,E02,literature,BCE,1160.0,1170.0,10.0,0.8620689655172413,99.14529914529915,False,True,False,ok,0.0002855000002455199,
RBSM_N07,E02,literature,MRM,1160.0,1165.0,5.0,0.43103448275862066,99.57081545064378,False,True,False,ok,0.00014449999980570283,
RBSM_N08,E02,literature,NWCM,190.0,192.0,2.0,1.0526315789473684,98.95833333333333,False,True,False,ok,0.0001511999998911051,
RBSM_N08,E02,literature,LCM,190.0,192.0,2.0,1.0526315789473684,98.95833333333333,False,True,False,ok,0.00015560000065306667,
RBSM_N08,E02,literature,VAM,190.0,190.0,0.0,0.0,100.0,True,True,False,ok,0.00026000000070780516,
RBSM_N08,E02,literature,LDVAM,190.0,190.0,0.0,0.0,100.0,True,True,False,ok,0.00023770000007061753,
RBSM_N08,E02,literature,RAM,190.0,190.0,0.0,0.0,100.0,True,True,False,ok,0.00026480000087758526,
RBSM_N08,E02,literature,TDM1,190.0,190.0,0.0,0.0,100.0,True,True,False,ok,0.00019880000036209822,
RBSM_N08,E02,literature,TDM2,190.0,190.0,0.0,0.0,100.0,True,True,False,ok,0.000554599999304628,
RBSM_N08,E02,literature,TDSM,190.0,190.0,0.0,0.0,100.0,True,True,False,ok,0.000265800001216121,
RBSM_N08,E02,literature,THP,190.0,192.0,2.0,1.0526315789473684,98.95833333333333,False,True,False,ok,0.00027829999999084976,
RBSM_N08,E02,literature,SSM,190.0,196.0,6.0,3.1578947368421053,96.93877551020408,False,True,False,ok,0.0003212000010535121,
RBSM_N08,E02,literature,CSM,190.0,190.0,0.0,0.0,100.0,True,True,False,ok,0.00016490000052726828,
RBSM_N08,E02,literature,RBSM,190.0,190.0,0.0,0.0,100.0,True,True,False,ok,0.00014320000082079787,
RBSM_N08,E02,literature,BCE,190.0,192.0,2.0,1.0526315789473684,98.95833333333333,False,True,False,ok,0.00014449999980570283,
RBSM_N08,E02,literature,MRM,190.0,190.0,0.0,0.0,100.0,True,True,False,ok,0.00012659999993047677,
RBSM_N10,E02,literature,NWCM,910.0,1140.0,230.0,25.274725274725274,79.82456140350877,False,True,False,ok,0.00016119999963848386,
RBSM_N10,E02,literature,LCM,910.0,990.0,80.0,8.791208791208792,91.91919191919192,False,True,True,ok,0.0001277999999729218,
RBSM_N10,E02,literature,VAM,910.0,990.0,80.0,8.791208791208792,91.91919191919192,False,True,True,ok,0.0002575999988039257,
RBSM_N10,E02,literature,LDVAM,910.0,990.0,80.0,8.791208791208792,91.91919191919192,False,True,True,ok,0.00021130000095581636,
RBSM_N10,E02,literature,RAM,910.0,910.0,0.0,0.0,100.0,True,True,False,ok,0.00020430000040505547,
RBSM_N10,E02,literature,TDM1,910.0,990.0,80.0,8.791208791208792,91.91919191919192,False,True,True,ok,0.00017010000010486692,
RBSM_N10,E02,literature,TDM2,910.0,990.0,80.0,8.791208791208792,91.91919191919192,False,True,True,ok,0.00022629999875789508,
RBSM_N10,E02,literature,TDSM,910.0,990.0,80.0,8.791208791208792,91.91919191919192,False,True,True,ok,0.000170899998920504,
RBSM_N10,E02,literature,THP,910.0,990.0,80.0,8.791208791208792,91.91919191919192,False,True,True,ok,0.00021390000074461568,
RBSM_N10,E02,literature,SSM,910.0,960.0,50.0,5.4945054945054945,94.79166666666667,False,True,True,ok,0.00011500000073283445,
RBSM_N10,E02,literature,CSM,910.0,910.0,0.0,0.0,100.0,True,True,False,ok,0.00010840000140888151,
RBSM_N10,E02,literature,RBSM,910.0,910.0,0.0,0.0,100.0,True,True,False,ok,0.00010280000060447492,
RBSM_N10,E02,literature,BCE,910.0,910.0,0.0,0.0,100.0,True,True,False,ok,0.00011210000047867652,
RBSM_N10,E02,literature,MRM,910.0,990.0,80.0,8.791208791208792,91.91919191919192,False,True,True,ok,0.00012579999929585028,
RBSM_N11,E02,literature,NWCM,2460.0,3040.0,580.0,23.577235772357724,80.92105263157895,False,True,False,ok,0.0001511999998911051,
RBSM_N11,E02,literature,LCM,2460.0,2980.0,520.0,21.13821138211382,82.5503355704698,False,True,True,ok,0.0002690999990591081,
RBSM_N11,E02,literature,VAM,2460.0,2980.0,520.0,21.13821138211382,82.5503355704698,False,True,True,ok,0.0002426999999443069,
RBSM_N11,E02,literature,LDVAM,2460.0,2980.0,520.0,21.13821138211382,82.5503355704698,False,True,True,ok,0.0002150999989680713,
RBSM_N11,E02,literature,RAM,2460.0,2460.0,0.0,0.0,100.0,True,True,False,ok,0.0005675999982486246,
RBSM_N11,E02,literature,TDM1,2460.0,2980.0,520.0,21.13821138211382,82.5503355704698,False,True,True,ok,0.00038109999877633527,
RBSM_N11,E02,literature,TDM2,2460.0,2980.0,520.0,21.13821138211382,82.5503355704698,False,True,True,ok,0.00023940000028233044,
RBSM_N11,E02,literature,TDSM,2460.0,2500.0,40.0,1.6260162601626016,98.4,False,True,True,ok,0.00018829999862646218,
RBSM_N11,E02,literature,THP,2460.0,3280.0,820.0,33.333333333333336,75.0,False,True,True,ok,0.00029689999973925296,
RBSM_N11,E02,literature,SSM,2460.0,2500.0,40.0,1.6260162601626016,98.4,False,True,True,ok,0.0001274999995075632,
RBSM_N11,E02,literature,CSM,2460.0,2460.0,0.0,0.0,100.0,True,True,False,ok,0.0001098000011552358,
RBSM_N11,E02,literature,RBSM,2460.0,2460.0,0.0,0.0,100.0,True,True,False,ok,0.00010659999861672986,
RBSM_N11,E02,literature,BCE,2460.0,2460.0,0.0,0.0,100.0,True,True,False,ok,0.00010629999997036066,
RBSM_N11,E02,literature,MRM,2460.0,2500.0,40.0,1.6260162601626016,98.4,False,True,True,ok,0.00012590000005729962,
RBSM_N12,E02,literature,NWCM,425.0,545.0,120.0,28.235294117647058,77.98165137614679,False,True,True,ok,0.00014100000043981709,
RBSM_N12,E02,literature,LCM,425.0,433.0,8.0,1.8823529411764706,98.15242494226328,False,True,False,ok,0.00012009999954898376,
RBSM_N12,E02,literature,VAM,425.0,425.0,0.0,0.0,100.0,True,True,False,ok,0.0002417999985482311,
RBSM_N12,E02,literature,LDVAM,425.0,425.0,0.0,0.0,100.0,True,True,False,ok,0.00019579999934649095,
RBSM_N12,E02,literature,RAM,425.0,425.0,0.0,0.0,100.0,True,True,False,ok,0.0001702999998087762,
RBSM_N12,E02,literature,TDM1,425.0,425.0,0.0,0.0,100.0,True,True,False,ok,0.00016959999993559904,
RBSM_N12,E02,literature,TDM2,425.0,439.0,14.0,3.2941176470588234,96.81093394077449,False,True,False,ok,0.00021289999858709052,
RBSM_N12,E02,literature,TDSM,425.0,425.0,0.0,0.0,100.0,True,True,False,ok,0.00017300000035902485,
RBSM_N12,E02,literature,THP,425.0,425.0,0.0,0.0,100.0,True,True,False,ok,0.00022510000053443946,
RBSM_N12,E02,literature,SSM,425.0,425.0,0.0,0.0,100.0,True,True,False,ok,0.00011650000124063808,
RBSM_N12,E02,literature,CSM,425.0,439.0,14.0,3.2941176470588234,96.81093394077449,False,True,False,ok,0.00010740000107034575,
RBSM_N12,E02,literature,RBSM,425.0,425.0,0.0,0.0,100.0,True,True,False,ok,0.00010250000013911631,
RBSM_N12,E02,literature,BCE,425.0,439.0,14.0,3.2941176470588234,96.81093394077449,False,True,False,ok,0.00010419999853183981,
RBSM_N12,E02,literature,MRM,425.0,425.0,0.0,0.0,100.0,True,True,False,ok,0.00011380000069038942,
RBSM_N14,E02,literature,NWCM,920.0,980.0,60.0,6.521739130434782,93.87755102040816,False,True,True,ok,0.0001475000008213101,
RBSM_N14,E02,literature,LCM,920.0,960.0,40.0,4.3478260869565215,95.83333333333333,False,True,False,ok,0.00013659999967785552,
RBSM_N14,E02,literature,VAM,920.0,960.0,40.0,4.3478260869565215,95.83333333333333,False,True,False,ok,0.00033369999982824083,
RBSM_N14,E02,literature,LDVAM,920.0,960.0,40.0,4.3478260869565215,95.83333333333333,False,True,False,ok,0.0007291999991139164,
RBSM_N14,E02,literature,RAM,920.0,930.0,10.0,1.0869565217391304,98.9247311827957,False,True,True,ok,0.000791899999967427,
RBSM_N14,E02,literature,TDM1,920.0,960.0,40.0,4.3478260869565215,95.83333333333333,False,True,False,ok,0.0004155999995418824,
RBSM_N14,E02,literature,TDM2,920.0,960.0,40.0,4.3478260869565215,95.83333333333333,False,True,False,ok,0.00029319999885046855,
RBSM_N14,E02,literature,TDSM,920.0,960.0,40.0,4.3478260869565215,95.83333333333333,False,True,False,ok,0.00020460000087041408,
RBSM_N14,E02,literature,THP,920.0,920.0,0.0,0.0,100.0,True,True,False,ok,0.00026839999918593094,
RBSM_N14,E02,literature,SSM,920.0,920.0,0.0,0.0,100.0,True,True,False,ok,0.00022450000142271165,
RBSM_N14,E02,literature,CSM,920.0,920.0,0.0,0.0,100.0,True,True,False,ok,0.0001236000007338589,
RBSM_N14,E02,literature,RBSM,920.0,920.0,0.0,0.0,100.0,True,True,False,ok,0.00011509999967529438,
RBSM_N14,E02,literature,BCE,920.0,920.0,0.0,0.0,100.0,True,True,False,ok,0.00011589999849093147,
RBSM_N14,E02,literature,MRM,920.0,960.0,40.0,4.3478260869565215,95.83333333333333,False,True,False,ok,0.0002624000007926952,
RBSM_N15,E02,literature,NWCM,156.0,226.0,70.0,44.87179487179487,69.02654867256638,False,True,False,ok,0.00015760000133013818,
RBSM_N15,E02,literature,LCM,156.0,156.0,0.0,0.0,100.0,True,True,False,ok,0.00014010000086273067,
RBSM_N15,E02,literature,VAM,156.0,156.0,0.0,0.0,100.0,True,True,False,ok,0.0003025999994861195,
RBSM_N15,E02,literature,LDVAM,156.0,156.0,0.0,0.0,100.0,True,True,False,ok,0.0002517000011721393,
RBSM_N15,E02,literature,RAM,156.0,156.0,0.0,0.0,100.0,True,True,False,ok,0.00027380000028642826,
RBSM_N15,E02,literature,TDM1,156.0,156.0,0.0,0.0,100.0,True,True,False,ok,0.0008280999991256977,
RBSM_N15,E02,literature,TDM2,156.0,156.0,0.0,0.0,100.0,True,True,False,ok,0.0005698999993910547,
RBSM_N15,E02,literature,TDSM,156.0,156.0,0.0,0.0,100.0,True,True,False,ok,0.00022819999867351726,
RBSM_N15,E02,literature,THP,156.0,156.0,0.0,0.0,100.0,True,True,False,ok,0.00026049999905808363,
RBSM_N15,E02,literature,SSM,156.0,156.0,0.0,0.0,100.0,True,True,False,ok,0.00011779999840655364,
RBSM_N15,E02,literature,CSM,156.0,156.0,0.0,0.0,100.0,True,True,False,ok,0.00010629999997036066,
RBSM_N15,E02,literature,RBSM,156.0,156.0,0.0,0.0,100.0,True,True,False,ok,0.00010840000140888151,
RBSM_N15,E02,literature,BCE,156.0,156.0,0.0,0.0,100.0,True,True,False,ok,0.00010750000001280569,
RBSM_N15,E02,literature,MRM,156.0,156.0,0.0,0.0,100.0,True,True,False,ok,0.00012799999967683107,
RBSM_N16,E02,literature,NWCM,1510.0,1650.0,140.0,9.271523178807946,91.51515151515152,False,True,True,ok,0.00013840000065101776,
RBSM_N16,E02,literature,LCM,1510.0,1650.0,140.0,9.271523178807946,91.51515151515152,False,True,False,ok,0.00013419999959296547,
RBSM_N16,E02,literature,VAM,1510.0,1590.0,80.0,5.298013245033113,94.96855345911949,False,True,True,ok,0.00022979999994277023,
RBSM_N16,E02,literature,LDVAM,1510.0,1590.0,80.0,5.298013245033113,94.96855345911949,False,True,True,ok,0.00021860000015294645,
RBSM_N16,E02,literature,RAM,1510.0,1510.0,0.0,0.0,100.0,True,True,True,ok,0.0001905999997688923,
RBSM_N16,E02,literature,TDM1,1510.0,1590.0,80.0,5.298013245033113,94.96855345911949,False,True,True,ok,0.00017519999892101623,
RBSM_N16,E02,literature,TDM2,1510.0,1590.0,80.0,5.298013245033113,94.96855345911949,False,True,True,ok,0.00023500000133935828,
RBSM_N16,E02,literature,TDSM,1510.0,1590.0,80.0,5.298013245033113,94.96855345911949,False,True,True,ok,0.00017290000141656492,
RBSM_N16,E02,literature,THP,1510.0,1650.0,140.0,9.271523178807946,91.51515151515152,False,True,True,ok,0.00023039999905449804,
RBSM_N16,E02,literature,SSM,1510.0,1510.0,0.0,0.0,100.0,True,True,True,ok,0.00012099999912607018,
RBSM_N16,E02,literature,CSM,1510.0,1510.0,0.0,0.0,100.0,True,True,True,ok,0.00011389999963284936,
RBSM_N16,E02,literature,RBSM,1510.0,1590.0,80.0,5.298013245033113,94.96855345911949,False,True,True,ok,0.00011420000009820797,
RBSM_N16,E02,literature,BCE,1510.0,1530.0,20.0,1.3245033112582782,98.69281045751634,False,True,True,ok,0.00023689999943599105,
RBSM_N16,E02,literature,MRM,1510.0,1510.0,0.0,0.0,100.0,True,True,True,ok,0.0005262000013317447,
RBSM_N18,E02,literature,NWCM,1650.0,1815.0,165.0,10.0,90.9090909090909,False,True,False,ok,0.00017860000116343144,
RBSM_N18,E02,literature,LCM,1650.0,1885.0,235.0,14.242424242424242,87.53315649867373,False,True,False,ok,0.0001419000000169035,
RBSM_N18,E02,literature,VAM,1650.0,1745.0,95.0,5.757575757575758,94.55587392550143,False,True,False,ok,0.00027039999986300245,
RBSM_N18,E02,literature,LDVAM,1650.0,1745.0,95.0,5.757575757575758,94.55587392550143,False,True,False,ok,0.00023770000007061753,
RBSM_N18,E02,literature,RAM,1650.0,1745.0,95.0,5.757575757575758,94.55587392550143,False,True,False,ok,0.0002007000002777204,
RBSM_N18,E02,literature,TDM1,1650.0,1650.0,0.0,0.0,100.0,True,True,False,ok,0.00020909999875584617,
RBSM_N18,E02,literature,TDM2,1650.0,1650.0,0.0,0.0,100.0,True,True,False,ok,0.00038109999877633527,
RBSM_N18,E02,literature,TDSM,1650.0,1650.0,0.0,0.0,100.0,True,True,False,ok,0.0002257999985886272,
RBSM_N18,E02,literature,THP,1650.0,1695.0,45.0,2.727272727272727,97.34513274336283,False,True,False,ok,0.00046330000077432487,
RBSM_N18,E02,literature,SSM,1650.0,1650.0,0.0,0.0,100.0,True,True,False,ok,0.0003529999994498212,
RBSM_N18,E02,literature,CSM,1650.0,1655.0,5.0,0.30303030303030304,99.69788519637463,False,True,False,ok,0.00017179999849759042,
RBSM_N18,E02,literature,RBSM,1650.0,1655.0,5.0,0.30303030303030304,99.69788519637463,False,True,False,ok,0.00014679999912914354,
RBSM_N18,E02,literature,BCE,1650.0,1650.0,0.0,0.0,100.0,True,True,False,ok,0.00015069999972183723,
RBSM_N18,E02,literature,MRM,1650.0,1650.0,0.0,0.0,100.0,True,True,False,ok,0.000130899999930989,
RBSM_N21,E02,literature,NWCM,4205.0,5295.0,1090.0,25.92152199762188,79.41454202077432,False,True,True,ok,0.0001554000009491574,
RBSM_N21,E02,literature,LCM,4205.0,4329.0,124.0,2.948870392390012,97.13559713559714,False,True,False,ok,0.00012649999916902743,
RBSM_N21,E02,literature,VAM,4205.0,4205.0,0.0,0.0,100.0,True,True,False,ok,0.0002462999982526526,
RBSM_N21,E02,literature,LDVAM,4205.0,4205.0,0.0,0.0,100.0,True,True,False,ok,0.00020000000040454324,
RBSM_N21,E02,literature,RAM,4205.0,4205.0,0.0,0.0,100.0,True,True,False,ok,0.0003178000006300863,
RBSM_N21,E02,literature,TDM1,4205.0,4205.0,0.0,0.0,100.0,True,True,False,ok,0.00017970000044442713,
RBSM_N21,E02,literature,TDM2,4205.0,4429.0,224.0,5.326991676575505,94.94242492662,False,True,False,ok,0.00022369999896909576,
RBSM_N21,E02,literature,TDSM,4205.0,4205.0,0.0,0.0,100.0,True,True,False,ok,0.00018260000069858506,
RBSM_N21,E02,literature,THP,4205.0,4205.0,0.0,0.0,100.0,True,True,False,ok,0.0010983000011037802,
RBSM_N21,E02,literature,SSM,4205.0,4205.0,0.0,0.0,100.0,True,True,False,ok,0.00021609999930660706,
RBSM_N21,E02,literature,CSM,4205.0,4429.0,224.0,5.326991676575505,94.94242492662,False,True,False,ok,0.00034869999944930896,
RBSM_N21,E02,literature,RBSM,4205.0,4205.0,0.0,0.0,100.0,True,True,False,ok,0.00011819999963336159,
RBSM_N21,E02,literature,BCE,4205.0,4429.0,224.0,5.326991676575505,94.94242492662,False,True,False,ok,0.00010709999878599774,
RBSM_N21,E02,literature,MRM,4205.0,4205.0,0.0,0.0,100.0,True,True,False,ok,0.00021629999901051633,
RBSM_N22,E02,literature,NWCM,12075.0,12200.0,125.0,1.0351966873706004,98.97540983606558,False,True,False,ok,0.0001570999993418809,
RBSM_N22,E02,literature,LCM,12075.0,12825.0,750.0,6.211180124223603,94.15204678362574,False,True,False,ok,0.00013939999917056412,
RBSM_N22,E02,literature,VAM,12075.0,12075.0,0.0,0.0,100.0,True,True,False,ok,0.0002564000005804701,
RBSM_N22,E02,literature,LDVAM,12075.0,12075.0,0.0,0.0,100.0,True,True,False,ok,0.0002432000001135748,
RBSM_N22,E02,literature,RAM,12075.0,12075.0,0.0,0.0,100.0,True,True,False,ok,0.000353900000845897,
RBSM_N22,E02,literature,TDM1,12075.0,12200.0,125.0,1.0351966873706004,98.97540983606558,False,True,False,ok,0.00020360000053187832,
RBSM_N22,E02,literature,TDM2,12075.0,12200.0,125.0,1.0351966873706004,98.97540983606558,False,True,False,ok,0.00038379999932658393,
RBSM_N22,E02,literature,TDSM,12075.0,12200.0,125.0,1.0351966873706004,98.97540983606558,False,True,False,ok,0.0002522000013414072,
RBSM_N22,E02,literature,THP,12075.0,12200.0,125.0,1.0351966873706004,98.97540983606558,False,True,False,ok,0.0003006000006280374,
RBSM_N22,E02,literature,SSM,12075.0,12075.0,0.0,0.0,100.0,True,True,False,ok,0.0001235999989148695,
RBSM_N22,E02,literature,CSM,12075.0,12075.0,0.0,0.0,100.0,True,True,False,ok,0.00011749999976018444,
RBSM_N22,E02,literature,RBSM,12075.0,12075.0,0.0,0.0,100.0,True,True,False,ok,0.0001159999992523808,
RBSM_N22,E02,literature,BCE,12075.0,12700.0,625.0,5.175983436853002,95.07874015748031,False,True,False,ok,0.00012869999955000822,
RBSM_N22,E02,literature,MRM,12075.0,12200.0,125.0,1.0351966873706004,98.97540983606558,False,True,False,ok,0.00013790000048174988,
RBSM_N23,E02,literature,NWCM,23.0,33.0,10.0,43.47826086956522,69.6969696969697,False,True,True,ok,0.00013550000039685983,
RBSM_N23,E02,literature,LCM,23.0,23.0,0.0,0.0,100.0,True,True,True,ok,0.00012280000009923242,
RBSM_N23,E02,literature,VAM,23.0,23.0,0.0,0.0,100.0,True,True,True,ok,0.0002413000001979526,
RBSM_N23,E02,literature,LDVAM,23.0,23.0,0.0,0.0,100.0,True,True,True,ok,0.0002237999997305451,
RBSM_N23,E02,literature,RAM,23.0,23.0,0.0,0.0,100.0,True,True,True,ok,0.00019380000048840884,
RBSM_N23,E02,literature,TDM1,23.0,23.0,0.0,0.0,100.0,True,True,True,ok,0.0001778999994712649,
RBSM_N23,E02,literature,TDM2,23.0,23.0,0.0,0.0,100.0,True,True,True,ok,0.00023890000011306256,
RBSM_N23,E02,literature,TDSM,23.0,23.0,0.0,0.0,100.0,True,True,True,ok,0.00031940000008034986,
RBSM_N23,E02,literature,THP,23.0,23.0,0.0,0.0,100.0,True,True,True,ok,0.00023049999981594738,
RBSM_N23,E02,literature,SSM,23.0,23.0,0.0,0.0,100.0,True,True,True,ok,0.0001097999993362464,
RBSM_N23,E02,literature,CSM,23.0,23.0,0.0,0.0,100.0,True,True,True,ok,8.780000098340679e-05,
RBSM_N23,E02,literature,RBSM,23.0,23.0,0.0,0.0,100.0,True,True,True,ok,8.330000127898529e-05,
RBSM_N23,E02,literature,BCE,23.0,23.0,0.0,0.0,100.0,True,True,True,ok,0.0003609000013966579,
RBSM_N23,E02,literature,MRM,23.0,23.0,0.0,0.0,100.0,True,True,True,ok,0.00012590000005729962,
RBSM_N25,E02,literature,NWCM,809.0,985.0,176.0,21.755253399258343,82.13197969543147,False,True,False,ok,0.00035799999932351056,
RBSM_N25,E02,literature,LCM,809.0,894.0,85.0,10.506798516687269,90.49217002237137,False,True,False,ok,0.0001505999989603879,
RBSM_N25,E02,literature,VAM,809.0,849.0,40.0,4.944375772558715,95.28857479387514,False,True,False,ok,0.00025909999931172933,
RBSM_N25,E02,literature,LDVAM,809.0,849.0,40.0,4.944375772558715,95.28857479387514,False,True,False,ok,0.00035039999966102187,
RBSM_N25,E02,literature,RAM,809.0,865.0,56.0,6.9221260815822,93.52601156069365,False,True,False,ok,0.00022499999977299012,
RBSM_N25,E02,literature,TDM1,809.0,849.0,40.0,4.944375772558715,95.28857479387514,False,True,False,ok,0.0002044000011665048,
RBSM_N25,E02,literature,TDM2,809.0,849.0,40.0,4.944375772558715,95.28857479387514,False,True,False,ok,0.00027269999918644316,
RBSM_N25,E02,literature,TDSM,809.0,855.0,46.0,5.686032138442521,94.61988304093568,False,True,False,ok,0.00019899999824701808,
RBSM_N25,E02,literature,THP,809.0,894.0,85.0,10.506798516687269,90.49217002237137,False,True,False,ok,0.0002690999990591081,
RBSM_N25,E02,literature,SSM,809.0,809.0,0.0,0.0,100.0,True,True,False,ok,0.00021159999960218556,
RBSM_N25,E02,literature,CSM,809.0,849.0,40.0,4.944375772558715,95.28857479387514,False,True,False,ok,0.0001401999998051906,
RBSM_N25,E02,literature,RBSM,809.0,849.0,40.0,4.944375772558715,95.28857479387514,False,True,False,ok,0.00011360000098648015,
RBSM_N25,E02,literature,BCE,809.0,809.0,0.0,0.0,100.0,True,True,False,ok,0.0002367999986745417,
RBSM_N25,E02,literature,MRM,809.0,809.0,0.0,0.0,100.0,True,True,False,ok,0.0001277999999729218,
RBSM_N26,E02,literature,NWCM,490.0,1286.0,796.0,162.44897959183675,38.102643856920686,False,True,False,ok,0.00018049999926006421,
RBSM_N26,E02,literature,LCM,490.0,748.0,258.0,52.6530612244898,65.50802139037434,False,True,False,ok,0.00017590000061318278,
RBSM_N26,E02,literature,VAM,490.0,490.0,0.0,0.0,100.0,True,True,False,ok,0.0003620000006776536,
RBSM_N26,E02,literature,LDVAM,490.0,490.0,0.0,0.0,100.0,True,True,False,ok,0.00034100000084436033,
RBSM_N26,E02,literature,RAM,490.0,502.0,12.0,2.4489795918367347,97.60956175298804,False,True,False,ok,0.00028920000113430433,
RBSM_N26,E02,literature,TDM1,490.0,532.0,42.0,8.571428571428571,92.10526315789474,False,True,False,ok,0.0002842999983840855,
RBSM_N26,E02,literature,TDM2,490.0,492.0,2.0,0.40816326530612246,99.59349593495935,False,True,False,ok,0.00039509999987785704,
RBSM_N26,E02,literature,TDSM,490.0,532.0,42.0,8.571428571428571,92.10526315789474,False,True,False,ok,0.0002777999998215819,
RBSM_N26,E02,literature,THP,490.0,532.0,42.0,8.571428571428571,92.10526315789474,False,True,False,ok,0.00035910000042349566,
RBSM_N26,E02,literature,SSM,490.0,490.0,0.0,0.0,100.0,True,True,False,ok,0.0001785000004019821,
RBSM_N26,E02,literature,CSM,490.0,490.0,0.0,0.0,100.0,True,True,False,ok,0.00018989999989571515,
RBSM_N26,E02,literature,RBSM,490.0,490.0,0.0,0.0,100.0,True,True,False,ok,0.00016839999989315402,
RBSM_N26,E02,literature,BCE,490.0,490.0,0.0,0.0,100.0,True,True,False,ok,0.00020420000146259554,
RBSM_N26,E02,literature,MRM,490.0,532.0,42.0,8.571428571428571,92.10526315789474,False,True,False,ok,0.00018900000031862874,
RBSM_N27,E02,literature,NWCM,59356.0,68969.0,9613.0,16.195498348945346,86.06185387637925,False,True,False,ok,0.0005221999999776017,
RBSM_N27,E02,literature,LCM,59356.0,72174.0,12818.0,21.5951209650246,82.24014187934714,False,True,False,ok,0.000506899999891175,
RBSM_N27,E02,literature,VAM,59356.0,68804.0,9448.0,15.917514657321922,86.26824021859194,False,True,False,ok,0.0006071999996493105,
RBSM_N27,E02,literature,LDVAM,59356.0,68804.0,9448.0,15.917514657321922,86.26824021859194,False,True,False,ok,0.00048100000094564166,
RBSM_N27,E02,literature,RAM,59356.0,59356.0,0.0,0.0,100.0,True,True,True,ok,0.0004715999984910013,
RBSM_N27,E02,literature,TDM1,59356.0,68559.0,9203.0,15.504750994002292,86.57652532854914,False,True,False,ok,0.00050809999993362,
RBSM_N27,E02,literature,TDM2,59356.0,68559.0,9203.0,15.504750994002292,86.57652532854914,False,True,False,ok,0.0005047999984526541,
RBSM_N27,E02,literature,TDSM,59356.0,68559.0,9203.0,15.504750994002292,86.57652532854914,False,True,False,ok,0.00033959999927901663,
RBSM_N27,E02,literature,THP,59356.0,66587.0,7231.0,12.182424691690814,89.14052292489525,False,True,False,ok,0.0005577000010816846,
RBSM_N27,E02,literature,SSM,59356.0,59356.0,0.0,0.0,100.0,True,True,True,ok,0.0001754000004439149,
RBSM_N27,E02,literature,CSM,59356.0,59356.0,0.0,0.0,100.0,True,True,True,ok,0.00016259999938483816,
RBSM_N27,E02,literature,RBSM,59356.0,59356.0,0.0,0.0,100.0,True,True,True,ok,0.00023569999939354602,
RBSM_N27,E02,literature,BCE,59356.0,64499.0,5143.0,8.66466743041984,92.02623296485217,False,True,False,ok,0.0002015999998548068,
RBSM_N27,E02,literature,MRM,59356.0,66587.0,7231.0,12.182424691690814,89.14052292489525,False,True,False,ok,0.00018290000116394367,
RBSM_N28,E02,literature,NWCM,2090.0,3830.0,1740.0,83.2535885167464,54.56919060052219,False,True,False,ok,0.00017839999964053277,
RBSM_N28,E02,literature,LCM,2090.0,3490.0,1400.0,66.98564593301435,59.88538681948424,False,True,False,ok,0.0001545999984955415,
RBSM_N28,E02,literature,VAM,2090.0,2090.0,0.0,0.0,100.0,True,True,False,ok,0.00030899999910616316,
RBSM_N28,E02,literature,LDVAM,2090.0,2690.0,600.0,28.708133971291865,77.69516728624535,False,True,False,ok,0.0003166999995301012,
RBSM_N28,E02,literature,RAM,2090.0,2140.0,50.0,2.3923444976076556,97.66355140186916,False,True,False,ok,0.00024400000074820127,
RBSM_N28,E02,literature,TDM1,2090.0,2090.0,0.0,0.0,100.0,True,True,False,ok,0.0002432000001135748,
RBSM_N28,E02,literature,TDM2,2090.0,2540.0,450.0,21.5311004784689,82.28346456692914,False,True,False,ok,0.00033199999961652793,
RBSM_N28,E02,literature,TDSM,2090.0,2090.0,0.0,0.0,100.0,True,True,False,ok,0.00024170000142476056,
RBSM_N28,E02,literature,THP,2090.0,3610.0,1520.0,72.72727272727273,57.89473684210526,False,True,False,ok,0.0003063000003749039,
RBSM_N28,E02,literature,SSM,2090.0,2090.0,0.0,0.0,100.0,True,True,False,ok,0.00016880000111996196,
RBSM_N28,E02,literature,CSM,2090.0,2090.0,0.0,0.0,100.0,True,True,False,ok,0.0001627000001462875,
RBSM_N28,E02,literature,RBSM,2090.0,2090.0,0.0,0.0,100.0,True,True,False,ok,0.0001716999995551305,
RBSM_N28,E02,literature,BCE,2090.0,2090.0,0.0,0.0,100.0,True,True,False,ok,0.0001613000003999332,
RBSM_N28,E02,literature,MRM,2090.0,2280.0,190.0,9.090909090909092,91.66666666666667,False,True,False,ok,0.0001399000011588214,
RBSM_N29,E02,literature,NWCM,3857.0,3983.0,126.0,3.266787658802178,96.8365553602812,False,True,True,ok,0.00041369999962626025,
RBSM_N29,E02,literature,LCM,3857.0,4504.0,647.0,16.774695359087374,85.63499111900533,False,True,False,ok,0.00015970000094966963,
RBSM_N29,E02,literature,VAM,3857.0,3857.0,0.0,0.0,100.0,True,True,True,ok,0.00022469999930763151,
RBSM_N29,E02,literature,LDVAM,3857.0,3857.0,0.0,0.0,100.0,True,True,True,ok,0.0002119999990100041,
RBSM_N29,E02,literature,RAM,3857.0,3857.0,0.0,0.0,100.0,True,True,True,ok,0.00018929999896499794,
RBSM_N29,E02,literature,TDM1,3857.0,3857.0,0.0,0.0,100.0,True,True,True,ok,0.00020880000010947697,
RBSM_N29,E02,literature,TDM2,3857.0,3857.0,0.0,0.0,100.0,True,True,True,ok,0.00022880000142322388,
RBSM_N29,E02,literature,TDSM,3857.0,3857.0,0.0,0.0,100.0,True,True,True,ok,0.0001902999993035337,
RBSM_N29,E02,literature,THP,3857.0,3857.0,0.0,0.0,100.0,True,True,True,ok,0.00021689999994123355,
RBSM_N29,E02,literature,SSM,3857.0,3857.0,0.0,0.0,100.0,True,True,True,ok,0.00013250000120024197,
RBSM_N29,E02,literature,CSM,3857.0,3857.0,0.0,0.0,100.0,True,True,True,ok,0.00012260000039532315,
RBSM_N29,E02,literature,RBSM,3857.0,3857.0,0.0,0.0,100.0,True,True,True,ok,0.000133700001242687,
RBSM_N29,E02,literature,BCE,3857.0,3857.0,0.0,0.0,100.0,True,True,True,ok,0.00012420000166457612,
RBSM_N29,E02,literature,MRM,3857.0,3857.0,0.0,0.0,100.0,True,True,True,ok,0.00012400000014167745,
RBSM_N31,E02,literature,NWCM,1480.0,1990.0,510.0,34.45945945945946,74.37185929648241,False,True,True,ok,0.00014199999895936344,
RBSM_N31,E02,literature,LCM,1480.0,1480.0,0.0,0.0,100.0,True,True,True,ok,0.0001441000003978843,
RBSM_N31,E02,literature,VAM,1480.0,1480.0,0.0,0.0,100.0,True,True,True,ok,0.00022790000002714805,
RBSM_N31,E02,literature,LDVAM,1480.0,1480.0,0.0,0.0,100.0,True,True,True,ok,0.0003245999996579485,
RBSM_N31,E02,literature,RAM,1480.0,1480.0,0.0,0.0,100.0,True,True,True,ok,0.0001902999993035337,
RBSM_N31,E02,literature,TDM1,1480.0,1480.0,0.0,0.0,100.0,True,True,True,ok,0.00017970000044442713,
RBSM_N31,E02,literature,TDM2,1480.0,1480.0,0.0,0.0,100.0,True,True,True,ok,0.0002502000006643357,
RBSM_N31,E02,literature,TDSM,1480.0,1480.0,0.0,0.0,100.0,True,True,True,ok,0.0006550000016432023,
RBSM_N31,E02,literature,THP,1480.0,1480.0,0.0,0.0,100.0,True,True,True,ok,0.000264600001173676,
RBSM_N31,E02,literature,SSM,1480.0,1480.0,0.0,0.0,100.0,True,True,True,ok,0.00010690000090107787,
RBSM_N31,E02,literature,CSM,1480.0,1480.0,0.0,0.0,100.0,True,True,True,ok,9.249999857274815e-05,
RBSM_N31,E02,literature,RBSM,1480.0,1480.0,0.0,0.0,100.0,True,True,True,ok,8.650000017951243e-05,
RBSM_N31,E02,literature,BCE,1480.0,1480.0,0.0,0.0,100.0,True,True,True,ok,0.0003712999987328658,
RBSM_N31,E02,literature,MRM,1480.0,1480.0,0.0,0.0,100.0,True,True,True,ok,0.00031879999914963264,
RBSM_N32,E02,literature,NWCM,1780.0,2510.0,730.0,41.01123595505618,70.91633466135458,False,True,True,ok,0.00017079999997804407,
RBSM_N32,E02,literature,LCM,1780.0,1820.0,40.0,2.247191011235955,97.8021978021978,False,True,True,ok,0.00017449999904783908,
RBSM_N32,E02,literature,VAM,1780.0,1820.0,40.0,2.247191011235955,97.8021978021978,False,True,True,ok,0.0007166000013967277,
RBSM_N32,E02,literature,LDVAM,1780.0,1820.0,40.0,2.247191011235955,97.8021978021978,False,True,True,ok,0.00034729999970295466,
RBSM_N32,E02,literature,RAM,1780.0,1820.0,40.0,2.247191011235955,97.8021978021978,False,True,True,ok,0.0005115999992995057,
RBSM_N32,E02,literature,TDM1,1780.0,1780.0,0.0,0.0,100.0,True,True,True,ok,0.00024650000159454066,
RBSM_N32,E02,literature,TDM2,1780.0,1780.0,0.0,0.0,100.0,True,True,True,ok,0.00037369999881775584,
RBSM_N32,E02,literature,TDSM,1780.0,1780.0,0.0,0.0,100.0,True,True,True,ok,0.0005742000012105564,
RBSM_N32,E02,literature,THP,1780.0,1820.0,40.0,2.247191011235955,97.8021978021978,False,True,True,ok,0.0007562999999208841,
RBSM_N32,E02,literature,SSM,1780.0,1820.0,40.0,2.247191011235955,97.8021978021978,False,True,True,ok,0.00015900000107649248,
RBSM_N32,E02,literature,CSM,1780.0,1780.0,0.0,0.0,100.0,True,True,True,ok,0.00013359999866224825,
RBSM_N32,E02,literature,RBSM,1780.0,1780.0,0.0,0.0,100.0,True,True,True,ok,0.00017740000112098642,
RBSM_N32,E02,literature,BCE,1780.0,1780.0,0.0,0.0,100.0,True,True,True,ok,0.00013700000090466347,
RBSM_N32,E02,literature,MRM,1780.0,1780.0,0.0,0.0,100.0,True,True,True,ok,0.0001733999997668434,
RBSM_N33,E02,literature,NWCM,1250.0,1430.0,180.0,14.4,87.41258741258741,False,True,False,ok,0.00020369999947433826,
RBSM_N33,E02,literature,LCM,1250.0,1590.0,340.0,27.2,78.61635220125787,False,True,True,ok,0.00011280000035185367,
RBSM_N33,E02,literature,VAM,1250.0,1430.0,180.0,14.4,87.41258741258741,False,True,False,ok,0.0004092999988642987,
RBSM_N33,E02,literature,LDVAM,1250.0,1430.0,180.0,14.4,87.41258741258741,False,True,False,ok,0.00022300000091490801,
RBSM_N33,E02,literature,RAM,1250.0,1250.0,0.0,0.0,100.0,True,True,False,ok,0.00017699999989417847,
RBSM_N33,E02,literature,TDM1,1250.0,1250.0,0.0,0.0,100.0,True,True,False,ok,0.00017049999951268546,
RBSM_N33,E02,literature,TDM2,1250.0,1250.0,0.0,0.0,100.0,True,True,False,ok,0.00022109999918029644,
RBSM_N33,E02,literature,TDSM,1250.0,1250.0,0.0,0.0,100.0,True,True,False,ok,0.0002590000003692694,
RBSM_N33,E02,literature,THP,1250.0,1250.0,0.0,0.0,100.0,True,True,False,ok,0.00021439999909489416,
RBSM_N33,E02,literature,SSM,1250.0,1310.0,60.0,4.8,95.41984732824427,False,True,True,ok,0.00010920000022451859,
RBSM_N33,E02,literature,CSM,1250.0,1310.0,60.0,4.8,95.41984732824427,False,True,True,ok,0.00010109999857377261,
RBSM_N33,E02,literature,RBSM,1250.0,1310.0,60.0,4.8,95.41984732824427,False,True,True,ok,9.719999980006833e-05,
RBSM_N33,E02,literature,BCE,1250.0,1310.0,60.0,4.8,95.41984732824427,False,True,True,ok,0.00015159999929892365,
RBSM_N33,E02,literature,MRM,1250.0,1250.0,0.0,0.0,100.0,True,True,False,ok,0.0001489000005676644,
RBSM_N34,E02,literature,NWCM,510.0,635.0,125.0,24.50980392156863,80.31496062992126,False,True,False,ok,0.00019120000069960952,
RBSM_N34,E02,literature,LCM,510.0,510.0,0.0,0.0,100.0,True,True,True,ok,0.00018509999972593505,
RBSM_N34,E02,literature,VAM,510.0,510.0,0.0,0.0,100.0,True,True,True,ok,0.00031710000075690914,
RBSM_N34,E02,literature,LDVAM,510.0,510.0,0.0,0.0,100.0,True,True,True,ok,0.00043449999975564424,
RBSM_N34,E02,literature,RAM,510.0,510.0,0.0,0.0,100.0,True,True,True,ok,0.00026140000045415945,
RBSM_N34,E02,literature,TDM1,510.0,510.0,0.0,0.0,100.0,True,True,True,ok,0.00025830000049609225,
RBSM_N34,E02,literature,TDM2,510.0,510.0,0.0,0.0,100.0,True,True,True,ok,0.00037370000063674524,
RBSM_N34,E02,literature,TDSM,510.0,510.0,0.0,0.0,100.0,True,True,True,ok,0.0002598999999463558,
RBSM_N34,E02,literature,THP,510.0,520.0,10.0,1.9607843137254901,98.07692307692308,False,True,False,ok,0.000377200000002631,
RBSM_N34,E02,literature,SSM,510.0,510.0,0.0,0.0,100.0,True,True,True,ok,0.00014460000056715216,
RBSM_N34,E02,literature,CSM,510.0,510.0,0.0,0.0,100.0,True,True,True,ok,0.00011190000077476725,
RBSM_N34,E02,literature,RBSM,510.0,510.0,0.0,0.0,100.0,True,True,True,ok,0.00011140000060549937,
RBSM_N34,E02,literature,BCE,510.0,510.0,0.0,0.0,100.0,True,True,True,ok,0.0001052999996318249,
RBSM_N34,E02,literature,MRM,510.0,510.0,0.0,0.0,100.0,True,True,True,ok,0.0001792999992176192,
RBSM_N35,E02,literature,NWCM,280.0,330.0,50.0,17.857142857142858,84.84848484848484,False,True,False,ok,0.00014860000010230578,
RBSM_N35,E02,literature,LCM,280.0,320.0,40.0,14.285714285714286,87.5,False,True,False,ok,0.00015589999929943588,
RBSM_N35,E02,literature,VAM,280.0,320.0,40.0,14.285714285714286,87.5,False,True,False,ok,0.0002548000011302065,
RBSM_N35,E02,literature,LDVAM,280.0,320.0,40.0,14.285714285714286,87.5,False,True,False,ok,0.0002401000001555076,
RBSM_N35,E02,literature,RAM,280.0,280.0,0.0,0.0,100.0,True,True,False,ok,0.0002021000000240747,
RBSM_N35,E02,literature,TDM1,280.0,280.0,0.0,0.0,100.0,True,True,False,ok,0.0002275000006193295,
RBSM_N35,E02,literature,TDM2,280.0,280.0,0.0,0.0,100.0,True,True,False,ok,0.0002721999990171753,
RBSM_N35,E02,literature,TDSM,280.0,280.0,0.0,0.0,100.0,True,True,False,ok,0.00020640000002458692,
RBSM_N35,E02,literature,THP,280.0,320.0,40.0,14.285714285714286,87.5,False,True,False,ok,0.00025460000142629724,
RBSM_N35,E02,literature,SSM,280.0,280.0,0.0,0.0,100.0,True,True,False,ok,0.00011439999980211724,
RBSM_N35,E02,literature,CSM,280.0,280.0,0.0,0.0,100.0,True,True,False,ok,0.00010599999950500205,
RBSM_N35,E02,literature,RBSM,280.0,280.0,0.0,0.0,100.0,True,True,True,ok,0.00011040000026696362,
RBSM_N35,E02,literature,BCE,280.0,280.0,0.0,0.0,100.0,True,True,False,ok,0.00010750000001280569,
RBSM_N35,E02,literature,MRM,280.0,280.0,0.0,0.0,100.0,True,True,False,ok,0.00012060000153724104,
RBSM_S1,E02,author_synthetic,NWCM,18855.0,25110.0,6255.0,33.17422434367542,75.08960573476702,False,True,False,ok,0.00030309999965538736,
RBSM_S1,E02,author_synthetic,LCM,18855.0,19440.0,585.0,3.1026252983293556,96.99074074074075,False,True,False,ok,0.00022189999981492292,
RBSM_S1,E02,author_synthetic,VAM,18855.0,18855.0,0.0,0.0,100.0,True,True,False,ok,0.0005789999995613471,
RBSM_S1,E02,author_synthetic,LDVAM,18855.0,18855.0,0.0,0.0,100.0,True,True,False,ok,0.0005939000002399553,
RBSM_S1,E02,author_synthetic,RAM,18855.0,18855.0,0.0,0.0,100.0,True,True,False,ok,0.000525200000993209,
RBSM_S1,E02,author_synthetic,TDM1,18855.0,18855.0,0.0,0.0,100.0,True,True,False,ok,0.0003600000000005821,
RBSM_S1,E02,author_synthetic,TDM2,18855.0,19440.0,585.0,3.1026252983293556,96.99074074074075,False,True,False,ok,0.0006374999993568053,
RBSM_S1,E02,author_synthetic,TDSM,18855.0,18855.0,0.0,0.0,100.0,True,True,False,ok,0.00035829999978886917,
RBSM_S1,E02,author_synthetic,THP,18855.0,19440.0,585.0,3.1026252983293556,96.99074074074075,False,True,False,ok,0.0004638999998860527,
RBSM_S1,E02,author_synthetic,SSM,18855.0,20925.0,2070.0,10.978520286396181,90.10752688172043,False,True,False,ok,0.00022820000049250666,
RBSM_S1,E02,author_synthetic,CSM,18855.0,18855.0,0.0,0.0,100.0,True,True,False,ok,0.00019799999972747173,
RBSM_S1,E02,author_synthetic,RBSM,18855.0,18855.0,0.0,0.0,100.0,True,True,False,ok,0.00018950000048789661,
RBSM_S1,E02,author_synthetic,BCE,18855.0,19125.0,270.0,1.431980906921241,98.58823529411765,False,True,False,ok,0.00027709999994840473,
RBSM_S1,E02,author_synthetic,MRM,18855.0,18855.0,0.0,0.0,100.0,True,True,False,ok,0.00019690000044647604,
RBSM_S2,E02,author_synthetic,NWCM,153500.0,211000.0,57500.0,37.45928338762215,72.74881516587678,False,True,False,ok,0.0002055000004475005,
RBSM_S2,E02,author_synthetic,LCM,153500.0,159000.0,5500.0,3.583061889250814,96.54088050314465,False,True,False,ok,0.00019859999883919954,
RBSM_S2,E02,author_synthetic,VAM,153500.0,153500.0,0.0,0.0,100.0,True,True,False,ok,0.0010033999988081632,
RBSM_S2,E02,author_synthetic,LDVAM,153500.0,153500.0,0.0,0.0,100.0,True,True,False,ok,0.00042190000021946616,
RBSM_S2,E02,author_synthetic,RAM,153500.0,153500.0,0.0,0.0,100.0,True,True,False,ok,0.00034190000042144675,
RBSM_S2,E02,author_synthetic,TDM1,153500.0,153500.0,0.0,0.0,100.0,True,True,False,ok,0.0003390000001672888,
RBSM_S2,E02,author_synthetic,TDM2,153500.0,159000.0,5500.0,3.583061889250814,96.54088050314465,False,True,False,ok,0.0007687000015721424,
RBSM_S2,E02,author_synthetic,TDSM,153500.0,153500.0,0.0,0.0,100.0,True,True,False,ok,0.000377200000002631,
RBSM_S2,E02,author_synthetic,THP,153500.0,159000.0,5500.0,3.583061889250814,96.54088050314465,False,True,False,ok,0.0005909000010433374,
RBSM_S2,E02,author_synthetic,SSM,153500.0,176500.0,23000.0,14.98371335504886,86.96883852691218,False,True,False,ok,0.00021910000032221433,
RBSM_S2,E02,author_synthetic,CSM,153500.0,153500.0,0.0,0.0,100.0,True,True,False,ok,0.0008297999993374106,
RBSM_S2,E02,author_synthetic,RBSM,153500.0,153500.0,0.0,0.0,100.0,True,True,False,ok,0.00030220000007830095,
RBSM_S2,E02,author_synthetic,BCE,153500.0,156500.0,3000.0,1.9543973941368078,98.08306709265176,False,True,False,ok,0.0002903000004153,
RBSM_S2,E02,author_synthetic,MRM,153500.0,153500.0,0.0,0.0,100.0,True,True,False,ok,0.00019359999896551017,
RBSM_S3,E02,author_synthetic,NWCM,1044180.0,1044180.0,0.0,0.0,100.0,True,True,True,ok,0.00031230000058712903,
RBSM_S3,E02,author_synthetic,LCM,1044180.0,1044180.0,0.0,0.0,100.0,True,True,True,ok,0.00044270000034885015,
RBSM_S3,E02,author_synthetic,VAM,1044180.0,1044180.0,0.0,0.0,100.0,True,True,True,ok,0.0011990000002697343,
RBSM_S3,E02,author_synthetic,LDVAM,1044180.0,1044180.0,0.0,0.0,100.0,True,True,True,ok,0.0016723999997338979,
RBSM_S3,E02,author_synthetic,RAM,1044180.0,1044180.0,0.0,0.0,100.0,True,True,True,ok,0.0016178999994735932,
RBSM_S3,E02,author_synthetic,TDM1,1044180.0,1044180.0,0.0,0.0,100.0,True,True,True,ok,0.0009507000013400102,
RBSM_S3,E02,author_synthetic,TDM2,1044180.0,1044180.0,0.0,0.0,100.0,True,True,True,ok,0.0014031999999133404,
RBSM_S3,E02,author_synthetic,TDSM,1044180.0,1044180.0,0.0,0.0,100.0,True,True,True,ok,0.0008612000001448905,
RBSM_S3,E02,author_synthetic,THP,1044180.0,1044180.0,0.0,0.0,100.0,True,True,True,ok,0.0011854000003950205,
RBSM_S3,E02,author_synthetic,SSM,1044180.0,1044180.0,0.0,0.0,100.0,True,True,True,ok,0.00047450000056414865,
RBSM_S3,E02,author_synthetic,CSM,1044180.0,1044180.0,0.0,0.0,100.0,True,True,True,ok,0.0005825999996886821,
RBSM_S3,E02,author_synthetic,RBSM,1044180.0,1044180.0,0.0,0.0,100.0,True,True,True,ok,0.0006045999998605112,
RBSM_S3,E02,author_synthetic,BCE,1044180.0,1044180.0,0.0,0.0,100.0,True,True,True,ok,0.0007485999994969461,
RBSM_S3,E02,author_synthetic,MRM,1044180.0,1044180.0,0.0,0.0,100.0,True,True,True,ok,0.0010008999997808132,
RBSM_S4,E02,author_synthetic,NWCM,92212.0,113008.0,20796.0,22.552379299874204,81.59776299023078,False,True,False,ok,0.00045140000111132395,
RBSM_S4,E02,author_synthetic,LCM,92212.0,92856.0,644.0,0.6983906649893723,99.30645300249849,False,True,False,ok,0.0020029000006616116,
RBSM_S4,E02,author_synthetic,VAM,92212.0,93351.0,1139.0,1.2351971543833775,98.77987380960033,False,True,False,ok,0.002534600000217324,
RBSM_S4,E02,author_synthetic,LDVAM,92212.0,92705.0,493.0,0.5346375742853424,99.46820559840354,False,True,False,ok,0.002176800000597723,
RBSM_S4,E02,author_synthetic,RAM,92212.0,94096.0,1884.0,2.0431180323602134,97.99778949158306,False,True,False,ok,0.0027265999997325707,
RBSM_S4,E02,author_synthetic,TDM1,92212.0,92986.0,774.0,0.8393701470524444,99.1676166304605,False,True,False,ok,0.0023259999998117564,
RBSM_S4,E02,author_synthetic,TDM2,92212.0,94914.0,2702.0,2.930204311803236,97.15321238173505,False,True,False,ok,0.0031030000009195646,
RBSM_S4,E02,author_synthetic,TDSM,92212.0,92707.0,495.0,0.5368064893940051,99.46605973658947,False,True,False,ok,0.0013947000006737653,
RBSM_S4,E02,author_synthetic,THP,92212.0,94618.0,2406.0,2.609204875721164,97.45714346107506,False,True,False,ok,0.0030425999993894948,
RBSM_S4,E02,author_synthetic,SSM,92212.0,95301.0,3089.0,3.3498893853294582,96.75869088467067,False,True,False,ok,0.0008277000015368685,
RBSM_S4,E02,author_synthetic,CSM,92212.0,95440.0,3228.0,3.5006289853815122,96.61777032690696,False,True,False,ok,0.0009477000003244029,
RBSM_S4,E02,author_synthetic,RBSM,92212.0,95440.0,3228.0,3.5006289853815122,96.61777032690696,False,True,False,ok,0.0010743000002548797,
RBSM_S4,E02,author_synthetic,BCE,92212.0,,,,,,,,failed,0.00025939999977708794,RuntimeError: Repair cycle; no fallback or forced feasibility applied
RBSM_S4,E02,author_synthetic,MRM,92212.0,93499.0,1287.0,1.3956968724244132,98.62351468999668,False,True,False,ok,0.0010056999999505933,
RBSM_S5,E02,author_synthetic,NWCM,116020.0,116020.0,0.0,0.0,100.0,True,True,True,ok,0.00031489999855693895,
RBSM_S5,E02,author_synthetic,LCM,116020.0,116020.0,0.0,0.0,100.0,True,True,True,ok,0.0004625999990821583,
RBSM_S5,E02,author_synthetic,VAM,116020.0,116020.0,0.0,0.0,100.0,True,True,True,ok,0.0011133999996673083,
RBSM_S5,E02,author_synthetic,LDVAM,116020.0,116020.0,0.0,0.0,100.0,True,True,True,ok,0.0015132999997149454,
RBSM_S5,E02,author_synthetic,RAM,116020.0,116020.0,0.0,0.0,100.0,True,True,True,ok,0.0009358999996038619,
RBSM_S5,E02,author_synthetic,TDM1,116020.0,116020.0,0.0,0.0,100.0,True,True,True,ok,0.0009776000006240793,
RBSM_S5,E02,author_synthetic,TDM2,116020.0,116020.0,0.0,0.0,100.0,True,True,True,ok,0.0025341000000480562,
RBSM_S5,E02,author_synthetic,TDSM,116020.0,116020.0,0.0,0.0,100.0,True,True,True,ok,0.0010903000002144836,
RBSM_S5,E02,author_synthetic,THP,116020.0,116020.0,0.0,0.0,100.0,True,True,True,ok,0.0012889000008726725,
RBSM_S5,E02,author_synthetic,SSM,116020.0,116020.0,0.0,0.0,100.0,True,True,True,ok,0.0003775000004679896,
RBSM_S5,E02,author_synthetic,CSM,116020.0,116020.0,0.0,0.0,100.0,True,True,True,ok,0.0003880000003846362,
RBSM_S5,E02,author_synthetic,RBSM,116020.0,116020.0,0.0,0.0,100.0,True,True,True,ok,0.00047399999857589137,
RBSM_S5,E02,author_synthetic,BCE,116020.0,116020.0,0.0,0.0,100.0,True,True,True,ok,0.0005228999998507788,
RBSM_S5,E02,author_synthetic,MRM,116020.0,116020.0,0.0,0.0,100.0,True,True,True,ok,0.0008866999996826053,
CSM_N03,E12,literature,NWCM,1079.0,1950.0,871.0,80.72289156626506,55.333333333333336,False,True,True,ok,0.0003102999999100575,
CSM_N03,E12,literature,LCM,1079.0,1079.0,0.0,0.0,100.0,True,True,False,ok,0.0001931000006152317,
CSM_N03,E12,literature,VAM,1079.0,1104.0,25.0,2.3169601482854496,97.73550724637681,False,True,True,ok,0.0007619999996677507,
CSM_N03,E12,literature,LDVAM,1079.0,1104.0,25.0,2.3169601482854496,97.73550724637681,False,True,True,ok,0.0005617000006168382,
CSM_N03,E12,literature,RAM,1079.0,1079.0,0.0,0.0,100.0,True,True,False,ok,0.0004363000007288065,
CSM_N03,E12,literature,TDM1,1079.0,1091.0,12.0,1.1121408711770158,98.90009165902842,False,True,False,ok,0.00033380000058969017,
CSM_N03,E12,literature,TDM2,1079.0,1091.0,12.0,1.1121408711770158,98.90009165902842,False,True,False,ok,0.00047810000069148373,
CSM_N03,E12,literature,TDSM,1079.0,1091.0,12.0,1.1121408711770158,98.90009165902842,False,True,False,ok,0.0003495999990263954,
CSM_N03,E12,literature,THP,1079.0,1079.0,0.0,0.0,100.0,True,True,False,ok,0.0004245999989507254,
CSM_N03,E12,literature,SSM,1079.0,1152.0,73.0,6.765523632993513,93.66319444444444,False,True,True,ok,0.00019209999845770653,
CSM_N03,E12,literature,CSM,1079.0,1152.0,73.0,6.765523632993513,93.66319444444444,False,True,True,ok,0.0001799000001483364,
CSM_N03,E12,literature,RBSM,1079.0,1152.0,73.0,6.765523632993513,93.66319444444444,False,True,True,ok,0.00018069999896397348,
CSM_N03,E12,literature,BCE,1079.0,1103.0,24.0,2.2242817423540315,97.82411604714416,False,True,True,ok,0.00018249999993713573,
CSM_N03,E12,literature,MRM,1079.0,1079.0,0.0,0.0,100.0,True,True,False,ok,0.0001762000010785414,
CSM_N04,E12,literature,NWCM,1580.0,1950.0,370.0,23.417721518987342,81.02564102564102,False,True,True,ok,0.000149200001033023,
CSM_N04,E12,literature,LCM,1580.0,1870.0,290.0,18.354430379746834,84.49197860962566,False,True,False,ok,0.0001472000003559515,
CSM_N04,E12,literature,VAM,1580.0,1580.0,0.0,0.0,100.0,True,True,False,ok,0.0002979000000777887,
CSM_N04,E12,literature,LDVAM,1580.0,1580.0,0.0,0.0,100.0,True,True,False,ok,0.00029739999990852084,
CSM_N04,E12,literature,RAM,1580.0,1580.0,0.0,0.0,100.0,True,True,False,ok,0.00023049999981594738,
CSM_N04,E12,literature,TDM1,1580.0,1595.0,15.0,0.9493670886075949,99.05956112852665,False,True,False,ok,0.00021869999909540638,
CSM_N04,E12,literature,TDM2,1580.0,1595.0,15.0,0.9493670886075949,99.05956112852665,False,True,False,ok,0.0003395000003365567,
CSM_N04,E12,literature,TDSM,1580.0,1595.0,15.0,0.9493670886075949,99.05956112852665,False,True,False,ok,0.00024139999914041255,
CSM_N04,E12,literature,THP,1580.0,1690.0,110.0,6.962025316455696,93.49112426035504,False,True,False,ok,0.000314799999614479,
CSM_N04,E12,literature,SSM,1580.0,1625.0,45.0,2.848101265822785,97.23076923076923,False,True,False,ok,0.0001274999995075632,
CSM_N04,E12,literature,CSM,1580.0,1580.0,0.0,0.0,100.0,True,True,False,ok,0.0001401999998051906,
CSM_N04,E12,literature,RBSM,1580.0,1625.0,45.0,2.848101265822785,97.23076923076923,False,True,False,ok,0.00011839999933727086,
CSM_N04,E12,literature,BCE,1580.0,1580.0,0.0,0.0,100.0,True,True,False,ok,0.0002111000012519071,
CSM_N04,E12,literature,MRM,1580.0,1685.0,105.0,6.6455696202531644,93.76854599406528,False,True,True,ok,0.00014150000060908496,
CSM_N06,E12,literature,NWCM,2850.0,4400.0,1550.0,54.3859649122807,64.77272727272727,False,True,False,ok,0.00032980000105453655,
CSM_N06,E12,literature,LCM,2850.0,2850.0,0.0,0.0,100.0,True,True,False,ok,0.00014370000099006575,
CSM_N06,E12,literature,VAM,2850.0,2850.0,0.0,0.0,100.0,True,True,False,ok,0.0002684999999473803,
CSM_N06,E12,literature,LDVAM,2850.0,2850.0,0.0,0.0,100.0,True,True,False,ok,0.0003238000008423114,
CSM_N06,E12,literature,RAM,2850.0,2900.0,50.0,1.7543859649122806,98.27586206896552,False,True,False,ok,0.0003281999997852836,
CSM_N06,E12,literature,TDM1,2850.0,2850.0,0.0,0.0,100.0,True,True,False,ok,0.00023499999952036887,
CSM_N06,E12,literature,TDM2,2850.0,2850.0,0.0,0.0,100.0,True,True,False,ok,0.0003454000016063219,
CSM_N06,E12,literature,TDSM,2850.0,2850.0,0.0,0.0,100.0,True,True,False,ok,0.00021219999871391337,
CSM_N06,E12,literature,THP,2850.0,2850.0,0.0,0.0,100.0,True,True,False,ok,0.00028469999961089343,
CSM_N06,E12,literature,SSM,2850.0,2900.0,50.0,1.7543859649122806,98.27586206896552,False,True,False,ok,0.0001312000003963476,
CSM_N06,E12,literature,CSM,2850.0,2850.0,0.0,0.0,100.0,True,True,False,ok,0.00011950000043725595,
CSM_N06,E12,literature,RBSM,2850.0,2850.0,0.0,0.0,100.0,True,True,False,ok,0.00011310000081721228,
CSM_N06,E12,literature,BCE,2850.0,2850.0,0.0,0.0,100.0,True,True,False,ok,0.00025099999947997276,
CSM_N06,E12,literature,MRM,2850.0,2850.0,0.0,0.0,100.0,True,True,False,ok,0.00013099999887344893,
CSM_N18,E12,literature,NWCM,29.0,29.0,0.0,0.0,100.0,True,True,True,ok,0.00016520000099262688,
CSM_N18,E12,literature,LCM,29.0,29.0,0.0,0.0,100.0,True,True,True,ok,0.00012559999959194101,
CSM_N18,E12,literature,VAM,29.0,29.0,0.0,0.0,100.0,True,True,True,ok,0.00019359999896551017,
CSM_N18,E12,literature,LDVAM,29.0,29.0,0.0,0.0,100.0,True,True,True,ok,0.00017269999989366625,
CSM_N18,E12,literature,RAM,29.0,29.0,0.0,0.0,100.0,True,True,True,ok,0.00014510000073642004,
CSM_N18,E12,literature,TDM1,29.0,29.0,0.0,0.0,100.0,True,True,True,ok,0.00014539999938278925,
CSM_N18,E12,literature,TDM2,29.0,29.0,0.0,0.0,100.0,True,True,True,ok,0.00034579999919515103,
CSM_N18,E12,literature,TDSM,29.0,29.0,0.0,0.0,100.0,True,True,True,ok,0.00014830000145593658,
CSM_N18,E12,literature,THP,29.0,29.0,0.0,0.0,100.0,True,True,True,ok,0.00018060000002151355,
CSM_N18,E12,literature,SSM,29.0,29.0,0.0,0.0,100.0,True,True,True,ok,0.0005326999998942483,
CSM_N18,E12,literature,CSM,29.0,29.0,0.0,0.0,100.0,True,True,True,ok,8.86999987415038e-05,
CSM_N18,E12,literature,RBSM,29.0,29.0,0.0,0.0,100.0,True,True,True,ok,7.890000051702373e-05,
CSM_N18,E12,literature,BCE,29.0,29.0,0.0,0.0,100.0,True,True,True,ok,0.0002903000004153,
CSM_N18,E12,literature,MRM,29.0,29.0,0.0,0.0,100.0,True,True,True,ok,0.00010819999988598283,
CSM_N28,E12,literature,NWCM,40.0,45.0,5.0,12.5,88.88888888888889,False,True,True,ok,0.000185500000952743,
CSM_N28,E12,literature,LCM,40.0,43.0,3.0,7.5,93.02325581395348,False,True,False,ok,0.00015070000154082663,
CSM_N28,E12,literature,VAM,40.0,40.0,0.0,0.0,100.0,True,True,True,ok,0.0005036999991716584,
CSM_N28,E12,literature,LDVAM,40.0,40.0,0.0,0.0,100.0,True,True,True,ok,0.0002731000004132511,
CSM_N28,E12,literature,RAM,40.0,40.0,0.0,0.0,100.0,True,True,True,ok,0.00021520000154851004,
CSM_N28,E12,literature,TDM1,40.0,40.0,0.0,0.0,100.0,True,True,True,ok,0.0002207000015914673,
CSM_N28,E12,literature,TDM2,40.0,40.0,0.0,0.0,100.0,True,True,True,ok,0.0003120000001217704,
CSM_N28,E12,literature,TDSM,40.0,40.0,0.0,0.0,100.0,True,True,True,ok,0.00020460000087041408,
CSM_N28,E12,literature,THP,40.0,43.0,3.0,7.5,93.02325581395348,False,True,False,ok,0.00030340000012074597,
CSM_N28,E12,literature,SSM,40.0,40.0,0.0,0.0,100.0,True,True,True,ok,0.00014340000052470714,
CSM_N28,E12,literature,CSM,40.0,40.0,0.0,0.0,100.0,True,True,True,ok,0.0001329000006080605,
CSM_N28,E12,literature,RBSM,40.0,40.0,0.0,0.0,100.0,True,True,True,ok,0.00021639999977196567,
CSM_N28,E12,literature,BCE,40.0,40.0,0.0,0.0,100.0,True,True,True,ok,0.00015630000052624382,
CSM_N28,E12,literature,MRM,40.0,40.0,0.0,0.0,100.0,True,True,True,ok,0.00013080000098852906,
CSM_N33,E12,literature,NWCM,151750.0,159750.0,8000.0,5.271828665568369,94.99217527386541,False,True,True,ok,0.0001250000004802132,
CSM_N33,E12,literature,LCM,151750.0,151750.0,0.0,0.0,100.0,True,True,True,ok,0.00010629999997036066,
CSM_N33,E12,literature,VAM,151750.0,151750.0,0.0,0.0,100.0,True,True,True,ok,0.00017759999900590628,
CSM_N33,E12,literature,LDVAM,151750.0,151750.0,0.0,0.0,100.0,True,True,True,ok,0.00016689999938535038,
CSM_N33,E12,literature,RAM,151750.0,151750.0,0.0,0.0,100.0,True,True,True,ok,0.00014539999938278925,
CSM_N33,E12,literature,TDM1,151750.0,151750.0,0.0,0.0,100.0,True,True,True,ok,0.00017120000120485201,
CSM_N33,E12,literature,TDM2,151750.0,151750.0,0.0,0.0,100.0,True,True,True,ok,0.0001914000004035188,
CSM_N33,E12,literature,TDSM,151750.0,151750.0,0.0,0.0,100.0,True,True,True,ok,0.0002330999996047467,
CSM_N33,E12,literature,THP,151750.0,152500.0,750.0,0.4942339373970346,99.50819672131148,False,True,False,ok,0.0002827000007528113,
CSM_N33,E12,literature,SSM,151750.0,151750.0,0.0,0.0,100.0,True,True,True,ok,0.00010520000068936497,
CSM_N33,E12,literature,CSM,151750.0,151750.0,0.0,0.0,100.0,True,True,True,ok,8.589999924879521e-05,
CSM_N33,E12,literature,RBSM,151750.0,151750.0,0.0,0.0,100.0,True,True,True,ok,8.030000026337802e-05,
CSM_N33,E12,literature,BCE,151750.0,151750.0,0.0,0.0,100.0,True,True,True,ok,8.280000110971741e-05,
CSM_N33,E12,literature,MRM,151750.0,151750.0,0.0,0.0,100.0,True,True,True,ok,0.00010789999942062423,
CSM_N35,E12,literature,NWCM,412.0,484.0,72.0,17.475728155339805,85.12396694214875,False,True,False,ok,0.00014870000086375512,
CSM_N35,E12,literature,LCM,412.0,516.0,104.0,25.24271844660194,79.84496124031008,False,True,True,ok,0.00012199999946460593,
CSM_N35,E12,literature,VAM,412.0,476.0,64.0,15.533980582524272,86.5546218487395,False,True,False,ok,0.0002533999995648628,
CSM_N35,E12,literature,LDVAM,412.0,476.0,64.0,15.533980582524272,86.5546218487395,False,True,False,ok,0.00031429999944521114,
CSM_N35,E12,literature,RAM,412.0,412.0,0.0,0.0,100.0,True,True,False,ok,0.0002684999999473803,
CSM_N35,E12,literature,TDM1,412.0,476.0,64.0,15.533980582524272,86.5546218487395,False,True,False,ok,0.00021699999888369348,
CSM_N35,E12,literature,TDM2,412.0,476.0,64.0,15.533980582524272,86.5546218487395,False,True,False,ok,0.00027549999867915176,
CSM_N35,E12,literature,TDSM,412.0,476.0,64.0,15.533980582524272,86.5546218487395,False,True,False,ok,0.00020880000010947697,
CSM_N35,E12,literature,THP,412.0,476.0,64.0,15.533980582524272,86.5546218487395,False,True,False,ok,0.00025159999859170057,
CSM_N35,E12,literature,SSM,412.0,412.0,0.0,0.0,100.0,True,True,False,ok,0.00011790000098699238,
CSM_N35,E12,literature,CSM,412.0,476.0,64.0,15.533980582524272,86.5546218487395,False,True,False,ok,0.00010769999971671496,
CSM_N35,E12,literature,RBSM,412.0,476.0,64.0,15.533980582524272,86.5546218487395,False,True,False,ok,9.900000077323057e-05,
CSM_N35,E12,literature,BCE,412.0,412.0,0.0,0.0,100.0,True,True,False,ok,0.00010420000035082921,
CSM_N35,E12,literature,MRM,412.0,476.0,64.0,15.533980582524272,86.5546218487395,False,True,False,ok,0.00028650000058405567,
CSM_Real1,E12,author_real,NWCM,12928429.0,13064128.0,135699.0,1.0496170880468152,98.96128543749724,False,True,True,ok,0.0016052000009949552,
CSM_Real1,E12,author_real,LCM,12928429.0,13050518.0,122089.0,0.9443452100792756,99.06448924096347,False,True,True,ok,0.005524799998966046,
CSM_Real1,E12,author_real,VAM,12928429.0,12928429.0,0.0,0.0,100.0,True,True,True,ok,0.02194699999927252,
CSM_Real1,E12,author_real,LDVAM,12928429.0,12928429.0,0.0,0.0,100.0,True,True,True,ok,0.023027699999147444,
CSM_Real1,E12,author_real,RAM,12928429.0,12936024.0,7595.0,0.05874650353882904,99.94128798771554,False,True,True,ok,0.014042900000276859,
CSM_Real1,E12,author_real,TDM1,12928429.0,13006080.0,77651.0,0.6006220864112723,99.40296384460191,False,True,True,ok,0.007201500000519445,
CSM_Real1,E12,author_real,TDM2,12928429.0,13006080.0,77651.0,0.6006220864112723,99.40296384460191,False,True,True,ok,0.027748299999075243,
CSM_Real1,E12,author_real,TDSM,12928429.0,12945769.0,17340.0,0.13412302453762945,99.86605662436894,False,True,True,ok,0.007691000000704662,
CSM_Real1,E12,author_real,THP,12928429.0,13326038.0,397609.0,3.0754626103450002,97.01629996852778,False,True,True,ok,0.02244579999933194,
CSM_Real1,E12,author_real,SSM,12928429.0,12928429.0,0.0,0.0,100.0,True,True,True,ok,0.0021355000008043135,
CSM_Real1,E12,author_real,CSM,12928429.0,12928429.0,0.0,0.0,100.0,True,True,True,ok,0.004241500000716769,
CSM_Real1,E12,author_real,RBSM,12928429.0,12928429.0,0.0,0.0,100.0,True,True,True,ok,0.005286200001137331,
CSM_Real1,E12,author_real,BCE,12928429.0,12928429.0,0.0,0.0,100.0,True,True,True,ok,0.003121399999145069,
CSM_Real1,E12,author_real,MRM,12928429.0,13013818.0,85389.0,0.6604746794834856,99.3438589659084,False,True,True,ok,0.004725900000266847,
CSM_Real2,E12,author_real,NWCM,13657053.0,13784886.0,127833.0,0.9360218489303659,99.07265827225557,False,True,True,ok,0.0023848999990150332,
CSM_Real2,E12,author_real,LCM,13657053.0,13809464.0,152411.0,1.1159874681602246,98.89632935789543,False,True,True,ok,0.005460100001073442,
CSM_Real2,E12,author_real,VAM,13657053.0,13657053.0,0.0,0.0,100.0,True,True,True,ok,0.025884599999699276,
CSM_Real2,E12,author_real,LDVAM,13657053.0,13657053.0,0.0,0.0,100.0,True,True,True,ok,0.025764199999684934,
CSM_Real2,E12,author_real,RAM,13657053.0,13665014.0,7961.0,0.0582922245377535,99.9417417355006,False,True,True,ok,0.016399900001488277,
CSM_Real2,E12,author_real,TDM1,13657053.0,13775787.0,118734.0,0.869396933584427,99.13809642962686,False,True,True,ok,0.007006300000284682,
CSM_Real2,E12,author_real,TDM2,13657053.0,13775787.0,118734.0,0.869396933584427,99.13809642962686,False,True,True,ok,0.03777599999921222,
CSM_Real2,E12,author_real,TDSM,13657053.0,13679211.0,22158.0,0.16224583737062453,99.83801697334737,False,True,True,ok,0.00721249999878637,
CSM_Real2,E12,author_real,THP,13657053.0,14099173.0,442120.0,3.2373016345473653,96.86421324144331,False,True,True,ok,0.034497900000133086,
CSM_Real2,E12,author_real,SSM,13657053.0,13657053.0,0.0,0.0,100.0,True,True,True,ok,0.0020891999993182253,
CSM_Real2,E12,author_real,CSM,13657053.0,13657053.0,0.0,0.0,100.0,True,True,True,ok,0.004387499999211286,
CSM_Real2,E12,author_real,RBSM,13657053.0,13657053.0,0.0,0.0,100.0,True,True,True,ok,0.0036082000005990267,
CSM_Real2,E12,author_real,BCE,13657053.0,13657053.0,0.0,0.0,100.0,True,True,True,ok,0.00540269999873999,
CSM_Real2,E12,author_real,MRM,13657053.0,13741695.0,84642.0,0.6197676760864881,99.3840497842515,False,True,True,ok,0.004176300000835909,
CSM_Real3,E12,author_real,NWCM,12296587.0,12423976.0,127389.0,1.0359703875555062,98.97465191497473,False,True,True,ok,0.0017478999998274958,
CSM_Real3,E12,author_real,LCM,12296587.0,12352965.0,56378.0,0.45848494383034905,99.54360754685212,False,True,True,ok,0.005167000001165434,
CSM_Real3,E12,author_real,VAM,12296587.0,12296587.0,0.0,0.0,100.0,True,True,True,ok,0.0329647999988083,
CSM_Real3,E12,author_real,LDVAM,12296587.0,12296587.0,0.0,0.0,100.0,True,True,True,ok,0.026002900000094087,
CSM_Real3,E12,author_real,RAM,12296587.0,12304545.0,7958.0,0.06471714468413065,99.93532471131603,False,True,True,ok,0.01878260000012233,
CSM_Real3,E12,author_real,TDM1,12296587.0,12324912.0,28325.0,0.23034846986403626,99.77018091488199,False,True,True,ok,0.009083799999643816,
CSM_Real3,E12,author_real,TDM2,12296587.0,12324912.0,28325.0,0.23034846986403626,99.77018091488199,False,True,True,ok,0.05050610000034794,
CSM_Real3,E12,author_real,TDSM,12296587.0,12303866.0,7279.0,0.0591952872776812,99.94083973281244,False,True,True,ok,0.009892800000670832,
CSM_Real3,E12,author_real,THP,12296587.0,12559978.0,263391.0,2.14198460109297,97.90293422488479,False,True,True,ok,0.03628449999996519,
CSM_Real3,E12,author_real,SSM,12296587.0,12296587.0,0.0,0.0,100.0,True,True,True,ok,0.003991700001279241,
CSM_Real3,E12,author_real,CSM,12296587.0,12296587.0,0.0,0.0,100.0,True,True,True,ok,0.004919900000459165,
CSM_Real3,E12,author_real,RBSM,12296587.0,12296587.0,0.0,0.0,100.0,True,True,True,ok,0.006632900000113295,
CSM_Real3,E12,author_real,BCE,12296587.0,12296587.0,0.0,0.0,100.0,True,True,True,ok,0.004296199998861994,
CSM_Real3,E12,author_real,MRM,12296587.0,12403008.0,106421.0,0.8654515273221749,99.14197426946754,False,True,True,ok,0.004598299999997835,
CSM_Real4,E12,author_real,NWCM,14117586.0,14252225.0,134639.0,0.9536970414063708,99.05531241613151,False,True,True,ok,0.001693100000920822,
CSM_Real4,E12,author_real,LCM,14117586.0,14274203.0,156617.0,1.1093752147144702,98.90279688470173,False,True,True,ok,0.00831819999984873,
CSM_Real4,E12,author_real,VAM,14117586.0,14117586.0,0.0,0.0,100.0,True,True,True,ok,0.03768540000055509,
CSM_Real4,E12,author_real,LDVAM,14117586.0,14117586.0,0.0,0.0,100.0,True,True,True,ok,0.03885619999891787,
CSM_Real4,E12,author_real,RAM,14117586.0,14124536.0,6950.0,0.049229379583733364,99.95079484380938,False,True,True,ok,0.01575790000060806,
CSM_Real4,E12,author_real,TDM1,14117586.0,14236337.0,118751.0,0.8411565546687656,99.16585986971228,False,True,True,ok,0.008475700000417419,
CSM_Real4,E12,author_real,TDM2,14117586.0,14236337.0,118751.0,0.8411565546687656,99.16585986971228,False,True,True,ok,0.03500960000019404,
CSM_Real4,E12,author_real,TDSM,14117586.0,14150562.0,32976.0,0.23358101023786929,99.76696331919538,False,True,True,ok,0.008178900001439615,
CSM_Real4,E12,author_real,THP,14117586.0,14644524.0,526938.0,3.732493643035006,96.4018086214342,False,True,True,ok,0.027927499999350403,
CSM_Real4,E12,author_real,SSM,14117586.0,14117586.0,0.0,0.0,100.0,True,True,True,ok,0.0027628999996522907,
CSM_Real4,E12,author_real,CSM,14117586.0,14117586.0,0.0,0.0,100.0,True,True,True,ok,0.004137100000662031,
CSM_Real4,E12,author_real,RBSM,14117586.0,14117586.0,0.0,0.0,100.0,True,True,True,ok,0.004089699999894947,
CSM_Real4,E12,author_real,BCE,14117586.0,14117586.0,0.0,0.0,100.0,True,True,True,ok,0.0036498999998002546,
CSM_Real4,E12,author_real,MRM,14117586.0,14194146.0,76560.0,0.5423023454576441,99.46062271023561,False,True,True,ok,0.005162499999642023,
CSM_Real5,E12,author_real,NWCM,14017419.0,14153781.0,136362.0,0.9728039091932688,99.03656839115993,False,True,True,ok,0.0020643999996536877,
CSM_Real5,E12,author_real,LCM,14017419.0,14177901.0,160482.0,1.144875529510818,98.86808350544979,False,True,True,ok,0.004652499999792781,
CSM_Real5,E12,author_real,VAM,14017419.0,14017419.0,0.0,0.0,100.0,True,True,True,ok,0.02761860000100569,
CSM_Real5,E12,author_real,LDVAM,14017419.0,14017419.0,0.0,0.0,100.0,True,True,True,ok,0.024292300000524847,
CSM_Real5,E12,author_real,RAM,14017419.0,14024857.0,7438.0,0.05306255024551952,99.94696559116431,False,True,True,ok,0.018391999999948894,
CSM_Real5,E12,author_real,TDM1,14017419.0,14148941.0,131522.0,0.9382754414346892,99.07044633234388,False,True,True,ok,0.006308400001216796,
CSM_Real5,E12,author_real,TDM2,14017419.0,14148941.0,131522.0,0.9382754414346892,99.07044633234388,False,True,True,ok,0.031164300000455114,
CSM_Real5,E12,author_real,TDSM,14017419.0,14061344.0,43925.0,0.31336011287099286,99.68761876531859,False,True,True,ok,0.006601300001420896,
CSM_Real5,E12,author_real,THP,14017419.0,14419861.0,402442.0,2.8710135582021197,97.209113180772,False,True,True,ok,0.02467620000061288,
CSM_Real5,E12,author_real,SSM,14017419.0,14017419.0,0.0,0.0,100.0,True,True,True,ok,0.0026557999990473036,
CSM_Real5,E12,author_real,CSM,14017419.0,14017419.0,0.0,0.0,100.0,True,True,True,ok,0.004308300000047893,
CSM_Real5,E12,author_real,RBSM,14017419.0,14017419.0,0.0,0.0,100.0,True,True,True,ok,0.0046624999995401595,
CSM_Real5,E12,author_real,BCE,14017419.0,14017419.0,0.0,0.0,100.0,True,True,True,ok,0.007295100000192178,
CSM_Real5,E12,author_real,MRM,14017419.0,14095538.0,78119.0,0.5572994571967921,99.44578915682395,False,True,True,ok,0.005442800000309944,
EDM_C01,E09,literature,NWCM,1650.0,1815.0,165.0,10.0,90.9090909090909,False,True,False,ok,0.00044350000098347664,
EDM_C01,E09,literature,LCM,1650.0,1885.0,235.0,14.242424242424242,87.53315649867373,False,True,False,ok,0.00016209999921557028,
EDM_C01,E09,literature,VAM,1650.0,1745.0,95.0,5.757575757575758,94.55587392550143,False,True,False,ok,0.0002815000007103663,
EDM_C01,E09,literature,LDVAM,1650.0,1745.0,95.0,5.757575757575758,94.55587392550143,False,True,False,ok,0.000247500000114087,
EDM_C01,E09,literature,RAM,1650.0,1745.0,95.0,5.757575757575758,94.55587392550143,False,True,False,ok,0.00020730000142066274,
EDM_C01,E09,literature,TDM1,1650.0,1650.0,0.0,0.0,100.0,True,True,False,ok,0.00020960000074410345,
EDM_C01,E09,literature,TDM2,1650.0,1650.0,0.0,0.0,100.0,True,True,False,ok,0.0004594999991240911,
EDM_C01,E09,literature,TDSM,1650.0,1650.0,0.0,0.0,100.0,True,True,False,ok,0.0003252000005886657,
EDM_C01,E09,literature,THP,1650.0,1695.0,45.0,2.727272727272727,97.34513274336283,False,True,False,ok,0.00029770000037387945,
EDM_C01,E09,literature,SSM,1650.0,1650.0,0.0,0.0,100.0,True,True,False,ok,0.00016169999980775174,
EDM_C01,E09,literature,CSM,1650.0,1655.0,5.0,0.30303030303030304,99.69788519637463,False,True,False,ok,0.00014279999959398992,
EDM_C01,E09,literature,RBSM,1650.0,1655.0,5.0,0.30303030303030304,99.69788519637463,False,True,False,ok,0.00013349999971978832,
EDM_C01,E09,literature,BCE,1650.0,,,,,,,,failed,8.999999408842996e-06,NotImplementedError: BCE unbalanced branch/model not sufficiently unambiguous; no dummy substitution
EDM_C01,E09,literature,MRM,1650.0,1695.0,45.0,2.727272727272727,97.34513274336283,False,True,False,ok,0.00012619999870366883,
EDM_C04,E09,literature,NWCM,149.0,176.0,27.0,18.120805369127517,84.6590909090909,False,True,False,ok,0.00014680000094813295,
EDM_C04,E09,literature,LCM,149.0,150.0,1.0,0.6711409395973155,99.33333333333333,False,True,False,ok,0.0001323000014963327,
EDM_C04,E09,literature,VAM,149.0,149.0,0.0,0.0,100.0,True,True,False,ok,0.0002539000015531201,
EDM_C04,E09,literature,LDVAM,149.0,149.0,0.0,0.0,100.0,True,True,False,ok,0.00023500000133935828,
EDM_C04,E09,literature,RAM,149.0,149.0,0.0,0.0,100.0,True,True,False,ok,0.0006391000006260583,
EDM_C04,E09,literature,TDM1,149.0,149.0,0.0,0.0,100.0,True,True,False,ok,0.0005870999993931036,
EDM_C04,E09,literature,TDM2,149.0,149.0,0.0,0.0,100.0,True,True,False,ok,0.0008496000009472482,
EDM_C04,E09,literature,TDSM,149.0,149.0,0.0,0.0,100.0,True,True,False,ok,0.0005597999988822266,
EDM_C04,E09,literature,THP,149.0,149.0,0.0,0.0,100.0,True,True,False,ok,0.00028449999990698416,
EDM_C04,E09,literature,SSM,149.0,149.0,0.0,0.0,100.0,True,True,False,ok,0.0001359999987471383,
EDM_C04,E09,literature,CSM,149.0,150.0,1.0,0.6711409395973155,99.33333333333333,False,True,False,ok,0.00010579999980109278,
EDM_C04,E09,literature,RBSM,149.0,150.0,1.0,0.6711409395973155,99.33333333333333,False,True,False,ok,9.860000136541203e-05,
EDM_C04,E09,literature,BCE,149.0,149.0,0.0,0.0,100.0,True,True,False,ok,0.00012109999988751952,
EDM_C04,E09,literature,MRM,149.0,149.0,0.0,0.0,100.0,True,True,False,ok,0.000121900000522146,
EDM_C07,E09,literature,NWCM,799.0,975.0,176.0,22.02753441802253,81.94871794871794,False,True,False,ok,0.0001491999992140336,
EDM_C07,E09,literature,LCM,799.0,894.0,95.0,11.889862327909887,89.37360178970917,False,True,False,ok,0.000218999999560765,
EDM_C07,E09,literature,VAM,799.0,859.0,60.0,7.509386733416771,93.0151338766007,False,True,False,ok,0.0003015000002051238,
EDM_C07,E09,literature,LDVAM,799.0,859.0,60.0,7.509386733416771,93.0151338766007,False,True,False,ok,0.00024160000066331122,
EDM_C07,E09,literature,RAM,799.0,855.0,56.0,7.008760951188986,93.45029239766082,False,True,False,ok,0.0006350000003294554,
EDM_C07,E09,literature,TDM1,799.0,859.0,60.0,7.509386733416771,93.0151338766007,False,True,False,ok,0.0006923999990249285,
EDM_C07,E09,literature,TDM2,799.0,859.0,60.0,7.509386733416771,93.0151338766007,False,True,False,ok,0.0006338999992294703,
EDM_C07,E09,literature,TDSM,799.0,868.0,69.0,8.635794743429287,92.05069124423963,False,True,False,ok,0.0002426999999443069,
EDM_C07,E09,literature,THP,799.0,894.0,95.0,11.889862327909887,89.37360178970917,False,True,False,ok,0.0002840999986801762,
EDM_C07,E09,literature,SSM,799.0,799.0,0.0,0.0,100.0,True,True,False,ok,0.0001202000003104331,
EDM_C07,E09,literature,CSM,799.0,859.0,60.0,7.509386733416771,93.0151338766007,False,True,False,ok,0.0001053000014508143,
EDM_C07,E09,literature,RBSM,799.0,859.0,60.0,7.509386733416771,93.0151338766007,False,True,False,ok,0.00010370000018156134,
EDM_C07,E09,literature,BCE,799.0,799.0,0.0,0.0,100.0,True,True,False,ok,0.000103599999420112,
EDM_C07,E09,literature,MRM,799.0,799.0,0.0,0.0,100.0,True,True,False,ok,0.00012710000009974465,
EDM_C08,E09,literature,NWCM,820.0,820.0,0.0,0.0,100.0,True,True,True,ok,0.00023680000049353112,
EDM_C08,E09,literature,LCM,820.0,855.0,35.0,4.2682926829268295,95.90643274853801,False,True,False,ok,0.00012169999899924733,
EDM_C08,E09,literature,VAM,820.0,820.0,0.0,0.0,100.0,True,True,True,ok,0.00018629999976838008,
EDM_C08,E09,literature,LDVAM,820.0,820.0,0.0,0.0,100.0,True,True,True,ok,0.00048380000043835025,
EDM_C08,E09,literature,RAM,820.0,820.0,0.0,0.0,100.0,True,True,True,ok,0.0007801000010658754,
EDM_C08,E09,literature,TDM1,820.0,820.0,0.0,0.0,100.0,True,True,True,ok,0.00019380000048840884,
EDM_C08,E09,literature,TDM2,820.0,820.0,0.0,0.0,100.0,True,True,True,ok,0.00020389999917824753,
EDM_C08,E09,literature,TDSM,820.0,820.0,0.0,0.0,100.0,True,True,True,ok,0.00016120000145747326,
EDM_C08,E09,literature,THP,820.0,855.0,35.0,4.2682926829268295,95.90643274853801,False,True,False,ok,0.0002888999988499563,
EDM_C08,E09,literature,SSM,820.0,820.0,0.0,0.0,100.0,True,True,True,ok,0.0001550999986648094,
EDM_C08,E09,literature,CSM,820.0,830.0,10.0,1.2195121951219512,98.79518072289157,False,True,False,ok,0.00026760000037029386,
EDM_C08,E09,literature,RBSM,820.0,830.0,10.0,1.2195121951219512,98.79518072289157,False,True,False,ok,0.000146399999721325,
EDM_C08,E09,literature,BCE,820.0,820.0,0.0,0.0,100.0,True,True,True,ok,0.00011910000102943741,
EDM_C08,E09,literature,MRM,820.0,820.0,0.0,0.0,100.0,True,True,True,ok,0.00011350000022503082,
EDM_C09,E09,literature,NWCM,291.0,329.0,38.0,13.058419243986254,88.44984802431611,False,True,False,ok,0.00014519999967887998,
EDM_C09,E09,literature,LCM,291.0,319.0,28.0,9.621993127147766,91.22257053291536,False,True,False,ok,0.00030729999889445025,
EDM_C09,E09,literature,VAM,291.0,327.0,36.0,12.371134020618557,88.9908256880734,False,True,True,ok,0.00018260000069858506,
EDM_C09,E09,literature,LDVAM,291.0,327.0,36.0,12.371134020618557,88.9908256880734,False,True,True,ok,0.000170000001162407,
EDM_C09,E09,literature,RAM,291.0,291.0,0.0,0.0,100.0,True,True,False,ok,0.00017690000095171854,
EDM_C09,E09,literature,TDM1,291.0,291.0,0.0,0.0,100.0,True,True,False,ok,0.00019950000023527537,
EDM_C09,E09,literature,TDM2,291.0,319.0,28.0,9.621993127147766,91.22257053291536,False,True,False,ok,0.0002265999992232537,
EDM_C09,E09,literature,TDSM,291.0,291.0,0.0,0.0,100.0,True,True,False,ok,0.00020959999892511405,
EDM_C09,E09,literature,THP,291.0,291.0,0.0,0.0,100.0,True,True,False,ok,0.0002148000003217021,
EDM_C09,E09,literature,SSM,291.0,291.0,0.0,0.0,100.0,True,True,False,ok,0.00027070000032836106,
EDM_C09,E09,literature,CSM,291.0,327.0,36.0,12.371134020618557,88.9908256880734,False,True,True,ok,0.00011300000005576294,
EDM_C09,E09,literature,RBSM,291.0,327.0,36.0,12.371134020618557,88.9908256880734,False,True,True,ok,0.0002195999986724928,
EDM_C09,E09,literature,BCE,291.0,291.0,0.0,0.0,100.0,True,True,False,ok,0.00013980000039737206,
EDM_C09,E09,literature,MRM,291.0,319.0,28.0,9.621993127147766,91.22257053291536,False,True,False,ok,0.0003910000014002435,
EDM_C11,E09,literature,NWCM,109.0,167.0,58.0,53.211009174311926,65.26946107784431,False,True,True,ok,0.00017380000099365134,
EDM_C11,E09,literature,LCM,109.0,117.0,8.0,7.339449541284404,93.16239316239316,False,True,False,ok,0.00035459999890008476,
EDM_C11,E09,literature,VAM,109.0,109.0,0.0,0.0,100.0,True,True,False,ok,0.00080329999946116,
EDM_C11,E09,literature,LDVAM,109.0,109.0,0.0,0.0,100.0,True,True,False,ok,0.0006111000002420042,
EDM_C11,E09,literature,RAM,109.0,109.0,0.0,0.0,100.0,True,True,True,ok,0.0002997999999934109,
EDM_C11,E09,literature,TDM1,109.0,117.0,8.0,7.339449541284404,93.16239316239316,False,True,True,ok,0.0002981999987241579,
EDM_C11,E09,literature,TDM2,109.0,119.0,10.0,9.174311926605505,91.59663865546219,False,True,True,ok,0.00045249999857333023,
EDM_C11,E09,literature,TDSM,109.0,109.0,0.0,0.0,100.0,True,True,False,ok,0.0004828000000998145,
EDM_C11,E09,literature,THP,109.0,118.0,9.0,8.256880733944953,92.37288135593221,False,True,False,ok,0.0011058000000048196,
EDM_C11,E09,literature,SSM,109.0,109.0,0.0,0.0,100.0,True,True,True,ok,0.00017490000027464703,
EDM_C11,E09,literature,CSM,109.0,109.0,0.0,0.0,100.0,True,True,True,ok,0.00026109999998880085,
EDM_C11,E09,literature,RBSM,109.0,109.0,0.0,0.0,100.0,True,True,True,ok,0.0001750999999785563,
EDM_C11,E09,literature,BCE,109.0,109.0,0.0,0.0,100.0,True,True,True,ok,0.00017449999904783908,
EDM_C11,E09,literature,MRM,109.0,109.0,0.0,0.0,100.0,True,True,True,ok,0.00017859999934444204,
EDM_C13,E09,literature,NWCM,605.0,935.0,330.0,54.54545454545455,64.70588235294117,False,True,False,ok,0.0001413000009051757,
EDM_C13,E09,literature,LCM,605.0,615.0,10.0,1.6528925619834711,98.3739837398374,False,True,False,ok,0.0001489000005676644,
EDM_C13,E09,literature,VAM,605.0,605.0,0.0,0.0,100.0,True,True,False,ok,0.0005195000012463424,
EDM_C13,E09,literature,LDVAM,605.0,605.0,0.0,0.0,100.0,True,True,False,ok,0.0002643999996507773,
EDM_C13,E09,literature,RAM,605.0,615.0,10.0,1.6528925619834711,98.3739837398374,False,True,False,ok,0.00021490000108315144,
EDM_C13,E09,literature,TDM1,605.0,605.0,0.0,0.0,100.0,True,True,False,ok,0.0002082999999402091,
EDM_C13,E09,literature,TDM2,605.0,605.0,0.0,0.0,100.0,True,True,False,ok,0.0010934000001725508,
EDM_C13,E09,literature,TDSM,605.0,605.0,0.0,0.0,100.0,True,True,False,ok,0.00030340000012074597,
EDM_C13,E09,literature,THP,605.0,605.0,0.0,0.0,100.0,True,True,False,ok,0.0011096999987785239,
EDM_C13,E09,literature,SSM,605.0,605.0,0.0,0.0,100.0,True,True,False,ok,0.0003577999996196013,
EDM_C13,E09,literature,CSM,605.0,615.0,10.0,1.6528925619834711,98.3739837398374,False,True,False,ok,0.0003295999995316379,
EDM_C13,E09,literature,RBSM,605.0,615.0,10.0,1.6528925619834711,98.3739837398374,False,True,False,ok,0.00038639999911538325,
EDM_C13,E09,literature,BCE,605.0,615.0,10.0,1.6528925619834711,98.3739837398374,False,True,False,ok,0.000314799999614479,
EDM_C13,E09,literature,MRM,605.0,605.0,0.0,0.0,100.0,True,True,False,ok,0.0003802999999606982,
EDM_C16,E09,literature,NWCM,450.0,600.0,150.0,33.333333333333336,75.0,False,True,False,ok,0.000727099999494385,
EDM_C16,E09,literature,LCM,450.0,560.0,110.0,24.444444444444443,80.35714285714286,False,True,False,ok,0.0004088000005140202,
EDM_C16,E09,literature,VAM,450.0,450.0,0.0,0.0,100.0,True,True,True,ok,0.0005951999992248602,
EDM_C16,E09,literature,LDVAM,450.0,450.0,0.0,0.0,100.0,True,True,True,ok,0.0005646000008709962,
EDM_C16,E09,literature,RAM,450.0,460.0,10.0,2.2222222222222223,97.82608695652173,False,True,False,ok,0.0005377999987103976,
EDM_C16,E09,literature,TDM1,450.0,450.0,0.0,0.0,100.0,True,True,True,ok,0.0004972000006091548,
EDM_C16,E09,literature,TDM2,450.0,570.0,120.0,26.666666666666668,78.94736842105263,False,True,False,ok,0.0008088000013231067,
EDM_C16,E09,literature,TDSM,450.0,450.0,0.0,0.0,100.0,True,True,True,ok,0.0007253000003402121,
EDM_C16,E09,literature,THP,450.0,660.0,210.0,46.666666666666664,68.18181818181819,False,True,False,ok,0.0007836999993742211,
EDM_C16,E09,literature,SSM,450.0,450.0,0.0,0.0,100.0,True,True,True,ok,0.0004571999998006504,
EDM_C16,E09,literature,CSM,450.0,450.0,0.0,0.0,100.0,True,True,True,ok,0.00032919999830482993,
EDM_C16,E09,literature,RBSM,450.0,450.0,0.0,0.0,100.0,True,True,True,ok,0.0003691000001708744,
EDM_C16,E09,literature,BCE,450.0,450.0,0.0,0.0,100.0,True,True,True,ok,0.0007655000008526258,
EDM_C16,E09,literature,MRM,450.0,570.0,120.0,26.666666666666668,78.94736842105263,False,True,False,ok,0.002135999999154592,
EDM_C19,E09,literature,NWCM,840.0,1010.0,170.0,20.238095238095237,83.16831683168317,False,True,False,ok,0.00019749999955820385,
EDM_C19,E09,literature,LCM,840.0,1210.0,370.0,44.04761904761905,69.42148760330579,False,True,False,ok,0.00017019999904732686,
EDM_C19,E09,literature,VAM,840.0,880.0,40.0,4.761904761904762,95.45454545454545,False,True,False,ok,0.0003195999997842591,
EDM_C19,E09,literature,LDVAM,840.0,880.0,40.0,4.761904761904762,95.45454545454545,False,True,False,ok,0.000299299999824143,
EDM_C19,E09,literature,RAM,840.0,840.0,0.0,0.0,100.0,True,True,False,ok,0.0002454999994370155,
EDM_C19,E09,literature,TDM1,840.0,980.0,140.0,16.666666666666668,85.71428571428571,False,True,False,ok,0.0006025999991834396,
EDM_C19,E09,literature,TDM2,840.0,980.0,140.0,16.666666666666668,85.71428571428571,False,True,False,ok,0.0014797000003454741,
EDM_C19,E09,literature,TDSM,840.0,950.0,110.0,13.095238095238095,88.42105263157895,False,True,False,ok,0.0009062000008270843,
EDM_C19,E09,literature,THP,840.0,1070.0,230.0,27.38095238095238,78.50467289719626,False,True,False,ok,0.0008431999995082151,
EDM_C19,E09,literature,SSM,840.0,860.0,20.0,2.380952380952381,97.67441860465117,False,True,False,ok,0.00043399999958637636,
EDM_C19,E09,literature,CSM,840.0,840.0,0.0,0.0,100.0,True,True,False,ok,0.00047989999984565657,
EDM_C19,E09,literature,RBSM,840.0,900.0,60.0,7.142857142857143,93.33333333333333,False,True,False,ok,0.000488499999846681,
EDM_C19,E09,literature,BCE,840.0,,,,,,,,failed,1.489999885961879e-05,NotImplementedError: BCE unbalanced branch/model not sufficiently unambiguous; no dummy substitution
EDM_C19,E09,literature,MRM,840.0,840.0,0.0,0.0,100.0,True,True,False,ok,0.00031660000058764126,
EDM_C20,E09,literature,NWCM,59.0,64.0,5.0,8.474576271186441,92.1875,False,True,False,ok,0.0001630000006116461,
EDM_C20,E09,literature,LCM,59.0,69.0,10.0,16.949152542372882,85.5072463768116,False,True,False,ok,0.00013609999950858764,
EDM_C20,E09,literature,VAM,59.0,59.0,0.0,0.0,100.0,True,True,False,ok,0.00025319999986095354,
EDM_C20,E09,literature,LDVAM,59.0,59.0,0.0,0.0,100.0,True,True,False,ok,0.00023459999829356093,
EDM_C20,E09,literature,RAM,59.0,64.0,5.0,8.474576271186441,92.1875,False,True,False,ok,0.00019729999985429458,
EDM_C20,E09,literature,TDM1,59.0,59.0,0.0,0.0,100.0,True,True,False,ok,0.0004009000003861729,
EDM_C20,E09,literature,TDM2,59.0,59.0,0.0,0.0,100.0,True,True,False,ok,0.000392699999792967,
EDM_C20,E09,literature,TDSM,59.0,59.0,0.0,0.0,100.0,True,True,False,ok,0.001004200001261779,
EDM_C20,E09,literature,THP,59.0,69.0,10.0,16.949152542372882,85.5072463768116,False,True,False,ok,0.0004820000012841774,
EDM_C20,E09,literature,SSM,59.0,69.0,10.0,16.949152542372882,85.5072463768116,False,True,False,ok,0.00021999999989930075,
EDM_C20,E09,literature,CSM,59.0,63.0,4.0,6.779661016949152,93.65079365079364,False,True,False,ok,0.00017780000052880496,
EDM_C20,E09,literature,RBSM,59.0,63.0,4.0,6.779661016949152,93.65079365079364,False,True,False,ok,0.00014629999895987567,
EDM_C20,E09,literature,BCE,59.0,69.0,10.0,16.949152542372882,85.5072463768116,False,True,False,ok,0.00016660000073898118,
EDM_C20,E09,literature,MRM,59.0,59.0,0.0,0.0,100.0,True,True,False,ok,0.00013389999912760686,
EDM_C22,E09,literature,NWCM,390.0,390.0,0.0,0.0,100.0,True,True,False,ok,0.0002994999995280523,
EDM_C22,E09,literature,LCM,390.0,490.0,100.0,25.641025641025642,79.59183673469387,False,True,False,ok,0.0003704999999172287,
EDM_C22,E09,literature,VAM,390.0,390.0,0.0,0.0,100.0,True,True,False,ok,0.000491400000100839,
EDM_C22,E09,literature,LDVAM,390.0,390.0,0.0,0.0,100.0,True,True,False,ok,0.000609200000326382,
EDM_C22,E09,literature,RAM,390.0,400.0,10.0,2.5641025641025643,97.5,False,True,True,ok,0.0004818999987037387,
EDM_C22,E09,literature,TDM1,390.0,400.0,10.0,2.5641025641025643,97.5,False,True,False,ok,0.0003010000000358559,
EDM_C22,E09,literature,TDM2,390.0,390.0,0.0,0.0,100.0,True,True,False,ok,0.0005629000006592833,
EDM_C22,E09,literature,TDSM,390.0,400.0,10.0,2.5641025641025643,97.5,False,True,False,ok,0.00032670000109646935,
EDM_C22,E09,literature,THP,390.0,470.0,80.0,20.512820512820515,82.97872340425532,False,True,False,ok,0.00037510000038309954,
EDM_C22,E09,literature,SSM,390.0,500.0,110.0,28.205128205128204,78.0,False,True,True,ok,0.00015009999879112002,
EDM_C22,E09,literature,CSM,390.0,480.0,90.0,23.076923076923077,81.25,False,True,False,ok,0.0007078999988152646,
EDM_C22,E09,literature,RBSM,390.0,480.0,90.0,23.076923076923077,81.25,False,True,False,ok,0.00041260000034526456,
EDM_C22,E09,literature,BCE,390.0,500.0,110.0,28.205128205128204,78.0,False,True,True,ok,0.0005923999997321516,
EDM_C22,E09,literature,MRM,390.0,400.0,10.0,2.5641025641025643,97.5,False,True,False,ok,0.00029770000037387945,
EDM_S1,E09,literature,NWCM,1375.0,1480.0,105.0,7.636363636363637,92.9054054054054,False,True,False,ok,0.0001422000004822621,
EDM_S1,E09,literature,LCM,1375.0,1380.0,5.0,0.36363636363636365,99.6376811594203,False,True,False,ok,0.0001370999998471234,
EDM_S1,E09,literature,VAM,1375.0,1435.0,60.0,4.363636363636363,95.81881533101046,False,True,False,ok,0.00024329999905603472,
EDM_S1,E09,literature,LDVAM,1375.0,1380.0,5.0,0.36363636363636365,99.6376811594203,False,True,False,ok,0.000234800001635449,
EDM_S1,E09,literature,RAM,1375.0,1380.0,5.0,0.36363636363636365,99.6376811594203,False,True,False,ok,0.0001951000012923032,
EDM_S1,E09,literature,TDM1,1375.0,1375.0,0.0,0.0,100.0,True,True,False,ok,0.00019700000120792538,
EDM_S1,E09,literature,TDM2,1375.0,1380.0,5.0,0.36363636363636365,99.6376811594203,False,True,False,ok,0.00040809999882185366,
EDM_S1,E09,literature,TDSM,1375.0,1375.0,0.0,0.0,100.0,True,True,False,ok,0.00029379999978118576,
EDM_S1,E09,literature,THP,1375.0,1380.0,5.0,0.36363636363636365,99.6376811594203,False,True,False,ok,0.0002879999992728699,
EDM_S1,E09,literature,SSM,1375.0,1380.0,5.0,0.36363636363636365,99.6376811594203,False,True,False,ok,0.000139899999339832,
EDM_S1,E09,literature,CSM,1375.0,1375.0,0.0,0.0,100.0,True,True,False,ok,0.0001247000000148546,
EDM_S1,E09,literature,RBSM,1375.0,1375.0,0.0,0.0,100.0,True,True,False,ok,0.00012210000022605527,
EDM_S1,E09,literature,BCE,1375.0,1385.0,10.0,0.7272727272727273,99.27797833935018,False,True,False,ok,0.00012400000014167745,
EDM_S1,E09,literature,MRM,1375.0,1380.0,5.0,0.36363636363636365,99.6376811594203,False,True,False,ok,0.00012170000081823673,
EDM_S3,E09,literature,NWCM,73.0,97.0,24.0,32.87671232876713,75.25773195876289,False,True,False,ok,0.00029279999944265,
EDM_S3,E09,literature,LCM,73.0,77.0,4.0,5.47945205479452,94.8051948051948,False,True,False,ok,0.0002491999985068105,
EDM_S3,E09,literature,VAM,73.0,73.0,0.0,0.0,100.0,True,True,False,ok,0.0005435999992187135,
EDM_S3,E09,literature,LDVAM,73.0,73.0,0.0,0.0,100.0,True,True,False,ok,0.0002459999996062834,
EDM_S3,E09,literature,RAM,73.0,73.0,0.0,0.0,100.0,True,True,False,ok,0.00020079999922018033,
EDM_S3,E09,literature,TDM1,73.0,77.0,4.0,5.47945205479452,94.8051948051948,False,True,False,ok,0.0003904999994119862,
EDM_S3,E09,literature,TDM2,73.0,77.0,4.0,5.47945205479452,94.8051948051948,False,True,False,ok,0.00050560000090627,
EDM_S3,E09,literature,TDSM,73.0,77.0,4.0,5.47945205479452,94.8051948051948,False,True,False,ok,0.0003857000010611955,
EDM_S3,E09,literature,THP,73.0,77.0,4.0,5.47945205479452,94.8051948051948,False,True,False,ok,0.0003906999991158955,
EDM_S3,E09,literature,SSM,73.0,77.0,4.0,5.47945205479452,94.8051948051948,False,True,True,ok,0.00014600000031350646,
EDM_S3,E09,literature,CSM,73.0,77.0,4.0,5.47945205479452,94.8051948051948,False,True,True,ok,0.00018819999968400225,
EDM_S3,E09,literature,RBSM,73.0,77.0,4.0,5.47945205479452,94.8051948051948,False,True,True,ok,0.00018790000103763305,
EDM_S3,E09,literature,BCE,73.0,77.0,4.0,5.47945205479452,94.8051948051948,False,True,True,ok,0.00011979999908362515,
EDM_S3,E09,literature,MRM,73.0,73.0,0.0,0.0,100.0,True,True,False,ok,0.0001300999992963625,
EDM_S4,E09,literature,NWCM,127.0,133.0,6.0,4.724409448818897,95.48872180451127,False,True,True,ok,0.00020930000027874485,
EDM_S4,E09,literature,LCM,127.0,133.0,6.0,4.724409448818897,95.48872180451127,False,True,True,ok,0.00014240000018617138,
EDM_S4,E09,literature,VAM,127.0,127.0,0.0,0.0,100.0,True,True,False,ok,0.000491300001158379,
EDM_S4,E09,literature,LDVAM,127.0,127.0,0.0,0.0,100.0,True,True,False,ok,0.0002614999993966194,
EDM_S4,E09,literature,RAM,127.0,127.0,0.0,0.0,100.0,True,True,False,ok,0.0005479999999806751,
EDM_S4,E09,literature,TDM1,127.0,133.0,6.0,4.724409448818897,95.48872180451127,False,True,True,ok,0.00020279999989725184,
EDM_S4,E09,literature,TDM2,127.0,133.0,6.0,4.724409448818897,95.48872180451127,False,True,True,ok,0.0003961000002163928,
EDM_S4,E09,literature,TDSM,127.0,133.0,6.0,4.724409448818897,95.48872180451127,False,True,True,ok,0.0002356000004510861,
EDM_S4,E09,literature,THP,127.0,133.0,6.0,4.724409448818897,95.48872180451127,False,True,True,ok,0.0004427999992913101,
EDM_S4,E09,literature,SSM,127.0,127.0,0.0,0.0,100.0,True,True,False,ok,0.00017269999989366625,
EDM_S4,E09,literature,CSM,127.0,133.0,6.0,4.724409448818897,95.48872180451127,False,True,True,ok,0.00011890000132552814,
EDM_S4,E09,literature,RBSM,127.0,133.0,6.0,4.724409448818897,95.48872180451127,False,True,True,ok,0.00010849999853235204,
EDM_S4,E09,literature,BCE,127.0,133.0,6.0,4.724409448818897,95.48872180451127,False,True,True,ok,0.0001658000001043547,
EDM_S4,E09,literature,MRM,127.0,133.0,6.0,4.724409448818897,95.48872180451127,False,True,True,ok,0.0001793000010366086,
EDM_S5,E09,literature,NWCM,1380.0,1650.0,270.0,19.565217391304348,83.63636363636364,False,True,True,ok,0.0001984999998967396,
EDM_S5,E09,literature,LCM,1380.0,1540.0,160.0,11.594202898550725,89.6103896103896,False,True,False,ok,0.00017150000167021062,
EDM_S5,E09,literature,VAM,1380.0,1380.0,0.0,0.0,100.0,True,True,False,ok,0.0003698999989865115,
EDM_S5,E09,literature,LDVAM,1380.0,1380.0,0.0,0.0,100.0,True,True,False,ok,0.0003440999989834381,
EDM_S5,E09,literature,RAM,1380.0,1385.0,5.0,0.36231884057971014,99.63898916967509,False,True,False,ok,0.00026809999872057233,
EDM_S5,E09,literature,TDM1,1380.0,1385.0,5.0,0.36231884057971014,99.63898916967509,False,True,False,ok,0.0002762000003713183,
EDM_S5,E09,literature,TDM2,1380.0,1385.0,5.0,0.36231884057971014,99.63898916967509,False,True,False,ok,0.0007188999989011791,
EDM_S5,E09,literature,TDSM,1380.0,1385.0,5.0,0.36231884057971014,99.63898916967509,False,True,False,ok,0.0008120999991660938,
EDM_S5,E09,literature,THP,1380.0,1540.0,160.0,11.594202898550725,89.6103896103896,False,True,True,ok,0.0005393000010371907,
EDM_S5,E09,literature,SSM,1380.0,1380.0,0.0,0.0,100.0,True,True,False,ok,0.00019919999976991676,
EDM_S5,E09,literature,CSM,1380.0,1380.0,0.0,0.0,100.0,True,True,False,ok,0.00018590000036056153,
EDM_S5,E09,literature,RBSM,1380.0,1385.0,5.0,0.36231884057971014,99.63898916967509,False,True,False,ok,0.0006219000006240094,
EDM_S5,E09,literature,BCE,1380.0,1380.0,0.0,0.0,100.0,True,True,False,ok,0.00028959999872313347,
EDM_S5,E09,literature,MRM,1380.0,1385.0,5.0,0.36231884057971014,99.63898916967509,False,True,False,ok,0.0003870999989885604,
MRM_BTP1,E15,literature,NWCM,475.0,770.0,295.0,62.10526315789474,61.688311688311686,False,True,False,ok,0.00015660000099160243,
MRM_BTP1,E15,literature,LCM,475.0,605.0,130.0,27.36842105263158,78.51239669421487,False,True,False,ok,0.0001224999996338738,
MRM_BTP1,E15,literature,VAM,475.0,490.0,15.0,3.1578947368421053,96.93877551020408,False,True,False,ok,0.00020699999913631473,
MRM_BTP1,E15,literature,LDVAM,475.0,490.0,15.0,3.1578947368421053,96.93877551020408,False,True,False,ok,0.00021010000091337133,
MRM_BTP1,E15,literature,RAM,475.0,490.0,15.0,3.1578947368421053,96.93877551020408,False,True,False,ok,0.00016900000082387123,
MRM_BTP1,E15,literature,TDM1,475.0,490.0,15.0,3.1578947368421053,96.93877551020408,False,True,False,ok,0.0001740000006975606,
MRM_BTP1,E15,literature,TDM2,475.0,490.0,15.0,3.1578947368421053,96.93877551020408,False,True,False,ok,0.0002144999998563435,
MRM_BTP1,E15,literature,TDSM,475.0,475.0,0.0,0.0,100.0,True,True,False,ok,0.00017180000031657983,
MRM_BTP1,E15,literature,THP,475.0,490.0,15.0,3.1578947368421053,96.93877551020408,False,True,False,ok,0.00022179999905347358,
MRM_BTP1,E15,literature,SSM,475.0,490.0,15.0,3.1578947368421053,96.93877551020408,False,True,False,ok,0.00019549999888113234,
MRM_BTP1,E15,literature,CSM,475.0,490.0,15.0,3.1578947368421053,96.93877551020408,False,True,False,ok,0.00012199999946460593,
MRM_BTP1,E15,literature,RBSM,475.0,490.0,15.0,3.1578947368421053,96.93877551020408,False,True,False,ok,0.00012059999971825164,
MRM_BTP1,E15,literature,BCE,475.0,490.0,15.0,3.1578947368421053,96.93877551020408,False,True,False,ok,0.00011719999929482583,
MRM_BTP1,E15,literature,MRM,475.0,475.0,0.0,0.0,100.0,True,True,False,ok,0.00011440000162110664,
MRM_BTP3,E15,literature,NWCM,240.0,320.0,80.0,33.333333333333336,75.0,False,True,True,ok,0.0001847000003181165,
MRM_BTP3,E15,literature,LCM,240.0,248.0,8.0,3.3333333333333335,96.7741935483871,False,True,False,ok,0.0001498000001447508,
MRM_BTP3,E15,literature,VAM,240.0,248.0,8.0,3.3333333333333335,96.7741935483871,False,True,False,ok,0.00025129999994533136,
MRM_BTP3,E15,literature,LDVAM,240.0,248.0,8.0,3.3333333333333335,96.7741935483871,False,True,False,ok,0.00023470000087399967,
MRM_BTP3,E15,literature,RAM,240.0,240.0,0.0,0.0,100.0,True,True,False,ok,0.00032619999910821207,
MRM_BTP3,E15,literature,TDM1,240.0,248.0,8.0,3.3333333333333335,96.7741935483871,False,True,False,ok,0.00020080000103916973,
MRM_BTP3,E15,literature,TDM2,240.0,248.0,8.0,3.3333333333333335,96.7741935483871,False,True,False,ok,0.00037760000122943893,
MRM_BTP3,E15,literature,TDSM,240.0,248.0,8.0,3.3333333333333335,96.7741935483871,False,True,False,ok,0.0006340999989333795,
MRM_BTP3,E15,literature,THP,240.0,249.0,9.0,3.75,96.3855421686747,False,True,False,ok,0.0008728000011615222,
MRM_BTP3,E15,literature,SSM,240.0,241.0,1.0,0.4166666666666667,99.5850622406639,False,True,False,ok,0.000371899999663583,
MRM_BTP3,E15,literature,CSM,240.0,241.0,1.0,0.4166666666666667,99.5850622406639,False,True,False,ok,0.0007239999995363178,
MRM_BTP3,E15,literature,RBSM,240.0,241.0,1.0,0.4166666666666667,99.5850622406639,False,True,False,ok,0.0007203999994089827,
MRM_BTP3,E15,literature,BCE,240.0,240.0,0.0,0.0,100.0,True,True,False,ok,0.0006807999998272862,
MRM_BTP3,E15,literature,MRM,240.0,248.0,8.0,3.3333333333333335,96.7741935483871,False,True,False,ok,0.0004573999995045597,
MRM_BTP6,E15,literature,NWCM,3320.0,4160.0,840.0,25.301204819277107,79.8076923076923,False,True,False,ok,0.00017610000031709205,
MRM_BTP6,E15,literature,LCM,3320.0,3320.0,0.0,0.0,100.0,True,True,False,ok,0.00023520000104326755,
MRM_BTP6,E15,literature,VAM,3320.0,3320.0,0.0,0.0,100.0,True,True,False,ok,0.0002857999988918891,
MRM_BTP6,E15,literature,LDVAM,3320.0,3320.0,0.0,0.0,100.0,True,True,False,ok,0.00024529999973310623,
MRM_BTP6,E15,literature,RAM,3320.0,3520.0,200.0,6.024096385542169,94.31818181818181,False,True,False,ok,0.0001936999997269595,
MRM_BTP6,E15,literature,TDM1,3320.0,3320.0,0.0,0.0,100.0,True,True,False,ok,0.0007279000001290115,
MRM_BTP6,E15,literature,TDM2,3320.0,3320.0,0.0,0.0,100.0,True,True,False,ok,0.0008254000003944384,
MRM_BTP6,E15,literature,TDSM,3320.0,3320.0,0.0,0.0,100.0,True,True,False,ok,0.00023320000036619604,
MRM_BTP6,E15,literature,THP,3320.0,3320.0,0.0,0.0,100.0,True,True,False,ok,0.0002607000005809823,
MRM_BTP6,E15,literature,SSM,3320.0,3500.0,180.0,5.421686746987952,94.85714285714286,False,True,False,ok,0.00012229999992996454,
MRM_BTP6,E15,literature,CSM,3320.0,3500.0,180.0,5.421686746987952,94.85714285714286,False,True,False,ok,0.00015730000086477958,
MRM_BTP6,E15,literature,RBSM,3320.0,3500.0,180.0,5.421686746987952,94.85714285714286,False,True,False,ok,0.000384900000426569,
MRM_BTP6,E15,literature,BCE,3320.0,3320.0,0.0,0.0,100.0,True,True,False,ok,0.00012849999984609894,
MRM_BTP6,E15,literature,MRM,3320.0,3320.0,0.0,0.0,100.0,True,True,False,ok,0.00012760000026901253,
MRM_BTP7,E15,literature,NWCM,1390.0,1500.0,110.0,7.913669064748201,92.66666666666667,False,True,False,ok,0.0003637999998318264,
MRM_BTP7,E15,literature,LCM,1390.0,1450.0,60.0,4.316546762589928,95.86206896551724,False,True,True,ok,0.0002961999998660758,
MRM_BTP7,E15,literature,VAM,1390.0,1500.0,110.0,7.913669064748201,92.66666666666667,False,True,False,ok,0.0006866000003356021,
MRM_BTP7,E15,literature,LDVAM,1390.0,1390.0,0.0,0.0,100.0,True,True,False,ok,0.000886499999978696,
MRM_BTP7,E15,literature,RAM,1390.0,1390.0,0.0,0.0,100.0,True,True,False,ok,0.0004335000012360979,
MRM_BTP7,E15,literature,TDM1,1390.0,1440.0,50.0,3.597122302158273,96.52777777777777,False,True,False,ok,0.0003618000009737443,
MRM_BTP7,E15,literature,TDM2,1390.0,1390.0,0.0,0.0,100.0,True,True,False,ok,0.0002506000000721542,
MRM_BTP7,E15,literature,TDSM,1390.0,1440.0,50.0,3.597122302158273,96.52777777777777,False,True,False,ok,0.00017309999930148479,
MRM_BTP7,E15,literature,THP,1390.0,1390.0,0.0,0.0,100.0,True,True,False,ok,0.00021220000053290278,
MRM_BTP7,E15,literature,SSM,1390.0,1450.0,60.0,4.316546762589928,95.86206896551724,False,True,True,ok,0.00012149999929533806,
MRM_BTP7,E15,literature,CSM,1390.0,1450.0,60.0,4.316546762589928,95.86206896551724,False,True,True,ok,0.00010870000005525071,
MRM_BTP7,E15,literature,RBSM,1390.0,1450.0,60.0,4.316546762589928,95.86206896551724,False,True,True,ok,9.449999924981967e-05,
MRM_BTP7,E15,literature,BCE,1390.0,1450.0,60.0,4.316546762589928,95.86206896551724,False,True,True,ok,9.679999857326038e-05,
MRM_BTP7,E15,literature,MRM,1390.0,1390.0,0.0,0.0,100.0,True,True,False,ok,0.00010930000098596793,
MRM_BTP8,E15,literature,NWCM,830.0,830.0,0.0,0.0,100.0,True,True,False,ok,0.0004984999995940598,
MRM_BTP8,E15,literature,LCM,830.0,890.0,60.0,7.228915662650603,93.25842696629213,False,True,False,ok,0.00014060000103199854,
MRM_BTP8,E15,literature,VAM,830.0,830.0,0.0,0.0,100.0,True,True,False,ok,0.00021809999998367857,
MRM_BTP8,E15,literature,LDVAM,830.0,830.0,0.0,0.0,100.0,True,True,False,ok,0.00019109999993816018,
MRM_BTP8,E15,literature,RAM,830.0,830.0,0.0,0.0,100.0,True,True,False,ok,0.0001816000003600493,
MRM_BTP8,E15,literature,TDM1,830.0,830.0,0.0,0.0,100.0,True,True,False,ok,0.00016770000001997687,
MRM_BTP8,E15,literature,TDM2,830.0,830.0,0.0,0.0,100.0,True,True,False,ok,0.0009797999991860706,
MRM_BTP8,E15,literature,TDSM,830.0,830.0,0.0,0.0,100.0,True,True,False,ok,0.00037789999987580813,
MRM_BTP8,E15,literature,THP,830.0,890.0,60.0,7.228915662650603,93.25842696629213,False,True,False,ok,0.00037340000017138664,
MRM_BTP8,E15,literature,SSM,830.0,830.0,0.0,0.0,100.0,True,True,False,ok,0.000352700000803452,
MRM_BTP8,E15,literature,CSM,830.0,830.0,0.0,0.0,100.0,True,True,False,ok,0.00033819999953266233,
MRM_BTP8,E15,literature,RBSM,830.0,830.0,0.0,0.0,100.0,True,True,False,ok,0.0003195999997842591,
MRM_BTP8,E15,literature,BCE,830.0,,,,,,,,failed,0.0002325000004930189,RuntimeError: Repair cycle; no fallback or forced feasibility applied
MRM_BTP8,E15,literature,MRM,830.0,830.0,0.0,0.0,100.0,True,True,False,ok,0.0001458000006095972,
MRM_BTP9,E15,literature,NWCM,430.0,740.0,310.0,72.09302325581395,58.108108108108105,False,True,False,ok,0.000550499999008025,
MRM_BTP9,E15,literature,LCM,430.0,450.0,20.0,4.651162790697675,95.55555555555556,False,True,False,ok,0.0008092999996733852,
MRM_BTP9,E15,literature,VAM,430.0,450.0,20.0,4.651162790697675,95.55555555555556,False,True,False,ok,0.0006460000004153699,
MRM_BTP9,E15,literature,LDVAM,430.0,450.0,20.0,4.651162790697675,95.55555555555556,False,True,False,ok,0.0005972000017209211,
MRM_BTP9,E15,literature,RAM,430.0,460.0,30.0,6.976744186046512,93.47826086956522,False,True,True,ok,0.0002839999997377163,
MRM_BTP9,E15,literature,TDM1,430.0,450.0,20.0,4.651162790697675,95.55555555555556,False,True,True,ok,0.00029490000088117085,
MRM_BTP9,E15,literature,TDM2,430.0,450.0,20.0,4.651162790697675,95.55555555555556,False,True,False,ok,0.0005085000011604279,
MRM_BTP9,E15,literature,TDSM,430.0,450.0,20.0,4.651162790697675,95.55555555555556,False,True,False,ok,0.0003262999998696614,
MRM_BTP9,E15,literature,THP,430.0,450.0,20.0,4.651162790697675,95.55555555555556,False,True,False,ok,0.00043449999975564424,
MRM_BTP9,E15,literature,SSM,430.0,440.0,10.0,2.3255813953488373,97.72727272727273,False,True,True,ok,0.00020330000006651971,
MRM_BTP9,E15,literature,CSM,430.0,440.0,10.0,2.3255813953488373,97.72727272727273,False,True,True,ok,0.00031210000088321976,
MRM_BTP9,E15,literature,RBSM,430.0,440.0,10.0,2.3255813953488373,97.72727272727273,False,True,True,ok,0.00019979999888164457,
MRM_BTP9,E15,literature,BCE,430.0,,,,,,,,failed,0.00023180000061984174,RuntimeError: Repair cycle; no fallback or forced feasibility applied
MRM_BTP9,E15,literature,MRM,430.0,450.0,20.0,4.651162790697675,95.55555555555556,False,True,True,ok,0.00041280000004917383,
MRM_BTP10,E15,literature,NWCM,68.0,93.0,25.0,36.76470588235294,73.11827956989248,False,True,False,ok,0.00024030000167840626,
MRM_BTP10,E15,literature,LCM,68.0,79.0,11.0,16.176470588235293,86.07594936708861,False,True,False,ok,0.0001429999992978992,
MRM_BTP10,E15,literature,VAM,68.0,68.0,0.0,0.0,100.0,True,True,False,ok,0.0004269999990356155,
MRM_BTP10,E15,literature,LDVAM,68.0,68.0,0.0,0.0,100.0,True,True,False,ok,0.0006109999994805548,
MRM_BTP10,E15,literature,RAM,68.0,68.0,0.0,0.0,100.0,True,True,False,ok,0.00020670000048994552,
MRM_BTP10,E15,literature,TDM1,68.0,68.0,0.0,0.0,100.0,True,True,False,ok,0.0003907000009348849,
MRM_BTP10,E15,literature,TDM2,68.0,68.0,0.0,0.0,100.0,True,True,False,ok,0.0003466000016487669,
MRM_BTP10,E15,literature,TDSM,68.0,68.0,0.0,0.0,100.0,True,True,False,ok,0.00022470000112662092,
MRM_BTP10,E15,literature,THP,68.0,77.0,9.0,13.235294117647058,88.31168831168831,False,True,False,ok,0.00025570000070729293,
MRM_BTP10,E15,literature,SSM,68.0,68.0,0.0,0.0,100.0,True,True,False,ok,0.0002562000008765608,
MRM_BTP10,E15,literature,CSM,68.0,68.0,0.0,0.0,100.0,True,True,False,ok,0.00015979999989212956,
MRM_BTP10,E15,literature,RBSM,68.0,68.0,0.0,0.0,100.0,True,True,False,ok,0.00036949999957869295,
MRM_BTP10,E15,literature,BCE,68.0,68.0,0.0,0.0,100.0,True,True,False,ok,0.0005930999996053288,
MRM_BTP10,E15,literature,MRM,68.0,68.0,0.0,0.0,100.0,True,True,False,ok,0.0004056000016134931,
MRM_UTP2,E15,literature,NWCM,12475.0,14725.0,2250.0,18.03607214428858,84.71986417657045,False,True,False,ok,0.0002015999998548068,
MRM_UTP2,E15,literature,LCM,12475.0,14625.0,2150.0,17.23446893787575,85.2991452991453,False,True,False,ok,0.00018739999904937577,
MRM_UTP2,E15,literature,VAM,12475.0,13225.0,750.0,6.012024048096192,94.3289224952741,False,True,False,ok,0.00037990000055287965,
MRM_UTP2,E15,literature,LDVAM,12475.0,13225.0,750.0,6.012024048096192,94.3289224952741,False,True,False,ok,0.0005083999985799892,
MRM_UTP2,E15,literature,RAM,12475.0,12475.0,0.0,0.0,100.0,True,True,False,ok,0.00029069999982311856,
MRM_UTP2,E15,literature,TDM1,12475.0,12925.0,450.0,3.6072144288577155,96.5183752417795,False,True,True,ok,0.00026169999910052866,
MRM_UTP2,E15,literature,TDM2,12475.0,12925.0,450.0,3.6072144288577155,96.5183752417795,False,True,True,ok,0.0003907000009348849,
MRM_UTP2,E15,literature,TDSM,12475.0,12925.0,450.0,3.6072144288577155,96.5183752417795,False,True,True,ok,0.00026650000108929817,
MRM_UTP2,E15,literature,THP,12475.0,14750.0,2275.0,18.236472945891784,84.57627118644068,False,True,True,ok,0.0003197999994881684,
MRM_UTP2,E15,literature,SSM,12475.0,12475.0,0.0,0.0,100.0,True,True,False,ok,0.00019659999998111743,
MRM_UTP2,E15,literature,CSM,12475.0,13350.0,875.0,7.014028056112225,93.44569288389513,False,True,False,ok,0.00019439999960013665,
MRM_UTP2,E15,literature,RBSM,12475.0,13350.0,875.0,7.014028056112225,93.44569288389513,False,True,False,ok,0.00018899999849963933,
MRM_UTP2,E15,literature,BCE,12475.0,,,,,,,,failed,8.000000889296643e-06,NotImplementedError: BCE unbalanced branch/model not sufficiently unambiguous; no dummy substitution
MRM_UTP2,E15,literature,MRM,12475.0,12475.0,0.0,0.0,100.0,True,True,False,ok,0.00015499999972234946,
MRM_UTP3,E15,literature,NWCM,9200.0,13100.0,3900.0,42.391304347826086,70.22900763358778,False,True,True,ok,0.00017149999985122122,
MRM_UTP3,E15,literature,LCM,9200.0,9800.0,600.0,6.521739130434782,93.87755102040816,False,True,True,ok,0.0001644000003580004,
MRM_UTP3,E15,literature,VAM,9200.0,9200.0,0.0,0.0,100.0,True,True,True,ok,0.00033400000029359944,
MRM_UTP3,E15,literature,LDVAM,9200.0,9200.0,0.0,0.0,100.0,True,True,True,ok,0.0003281999997852836,
MRM_UTP3,E15,literature,RAM,9200.0,9300.0,100.0,1.0869565217391304,98.9247311827957,False,True,True,ok,0.0002506000000721542,
MRM_UTP3,E15,literature,TDM1,9200.0,9200.0,0.0,0.0,100.0,True,True,True,ok,0.00025300000015704427,
MRM_UTP3,E15,literature,TDM2,9200.0,9800.0,600.0,6.521739130434782,93.87755102040816,False,True,True,ok,0.0004972999995516147,
MRM_UTP3,E15,literature,TDSM,9200.0,9200.0,0.0,0.0,100.0,True,True,True,ok,0.0002550000008341158,
MRM_UTP3,E15,literature,THP,9200.0,10700.0,1500.0,16.304347826086957,85.98130841121495,False,True,False,ok,0.0003895999998348998,
MRM_UTP3,E15,literature,SSM,9200.0,9200.0,0.0,0.0,100.0,True,True,True,ok,0.0002960999991046265,
MRM_UTP3,E15,literature,CSM,9200.0,9200.0,0.0,0.0,100.0,True,True,True,ok,0.0005436999999801628,
MRM_UTP3,E15,literature,RBSM,9200.0,9200.0,0.0,0.0,100.0,True,True,True,ok,0.0005178999999770895,
MRM_UTP3,E15,literature,BCE,9200.0,,,,,,,,failed,1.579999843670521e-05,NotImplementedError: BCE unbalanced branch/model not sufficiently unambiguous; no dummy substitution
MRM_UTP3,E15,literature,MRM,9200.0,9200.0,0.0,0.0,100.0,True,True,True,ok,0.0005760000003647292,
MRM_HDTP3,E15,author_synthetic,NWCM,2600.0,4560.0,1960.0,75.38461538461539,57.01754385964912,False,True,True,ok,0.0005727999996452127,
MRM_HDTP3,E15,author_synthetic,LCM,2600.0,2860.0,260.0,10.0,90.9090909090909,False,True,True,ok,0.0013347999993129633,
MRM_HDTP3,E15,author_synthetic,VAM,2600.0,2740.0,140.0,5.384615384615385,94.8905109489051,False,True,True,ok,0.003772299998672679,
MRM_HDTP3,E15,author_synthetic,LDVAM,2600.0,2820.0,220.0,8.461538461538462,92.19858156028369,False,True,True,ok,0.0027955000005022157,
MRM_HDTP3,E15,author_synthetic,RAM,2600.0,2770.0,170.0,6.538461538461538,93.86281588447653,False,True,True,ok,0.0020686999996542,
MRM_HDTP3,E15,author_synthetic,TDM1,2600.0,2800.0,200.0,7.6923076923076925,92.85714285714286,False,True,True,ok,0.003293800000392366,
MRM_HDTP3,E15,author_synthetic,TDM2,2600.0,2730.0,130.0,5.0,95.23809523809524,False,True,True,ok,0.0032559000010223826,
MRM_HDTP3,E15,author_synthetic,TDSM,2600.0,2810.0,210.0,8.076923076923077,92.52669039145907,False,True,True,ok,0.002363300000070012,
MRM_HDTP3,E15,author_synthetic,THP,2600.0,2910.0,310.0,11.923076923076923,89.34707903780068,False,True,False,ok,0.0032148999998753425,
MRM_HDTP3,E15,author_synthetic,SSM,2600.0,2710.0,110.0,4.230769230769231,95.9409594095941,False,True,True,ok,0.0010228000010101823,
MRM_HDTP3,E15,author_synthetic,CSM,2600.0,2690.0,90.0,3.4615384615384617,96.6542750929368,False,True,True,ok,0.0006718999993609032,
MRM_HDTP3,E15,author_synthetic,RBSM,2600.0,2670.0,70.0,2.6923076923076925,97.37827715355806,False,True,True,ok,0.0007363999993685866,
MRM_HDTP3,E15,author_synthetic,BCE,2600.0,,,,,,,,failed,1.3299999409355223e-05,NotImplementedError: BCE unbalanced branch/model not sufficiently unambiguous; no dummy substitution
MRM_HDTP3,E15,author_synthetic,MRM,2600.0,2710.0,110.0,4.230769230769231,95.9409594095941,False,True,True,ok,0.0007953999993333127,
