suite,problem,canonical,variant,optimal,source,cost,status,basic,gap,gap_pct,accuracy,optimal_hit,seconds,error,baseline_cost,baseline_status,improvement
published,L01_Table2,True,baseline,435.0,L01,460.0,ok,True,25.0,5.747126436781609,94.56521739130434,False,0.00041680000140331686,nan,460.0,ok,0.0
published,L01_Table2,True,cap_receiver,435.0,L01,435.0,ok,True,0.0,0.0,100.0,True,0.0001593000015418511,nan,460.0,ok,25.0
published,L01_Table2,True,net_tie,435.0,L01,460.0,ok,True,25.0,5.747126436781609,94.56521739130434,False,0.0001336999994236976,nan,460.0,ok,0.0
published,L01_Table2,True,cap_net_tie,435.0,L01,435.0,ok,True,0.0,0.0,100.0,True,0.0001376999971398618,nan,460.0,ok,25.0
published,L01_Table2,True,top2_completion,435.0,L01,460.0,ok,True,25.0,5.747126436781609,94.56521739130434,False,0.00022200000239536166,nan,460.0,ok,0.0
published,L02_Table3,True,baseline,111.0,L02,nan,unverified,nan,nan,nan,nan,nan,3.600000127335079e-05,Multiple excess rows after initialization: original dependency branch not verified,nan,unverified,nan
published,L02_Table3,True,cap_receiver,111.0,L02,nan,unverified,nan,nan,nan,nan,nan,2.6599998818710446e-05,Multiple excess rows after initialization: original dependency branch not verified,nan,unverified,nan
published,L02_Table3,True,net_tie,111.0,L02,nan,unverified,nan,nan,nan,nan,nan,2.4500001018168405e-05,Multiple excess rows after initialization: original dependency branch not verified,nan,unverified,nan
published,L02_Table3,True,cap_net_tie,111.0,L02,nan,unverified,nan,nan,nan,nan,nan,2.3499997041653842e-05,Multiple excess rows after initialization: original dependency branch not verified,nan,unverified,nan
published,L02_Table3,True,top2_completion,111.0,L02,nan,unverified,nan,nan,nan,nan,nan,2.3299999156733975e-05,Multiple excess rows after initialization: original dependency branch not verified,nan,unverified,nan
published,L02_Table7,True,baseline,7750.0,L02,8350.0,ok,True,600.0,7.741935483870968,92.81437125748504,False,0.00026790000265464187,nan,8350.0,ok,0.0
published,L02_Table7,True,cap_receiver,7750.0,L02,7750.0,ok,True,0.0,0.0,100.0,True,0.00022569999782717787,nan,8350.0,ok,600.0
published,L02_Table7,True,net_tie,7750.0,L02,8350.0,ok,True,600.0,7.741935483870968,92.81437125748504,False,0.00026250000155414455,nan,8350.0,ok,0.0
published,L02_Table7,True,cap_net_tie,7750.0,L02,7750.0,ok,True,0.0,0.0,100.0,True,0.00028649999876506627,nan,8350.0,ok,600.0
published,L02_Table7,True,top2_completion,7750.0,L02,8350.0,ok,True,600.0,7.741935483870968,92.81437125748504,False,0.0013222999987192452,nan,8350.0,ok,0.0
published,L03_Table2,True,baseline,465.0,L03,473.0,ok,True,8.0,1.7204301075268817,98.30866807610994,False,0.0001453000004403293,nan,473.0,ok,0.0
published,L03_Table2,True,cap_receiver,465.0,L03,465.0,ok,True,0.0,0.0,100.0,True,0.0001401999979862012,nan,473.0,ok,8.0
published,L03_Table2,True,net_tie,465.0,L03,473.0,ok,True,8.0,1.7204301075268817,98.30866807610994,False,0.0001781999999366235,nan,473.0,ok,0.0
published,L03_Table2,True,cap_net_tie,465.0,L03,465.0,ok,True,0.0,0.0,100.0,True,0.000270799999270821,nan,473.0,ok,8.0
published,L03_Table2,True,top2_completion,465.0,L03,473.0,ok,True,8.0,1.7204301075268817,98.30866807610994,False,0.00020140000196988694,nan,473.0,ok,0.0
published,L04_Example1,True,baseline,55.0,L04,61.0,ok,True,6.0,10.909090909090908,90.1639344262295,False,0.0001145999995060265,nan,61.0,ok,0.0
published,L04_Example1,True,cap_receiver,55.0,L04,55.0,ok,True,0.0,0.0,100.0,True,0.00012760000026901253,nan,61.0,ok,6.0
published,L04_Example1,True,net_tie,55.0,L04,55.0,ok,True,0.0,0.0,100.0,True,0.0001432999997632578,nan,61.0,ok,6.0
published,L04_Example1,True,cap_net_tie,55.0,L04,55.0,ok,True,0.0,0.0,100.0,True,0.00013770000077784061,nan,61.0,ok,6.0
published,L04_Example1,True,top2_completion,55.0,L04,55.0,ok,True,0.0,0.0,100.0,True,0.00027039999986300245,nan,61.0,ok,6.0
published,L04_Example2,True,baseline,1945.0,L04,nan,unverified,nan,nan,nan,nan,nan,3.560000186553225e-05,Multiple excess rows after initialization: original dependency branch not verified,nan,unverified,nan
published,L04_Example2,True,cap_receiver,1945.0,L04,nan,unverified,nan,nan,nan,nan,nan,2.640000093379058e-05,Multiple excess rows after initialization: original dependency branch not verified,nan,unverified,nan
published,L04_Example2,True,net_tie,1945.0,L04,nan,unverified,nan,nan,nan,nan,nan,2.5399996957276016e-05,Multiple excess rows after initialization: original dependency branch not verified,nan,unverified,nan
published,L04_Example2,True,cap_net_tie,1945.0,L04,nan,unverified,nan,nan,nan,nan,nan,2.4099997972371057e-05,Multiple excess rows after initialization: original dependency branch not verified,nan,unverified,nan
published,L04_Example2,True,top2_completion,1945.0,L04,nan,unverified,nan,nan,nan,nan,nan,2.3700002202531323e-05,Multiple excess rows after initialization: original dependency branch not verified,nan,unverified,nan
published,L05_Example1,True,baseline,985.0,L05,1045.0,ok,True,60.0,6.091370558375634,94.25837320574162,False,0.00013519999993150122,nan,1045.0,ok,0.0
published,L05_Example1,True,cap_receiver,985.0,L05,985.0,ok,True,0.0,0.0,100.0,True,0.0001446999995096121,nan,1045.0,ok,60.0
published,L05_Example1,True,net_tie,985.0,L05,985.0,ok,True,0.0,0.0,100.0,True,0.00013330000001587905,nan,1045.0,ok,60.0
published,L05_Example1,True,cap_net_tie,985.0,L05,985.0,ok,True,0.0,0.0,100.0,True,0.0001354000014543999,nan,1045.0,ok,60.0
published,L05_Example1,True,top2_completion,985.0,L05,985.0,ok,True,0.0,0.0,100.0,True,0.0003074999985983595,nan,1045.0,ok,60.0
published,L05_Example2,True,baseline,4525.0,L05,nan,unverified,nan,nan,nan,nan,nan,2.769999991869554e-05,Multiple excess rows after initialization: original dependency branch not verified,nan,unverified,nan
published,L05_Example2,True,cap_receiver,4525.0,L05,nan,unverified,nan,nan,nan,nan,nan,2.3399999918183312e-05,Multiple excess rows after initialization: original dependency branch not verified,nan,unverified,nan
published,L05_Example2,True,net_tie,4525.0,L05,nan,unverified,nan,nan,nan,nan,nan,2.2399999579647556e-05,Multiple excess rows after initialization: original dependency branch not verified,nan,unverified,nan
published,L05_Example2,True,cap_net_tie,4525.0,L05,nan,unverified,nan,nan,nan,nan,nan,2.2000000171829015e-05,Multiple excess rows after initialization: original dependency branch not verified,nan,unverified,nan
published,L05_Example2,True,top2_completion,4525.0,L05,nan,unverified,nan,nan,nan,nan,nan,2.1800002286909148e-05,Multiple excess rows after initialization: original dependency branch not verified,nan,unverified,nan
published,L05_Example3,True,baseline,2366.0,L05,nan,unverified,nan,nan,nan,nan,nan,2.809999932651408e-05,Multiple excess rows after initialization: original dependency branch not verified,nan,unverified,nan
published,L05_Example3,True,cap_receiver,2366.0,L05,nan,unverified,nan,nan,nan,nan,nan,2.550000135670416e-05,Multiple excess rows after initialization: original dependency branch not verified,nan,unverified,nan
published,L05_Example3,True,net_tie,2366.0,L05,nan,unverified,nan,nan,nan,nan,nan,2.5099998310906813e-05,Multiple excess rows after initialization: original dependency branch not verified,nan,unverified,nan
published,L05_Example3,True,cap_net_tie,2366.0,L05,nan,unverified,nan,nan,nan,nan,nan,2.5200002710334957e-05,Multiple excess rows after initialization: original dependency branch not verified,nan,unverified,nan
published,L05_Example3,True,top2_completion,2366.0,L05,nan,unverified,nan,nan,nan,nan,nan,2.5099998310906813e-05,Multiple excess rows after initialization: original dependency branch not verified,nan,unverified,nan
published,E01_Example1,True,baseline,3460.0,E01,3460.0,ok,True,0.0,0.0,100.0,True,0.00011140000060549937,nan,3460.0,ok,0.0
published,E01_Example1,True,cap_receiver,3460.0,E01,3460.0,ok,True,0.0,0.0,100.0,True,0.00011770000128308311,nan,3460.0,ok,0.0
published,E01_Example1,True,net_tie,3460.0,E01,3460.0,ok,True,0.0,0.0,100.0,True,0.00012060000153724104,nan,3460.0,ok,0.0
published,E01_Example1,True,cap_net_tie,3460.0,E01,3460.0,ok,True,0.0,0.0,100.0,True,0.00011410000297473744,nan,3460.0,ok,0.0
published,E01_Example1,True,top2_completion,3460.0,E01,3460.0,ok,True,0.0,0.0,100.0,True,0.0002491999985068105,nan,3460.0,ok,0.0
published,E01_Example2,True,baseline,610.0,E01,nan,unverified,nan,nan,nan,nan,nan,3.3299998904112726e-05,Multiple excess rows after initialization: original dependency branch not verified,nan,unverified,nan
published,E01_Example2,True,cap_receiver,610.0,E01,nan,unverified,nan,nan,nan,nan,nan,2.4599998141638935e-05,Multiple excess rows after initialization: original dependency branch not verified,nan,unverified,nan
published,E01_Example2,True,net_tie,610.0,E01,nan,unverified,nan,nan,nan,nan,nan,2.3600001441081986e-05,Multiple excess rows after initialization: original dependency branch not verified,nan,unverified,nan
published,E01_Example2,True,cap_net_tie,610.0,E01,nan,unverified,nan,nan,nan,nan,nan,2.2999996872385964e-05,Multiple excess rows after initialization: original dependency branch not verified,nan,unverified,nan
published,E01_Example2,True,top2_completion,610.0,E01,nan,unverified,nan,nan,nan,nan,nan,2.2899999748915434e-05,Multiple excess rows after initialization: original dependency branch not verified,nan,unverified,nan
published,E01_Example3,True,baseline,743.0,E01,743.0,ok,True,0.0,0.0,100.0,True,0.00010870000187424012,nan,743.0,ok,0.0
published,E01_Example3,True,cap_receiver,743.0,E01,779.0,ok,True,36.0,4.8452220726783315,95.37869062901156,False,0.00012079999942216091,nan,743.0,ok,-36.0
published,E01_Example3,True,net_tie,743.0,E01,743.0,ok,True,0.0,0.0,100.0,True,0.00011670000094454736,nan,743.0,ok,0.0
published,E01_Example3,True,cap_net_tie,743.0,E01,779.0,ok,True,36.0,4.8452220726783315,95.37869062901156,False,0.00011789999916800298,nan,743.0,ok,-36.0
published,E01_Example3,True,top2_completion,743.0,E01,743.0,ok,True,0.0,0.0,100.0,True,0.0002266000010422431,nan,743.0,ok,0.0
published,E01_Example4,True,baseline,490.0,E01,490.0,ok,True,0.0,0.0,100.0,True,9.32000002649147e-05,nan,490.0,ok,0.0
published,E01_Example4,True,cap_receiver,490.0,E01,490.0,ok,True,0.0,0.0,100.0,True,0.00013130000297678635,nan,490.0,ok,0.0
published,E01_Example4,True,net_tie,490.0,E01,490.0,ok,True,0.0,0.0,100.0,True,0.00010420000035082921,nan,490.0,ok,0.0
published,E01_Example4,True,cap_net_tie,490.0,E01,490.0,ok,True,0.0,0.0,100.0,True,9.300000237999484e-05,nan,490.0,ok,0.0
published,E01_Example4,True,top2_completion,490.0,E01,490.0,ok,True,0.0,0.0,100.0,True,0.0001021999996737577,nan,490.0,ok,0.0
published,E01_Example5,True,baseline,1401.0,E01,nan,unverified,nan,nan,nan,nan,nan,3.279999873484485e-05,Multiple excess rows after initialization: original dependency branch not verified,nan,unverified,nan
published,E01_Example5,True,cap_receiver,1401.0,E01,nan,unverified,nan,nan,nan,nan,nan,2.970000059576705e-05,Multiple excess rows after initialization: original dependency branch not verified,nan,unverified,nan
published,E01_Example5,True,net_tie,1401.0,E01,nan,unverified,nan,nan,nan,nan,nan,2.8100002964492887e-05,Multiple excess rows after initialization: original dependency branch not verified,nan,unverified,nan
published,E01_Example5,True,cap_net_tie,1401.0,E01,nan,unverified,nan,nan,nan,nan,nan,2.7599999157246202e-05,Multiple excess rows after initialization: original dependency branch not verified,nan,unverified,nan
published,E01_Example5,True,top2_completion,1401.0,E01,nan,unverified,nan,nan,nan,nan,nan,2.680000034160912e-05,Multiple excess rows after initialization: original dependency branch not verified,nan,unverified,nan
published,E01_Example6,True,baseline,505.0,E01,nan,unverified,nan,nan,nan,nan,nan,5.2200000936863944e-05,Multiple excess rows after initialization: original dependency branch not verified,nan,unverified,nan
published,E01_Example6,True,cap_receiver,505.0,E01,nan,unverified,nan,nan,nan,nan,nan,3.3700001949910074e-05,Multiple excess rows after initialization: original dependency branch not verified,nan,unverified,nan
published,E01_Example6,True,net_tie,505.0,E01,nan,unverified,nan,nan,nan,nan,nan,3.18000020342879e-05,Multiple excess rows after initialization: original dependency branch not verified,nan,unverified,nan
published,E01_Example6,True,cap_net_tie,505.0,E01,nan,unverified,nan,nan,nan,nan,nan,3.229999856557697e-05,Multiple excess rows after initialization: original dependency branch not verified,nan,unverified,nan
published,E01_Example6,True,top2_completion,505.0,E01,nan,unverified,nan,nan,nan,nan,nan,3.260000084992498e-05,Multiple excess rows after initialization: original dependency branch not verified,nan,unverified,nan
published,E01_Example7,True,baseline,722.0,E01,nan,unverified,nan,nan,nan,nan,nan,3.7099998735357076e-05,Multiple excess rows after initialization: original dependency branch not verified,nan,unverified,nan
published,E01_Example7,True,cap_receiver,722.0,E01,nan,unverified,nan,nan,nan,nan,nan,3.4500000765547156e-05,Multiple excess rows after initialization: original dependency branch not verified,nan,unverified,nan
published,E01_Example7,True,net_tie,722.0,E01,nan,unverified,nan,nan,nan,nan,nan,3.49000001733657e-05,Multiple excess rows after initialization: original dependency branch not verified,nan,unverified,nan
published,E01_Example7,True,cap_net_tie,722.0,E01,nan,unverified,nan,nan,nan,nan,nan,3.470000228844583e-05,Multiple excess rows after initialization: original dependency branch not verified,nan,unverified,nan
published,E01_Example7,True,top2_completion,722.0,E01,nan,unverified,nan,nan,nan,nan,nan,3.399999695830047e-05,Multiple excess rows after initialization: original dependency branch not verified,nan,unverified,nan
published,RBSM_N01,True,baseline,5600.0,E02,5600.0,ok,True,0.0,0.0,100.0,True,0.00015039999925647862,nan,5600.0,ok,0.0
published,RBSM_N01,True,cap_receiver,5600.0,E02,6880.0,ok,True,1280.0,22.857142857142858,81.3953488372093,False,0.00013719999697059393,nan,5600.0,ok,-1280.0
published,RBSM_N01,True,net_tie,5600.0,E02,5600.0,ok,True,0.0,0.0,100.0,True,0.00010929999916697852,nan,5600.0,ok,0.0
published,RBSM_N01,True,cap_net_tie,5600.0,E02,6880.0,ok,True,1280.0,22.857142857142858,81.3953488372093,False,0.00013460000263876282,nan,5600.0,ok,-1280.0
published,RBSM_N01,True,top2_completion,5600.0,E02,5600.0,ok,True,0.0,0.0,100.0,True,0.0002789999998640269,nan,5600.0,ok,0.0
published,RBSM_N02,True,baseline,28.0,E02,28.0,ok,True,0.0,0.0,100.0,True,9.780000254977494e-05,nan,28.0,ok,0.0
published,RBSM_N02,True,cap_receiver,28.0,E02,28.0,ok,True,0.0,0.0,100.0,True,8.780000280239619e-05,nan,28.0,ok,0.0
published,RBSM_N02,True,net_tie,28.0,E02,28.0,ok,True,0.0,0.0,100.0,True,8.969999908003956e-05,nan,28.0,ok,0.0
published,RBSM_N02,True,cap_net_tie,28.0,E02,28.0,ok,True,0.0,0.0,100.0,True,9.32000002649147e-05,nan,28.0,ok,0.0
published,RBSM_N02,True,top2_completion,28.0,E02,28.0,ok,True,0.0,0.0,100.0,True,0.00011280000035185367,nan,28.0,ok,0.0
published,RBSM_N03,True,baseline,1102.0,E02,nan,unverified,nan,nan,nan,nan,nan,3.3299998904112726e-05,Multiple excess rows after initialization: original dependency branch not verified,nan,unverified,nan
published,RBSM_N03,True,cap_receiver,1102.0,E02,nan,unverified,nan,nan,nan,nan,nan,8.209999941755086e-05,Multiple excess rows after initialization: original dependency branch not verified,nan,unverified,nan
published,RBSM_N03,True,net_tie,1102.0,E02,nan,unverified,nan,nan,nan,nan,nan,3.149999974993989e-05,Multiple excess rows after initialization: original dependency branch not verified,nan,unverified,nan
published,RBSM_N03,True,cap_net_tie,1102.0,E02,nan,unverified,nan,nan,nan,nan,nan,2.8700000257231295e-05,Multiple excess rows after initialization: original dependency branch not verified,nan,unverified,nan
published,RBSM_N03,True,top2_completion,1102.0,E02,nan,unverified,nan,nan,nan,nan,nan,2.7900001441594213e-05,Multiple excess rows after initialization: original dependency branch not verified,nan,unverified,nan
published,RBSM_N04,True,baseline,555.0,E02,555.0,ok,True,0.0,0.0,100.0,True,0.0004528999998001382,nan,555.0,ok,0.0
published,RBSM_N04,True,cap_receiver,555.0,E02,555.0,ok,True,0.0,0.0,100.0,True,0.0001823999991756864,nan,555.0,ok,0.0
published,RBSM_N04,True,net_tie,555.0,E02,555.0,ok,True,0.0,0.0,100.0,True,0.00011269999959040433,nan,555.0,ok,0.0
published,RBSM_N04,True,cap_net_tie,555.0,E02,555.0,ok,True,0.0,0.0,100.0,True,0.00013029999900027178,nan,555.0,ok,0.0
published,RBSM_N04,True,top2_completion,555.0,E02,555.0,ok,True,0.0,0.0,100.0,True,0.00021399999968707561,nan,555.0,ok,0.0
published,RBSM_N05,True,baseline,410.0,E02,nan,unverified,nan,nan,nan,nan,nan,3.369999831193127e-05,Multiple excess rows after initialization: original dependency branch not verified,nan,unverified,nan
published,RBSM_N05,True,cap_receiver,410.0,E02,nan,unverified,nan,nan,nan,nan,nan,2.8200000087963417e-05,Multiple excess rows after initialization: original dependency branch not verified,nan,unverified,nan
published,RBSM_N05,True,net_tie,410.0,E02,nan,unverified,nan,nan,nan,nan,nan,2.7499998395796865e-05,Multiple excess rows after initialization: original dependency branch not verified,nan,unverified,nan
published,RBSM_N05,True,cap_net_tie,410.0,E02,nan,unverified,nan,nan,nan,nan,nan,2.6300000172341242e-05,Multiple excess rows after initialization: original dependency branch not verified,nan,unverified,nan
published,RBSM_N05,True,top2_completion,410.0,E02,nan,unverified,nan,nan,nan,nan,nan,2.6300000172341242e-05,Multiple excess rows after initialization: original dependency branch not verified,nan,unverified,nan
published,RBSM_N06,False,baseline,7750.0,E02,8350.0,ok,True,600.0,7.741935483870968,92.81437125748504,False,0.00023940000028233044,nan,8350.0,ok,0.0
published,RBSM_N06,False,cap_receiver,7750.0,E02,7750.0,ok,True,0.0,0.0,100.0,True,0.00029240000003483146,nan,8350.0,ok,600.0
published,RBSM_N06,False,net_tie,7750.0,E02,8350.0,ok,True,600.0,7.741935483870968,92.81437125748504,False,0.0003756000005523674,nan,8350.0,ok,0.0
published,RBSM_N06,False,cap_net_tie,7750.0,E02,7750.0,ok,True,0.0,0.0,100.0,True,0.0002303000001120381,nan,8350.0,ok,600.0
published,RBSM_N06,False,top2_completion,7750.0,E02,8350.0,ok,True,600.0,7.741935483870968,92.81437125748504,False,0.0011312999995425344,nan,8350.0,ok,0.0
published,RBSM_N07,True,baseline,1160.0,E02,1165.0,ok,True,5.0,0.43103448275862066,99.57081545064378,False,0.00015690000145696104,nan,1165.0,ok,0.0
published,RBSM_N07,True,cap_receiver,1160.0,E02,1160.0,ok,True,0.0,0.0,100.0,True,0.00016519999917363748,nan,1165.0,ok,5.0
published,RBSM_N07,True,net_tie,1160.0,E02,1220.0,ok,True,60.0,5.172413793103448,95.08196721311475,False,0.0001737000020511914,nan,1165.0,ok,-55.0
published,RBSM_N07,True,cap_net_tie,1160.0,E02,1160.0,ok,True,0.0,0.0,100.0,True,0.00014910000027157366,nan,1165.0,ok,5.0
published,RBSM_N07,True,top2_completion,1160.0,E02,1165.0,ok,True,5.0,0.43103448275862066,99.57081545064378,False,0.0003186000030837022,nan,1165.0,ok,0.0
published,RBSM_N08,True,baseline,190.0,E02,190.0,ok,True,0.0,0.0,100.0,True,0.0001736999984132126,nan,190.0,ok,0.0
published,RBSM_N08,True,cap_receiver,190.0,E02,190.0,ok,True,0.0,0.0,100.0,True,0.00015939999866532162,nan,190.0,ok,0.0
published,RBSM_N08,True,net_tie,190.0,E02,190.0,ok,True,0.0,0.0,100.0,True,0.00016950000281212851,nan,190.0,ok,0.0
published,RBSM_N08,True,cap_net_tie,190.0,E02,190.0,ok,True,0.0,0.0,100.0,True,0.00015139999959501438,nan,190.0,ok,0.0
published,RBSM_N08,True,top2_completion,190.0,E02,190.0,ok,True,0.0,0.0,100.0,True,0.000527600001078099,nan,190.0,ok,0.0
published,RBSM_N10,True,baseline,910.0,E02,960.0,ok,True,50.0,5.4945054945054945,94.79166666666667,False,0.00011409999933675863,nan,960.0,ok,0.0
published,RBSM_N10,True,cap_receiver,910.0,E02,910.0,ok,True,0.0,0.0,100.0,True,0.00011959999756072648,nan,960.0,ok,50.0
published,RBSM_N10,True,net_tie,910.0,E02,960.0,ok,True,50.0,5.4945054945054945,94.79166666666667,False,0.00011629999789875001,nan,960.0,ok,0.0
published,RBSM_N10,True,cap_net_tie,910.0,E02,910.0,ok,True,0.0,0.0,100.0,True,0.00011199999789823778,nan,960.0,ok,50.0
published,RBSM_N10,True,top2_completion,910.0,E02,960.0,ok,True,50.0,5.4945054945054945,94.79166666666667,False,0.00018509999790694565,nan,960.0,ok,0.0
published,RBSM_N11,True,baseline,2460.0,E02,2500.0,ok,True,40.0,1.6260162601626016,98.4,False,0.00011029999950551428,nan,2500.0,ok,0.0
published,RBSM_N11,True,cap_receiver,2460.0,E02,2460.0,ok,True,0.0,0.0,100.0,True,0.00011280000035185367,nan,2500.0,ok,40.0
published,RBSM_N11,True,net_tie,2460.0,E02,2500.0,ok,True,40.0,1.6260162601626016,98.4,False,0.00010589999874355271,nan,2500.0,ok,0.0
published,RBSM_N11,True,cap_net_tie,2460.0,E02,2460.0,ok,True,0.0,0.0,100.0,True,0.00012459999925340526,nan,2500.0,ok,40.0
published,RBSM_N11,True,top2_completion,2460.0,E02,2500.0,ok,True,40.0,1.6260162601626016,98.4,False,0.00019379999866941944,nan,2500.0,ok,0.0
published,RBSM_N12,True,baseline,425.0,E02,433.0,ok,True,8.0,1.8823529411764706,98.15242494226328,False,0.00011299999823677354,nan,433.0,ok,0.0
published,RBSM_N12,True,cap_receiver,425.0,E02,425.0,ok,True,0.0,0.0,100.0,True,0.00011900000026798807,nan,433.0,ok,8.0
published,RBSM_N12,True,net_tie,425.0,E02,433.0,ok,True,8.0,1.8823529411764706,98.15242494226328,False,0.00011029999950551428,nan,433.0,ok,0.0
published,RBSM_N12,True,cap_net_tie,425.0,E02,425.0,ok,True,0.0,0.0,100.0,True,0.000112599998828955,nan,433.0,ok,8.0
published,RBSM_N12,True,top2_completion,425.0,E02,433.0,ok,True,8.0,1.8823529411764706,98.15242494226328,False,0.0001823999991756864,nan,433.0,ok,0.0
published,RBSM_N14,True,baseline,920.0,E02,nan,unverified,nan,nan,nan,nan,nan,3.3700001949910074e-05,Multiple excess rows after initialization: original dependency branch not verified,nan,unverified,nan
published,RBSM_N14,True,cap_receiver,920.0,E02,nan,unverified,nan,nan,nan,nan,nan,2.7000001864507794e-05,Multiple excess rows after initialization: original dependency branch not verified,nan,unverified,nan
published,RBSM_N14,True,net_tie,920.0,E02,nan,unverified,nan,nan,nan,nan,nan,2.5400000595254824e-05,Multiple excess rows after initialization: original dependency branch not verified,nan,unverified,nan
published,RBSM_N14,True,cap_net_tie,920.0,E02,nan,unverified,nan,nan,nan,nan,nan,2.4900000425986946e-05,Multiple excess rows after initialization: original dependency branch not verified,nan,unverified,nan
published,RBSM_N14,True,top2_completion,920.0,E02,nan,unverified,nan,nan,nan,nan,nan,2.469999890308827e-05,Multiple excess rows after initialization: original dependency branch not verified,nan,unverified,nan
published,RBSM_N15,True,baseline,156.0,E02,156.0,ok,True,0.0,0.0,100.0,True,0.00011489999815239571,nan,156.0,ok,0.0
published,RBSM_N15,True,cap_receiver,156.0,E02,156.0,ok,True,0.0,0.0,100.0,True,0.00013219999891589396,nan,156.0,ok,0.0
published,RBSM_N15,True,net_tie,156.0,E02,156.0,ok,True,0.0,0.0,100.0,True,0.0001188000023830682,nan,156.0,ok,0.0
published,RBSM_N15,True,cap_net_tie,156.0,E02,156.0,ok,True,0.0,0.0,100.0,True,0.00023570000121253543,nan,156.0,ok,0.0
published,RBSM_N15,True,top2_completion,156.0,E02,156.0,ok,True,0.0,0.0,100.0,True,0.00021109999943291768,nan,156.0,ok,0.0
published,RBSM_N16,True,baseline,1510.0,E02,nan,unverified,nan,nan,nan,nan,nan,3.0800001695752144e-05,Multiple excess rows after initialization: original dependency branch not verified,nan,unverified,nan
published,RBSM_N16,True,cap_receiver,1510.0,E02,nan,unverified,nan,nan,nan,nan,nan,2.6500001695239916e-05,Multiple excess rows after initialization: original dependency branch not verified,nan,unverified,nan
published,RBSM_N16,True,net_tie,1510.0,E02,nan,unverified,nan,nan,nan,nan,nan,2.5699999241624027e-05,Multiple excess rows after initialization: original dependency branch not verified,nan,unverified,nan
published,RBSM_N16,True,cap_net_tie,1510.0,E02,nan,unverified,nan,nan,nan,nan,nan,2.5400000595254824e-05,Multiple excess rows after initialization: original dependency branch not verified,nan,unverified,nan
published,RBSM_N16,True,top2_completion,1510.0,E02,nan,unverified,nan,nan,nan,nan,nan,2.5499997718725353e-05,Multiple excess rows after initialization: original dependency branch not verified,nan,unverified,nan
published,RBSM_N18,False,baseline,1650.0,E02,1695.0,ok,True,45.0,2.727272727272727,97.34513274336283,False,0.00016760000289650634,nan,1695.0,ok,0.0
published,RBSM_N18,False,cap_receiver,1650.0,E02,1650.0,ok,True,0.0,0.0,100.0,True,0.00014929999815649353,nan,1695.0,ok,45.0
published,RBSM_N18,False,net_tie,1650.0,E02,1695.0,ok,True,45.0,2.727272727272727,97.34513274336283,False,0.0001646999990043696,nan,1695.0,ok,0.0
published,RBSM_N18,False,cap_net_tie,1650.0,E02,1650.0,ok,True,0.0,0.0,100.0,True,0.0001483999985794071,nan,1695.0,ok,45.0
published,RBSM_N18,False,top2_completion,1650.0,E02,1655.0,ok,True,5.0,0.30303030303030304,99.69788519637463,False,0.0007353000000875909,nan,1695.0,ok,40.0
published,RBSM_N21,True,baseline,4205.0,E02,4429.0,ok,True,224.0,5.326991676575505,94.94242492662,False,0.00014600000213249587,nan,4429.0,ok,0.0
published,RBSM_N21,True,cap_receiver,4205.0,E02,4205.0,ok,True,0.0,0.0,100.0,True,0.00012799999967683107,nan,4429.0,ok,224.0
published,RBSM_N21,True,net_tie,4205.0,E02,4429.0,ok,True,224.0,5.326991676575505,94.94242492662,False,0.00011720000111381523,nan,4429.0,ok,0.0
published,RBSM_N21,True,cap_net_tie,4205.0,E02,4205.0,ok,True,0.0,0.0,100.0,True,0.00011469999662949704,nan,4429.0,ok,224.0
published,RBSM_N21,True,top2_completion,4205.0,E02,4329.0,ok,True,124.0,2.948870392390012,97.13559713559714,False,0.00017319999824394472,nan,4429.0,ok,100.0
published,RBSM_N22,True,baseline,12075.0,E02,12075.0,ok,True,0.0,0.0,100.0,True,0.0002686000007088296,nan,12075.0,ok,0.0
published,RBSM_N22,True,cap_receiver,12075.0,E02,12700.0,ok,True,625.0,5.175983436853002,95.07874015748031,False,0.00012730000162264332,nan,12075.0,ok,-625.0
published,RBSM_N22,True,net_tie,12075.0,E02,12075.0,ok,True,0.0,0.0,100.0,True,0.00011970000196015462,nan,12075.0,ok,0.0
published,RBSM_N22,True,cap_net_tie,12075.0,E02,12700.0,ok,True,625.0,5.175983436853002,95.07874015748031,False,0.00012209999840706587,nan,12075.0,ok,-625.0
published,RBSM_N22,True,top2_completion,12075.0,E02,12075.0,ok,True,0.0,0.0,100.0,True,0.0004537999993772246,nan,12075.0,ok,0.0
published,RBSM_N23,True,baseline,23.0,E02,23.0,ok,True,0.0,0.0,100.0,True,0.00012040000001434237,nan,23.0,ok,0.0
published,RBSM_N23,True,cap_receiver,23.0,E02,23.0,ok,True,0.0,0.0,100.0,True,0.0001171000003523659,nan,23.0,ok,0.0
published,RBSM_N23,True,net_tie,23.0,E02,23.0,ok,True,0.0,0.0,100.0,True,0.00029859999995096587,nan,23.0,ok,0.0
published,RBSM_N23,True,cap_net_tie,23.0,E02,23.0,ok,True,0.0,0.0,100.0,True,0.00032020000071497634,nan,23.0,ok,0.0
published,RBSM_N23,True,top2_completion,23.0,E02,23.0,ok,True,0.0,0.0,100.0,True,0.0002677999982552137,nan,23.0,ok,0.0
published,RBSM_N25,True,baseline,809.0,E02,809.0,ok,True,0.0,0.0,100.0,True,0.00031099999978323467,nan,809.0,ok,0.0
published,RBSM_N25,True,cap_receiver,809.0,E02,849.0,ok,True,40.0,4.944375772558715,95.28857479387514,False,0.00013020000187680125,nan,809.0,ok,-40.0
published,RBSM_N25,True,net_tie,809.0,E02,809.0,ok,True,0.0,0.0,100.0,True,0.0001267000006919261,nan,809.0,ok,0.0
published,RBSM_N25,True,cap_net_tie,809.0,E02,849.0,ok,True,40.0,4.944375772558715,95.28857479387514,False,0.00012100000094505958,nan,809.0,ok,-40.0
published,RBSM_N25,True,top2_completion,809.0,E02,809.0,ok,True,0.0,0.0,100.0,True,0.0003924999982700683,nan,809.0,ok,0.0
published,RBSM_N26,True,baseline,490.0,E02,nan,unverified,nan,nan,nan,nan,nan,3.7900001188972965e-05,Multiple excess rows after initialization: original dependency branch not verified,nan,unverified,nan
published,RBSM_N26,True,cap_receiver,490.0,E02,nan,unverified,nan,nan,nan,nan,nan,2.9200000426499173e-05,Multiple excess rows after initialization: original dependency branch not verified,nan,unverified,nan
published,RBSM_N26,True,net_tie,490.0,E02,nan,unverified,nan,nan,nan,nan,nan,2.7099998987978324e-05,Multiple excess rows after initialization: original dependency branch not verified,nan,unverified,nan
published,RBSM_N26,True,cap_net_tie,490.0,E02,nan,unverified,nan,nan,nan,nan,nan,2.6900001103058457e-05,Multiple excess rows after initialization: original dependency branch not verified,nan,unverified,nan
published,RBSM_N26,True,top2_completion,490.0,E02,nan,unverified,nan,nan,nan,nan,nan,2.6699999580159783e-05,Multiple excess rows after initialization: original dependency branch not verified,nan,unverified,nan
published,RBSM_N27,True,baseline,59356.0,E02,nan,unverified,nan,nan,nan,nan,nan,2.8899998142151162e-05,Multiple excess rows after initialization: original dependency branch not verified,nan,unverified,nan
published,RBSM_N27,True,cap_receiver,59356.0,E02,nan,unverified,nan,nan,nan,nan,nan,2.7499998395796865e-05,Multiple excess rows after initialization: original dependency branch not verified,nan,unverified,nan
published,RBSM_N27,True,net_tie,59356.0,E02,nan,unverified,nan,nan,nan,nan,nan,2.710000262595713e-05,Multiple excess rows after initialization: original dependency branch not verified,nan,unverified,nan
published,RBSM_N27,True,cap_net_tie,59356.0,E02,nan,unverified,nan,nan,nan,nan,nan,2.6699999580159783e-05,Multiple excess rows after initialization: original dependency branch not verified,nan,unverified,nan
published,RBSM_N27,True,top2_completion,59356.0,E02,nan,unverified,nan,nan,nan,nan,nan,2.7400001272326335e-05,Multiple excess rows after initialization: original dependency branch not verified,nan,unverified,nan
published,RBSM_N28,True,baseline,2090.0,E02,nan,unverified,nan,nan,nan,nan,nan,0.00012520000018412247,Multiple excess rows reached; no invented selection rule,nan,unverified,nan
published,RBSM_N28,True,cap_receiver,2090.0,E02,2090.0,ok,True,0.0,0.0,100.0,True,0.00018009999985224567,nan,nan,unverified,nan
published,RBSM_N28,True,net_tie,2090.0,E02,nan,unverified,nan,nan,nan,nan,nan,0.00011240000094403513,Multiple excess rows reached; no invented selection rule,nan,unverified,nan
published,RBSM_N28,True,cap_net_tie,2090.0,E02,2090.0,ok,True,0.0,0.0,100.0,True,0.00016370000230381265,nan,nan,unverified,nan
published,RBSM_N28,True,top2_completion,2090.0,E02,nan,unverified,nan,nan,nan,nan,nan,0.00010259999908157624,Multiple excess rows reached; no invented selection rule,nan,unverified,nan
published,RBSM_N29,True,baseline,3857.0,E02,3857.0,ok,True,0.0,0.0,100.0,True,0.0001322999996773433,nan,3857.0,ok,0.0
published,RBSM_N29,True,cap_receiver,3857.0,E02,3857.0,ok,True,0.0,0.0,100.0,True,0.00013299999773153104,nan,3857.0,ok,0.0
published,RBSM_N29,True,net_tie,3857.0,E02,3857.0,ok,True,0.0,0.0,100.0,True,0.00025599999935366213,nan,3857.0,ok,0.0
published,RBSM_N29,True,cap_net_tie,3857.0,E02,3857.0,ok,True,0.0,0.0,100.0,True,0.00014830000145593658,nan,3857.0,ok,0.0
published,RBSM_N29,True,top2_completion,3857.0,E02,3857.0,ok,True,0.0,0.0,100.0,True,0.00031490000037592836,nan,3857.0,ok,0.0
published,RBSM_N31,True,baseline,1480.0,E02,1480.0,ok,True,0.0,0.0,100.0,True,8.800000068731606e-05,nan,1480.0,ok,0.0
published,RBSM_N31,True,cap_receiver,1480.0,E02,1480.0,ok,True,0.0,0.0,100.0,True,9.140000111074187e-05,nan,1480.0,ok,0.0
published,RBSM_N31,True,net_tie,1480.0,E02,1480.0,ok,True,0.0,0.0,100.0,True,8.410000009462237e-05,nan,1480.0,ok,0.0
published,RBSM_N31,True,cap_net_tie,1480.0,E02,1480.0,ok,True,0.0,0.0,100.0,True,8.760000127949752e-05,nan,1480.0,ok,0.0
published,RBSM_N31,True,top2_completion,1480.0,E02,1480.0,ok,True,0.0,0.0,100.0,True,0.00010980000297422521,nan,1480.0,ok,0.0
published,RBSM_N32,True,baseline,1780.0,E02,1820.0,ok,True,40.0,2.247191011235955,97.8021978021978,False,0.00012889999925391749,nan,1820.0,ok,0.0
published,RBSM_N32,True,cap_receiver,1780.0,E02,1780.0,ok,True,0.0,0.0,100.0,True,0.00014680000094813295,nan,1820.0,ok,40.0
published,RBSM_N32,True,net_tie,1780.0,E02,1780.0,ok,True,0.0,0.0,100.0,True,0.00041819999751169235,nan,1820.0,ok,40.0
published,RBSM_N32,True,cap_net_tie,1780.0,E02,1780.0,ok,True,0.0,0.0,100.0,True,0.0001477999976486899,nan,1820.0,ok,40.0
published,RBSM_N32,True,top2_completion,1780.0,E02,1780.0,ok,True,0.0,0.0,100.0,True,0.00023119999968912452,nan,1820.0,ok,40.0
published,RBSM_N33,True,baseline,1250.0,E02,1310.0,ok,True,60.0,4.8,95.41984732824427,False,0.00012029999925289303,nan,1310.0,ok,0.0
published,RBSM_N33,True,cap_receiver,1250.0,E02,1310.0,ok,True,60.0,4.8,95.41984732824427,False,0.00011380000069038942,nan,1310.0,ok,0.0
published,RBSM_N33,True,net_tie,1250.0,E02,1310.0,ok,True,60.0,4.8,95.41984732824427,False,0.00011230000018258579,nan,1310.0,ok,0.0
published,RBSM_N33,True,cap_net_tie,1250.0,E02,1310.0,ok,True,60.0,4.8,95.41984732824427,False,0.00012290000086068176,nan,1310.0,ok,0.0
published,RBSM_N33,True,top2_completion,1250.0,E02,1310.0,ok,True,60.0,4.8,95.41984732824427,False,0.00017380000281264074,nan,1310.0,ok,0.0
published,RBSM_N34,True,baseline,510.0,E02,510.0,ok,True,0.0,0.0,100.0,True,0.00024539999867556617,nan,510.0,ok,0.0
published,RBSM_N34,True,cap_receiver,510.0,E02,510.0,ok,True,0.0,0.0,100.0,True,0.0001450000017939601,nan,510.0,ok,0.0
published,RBSM_N34,True,net_tie,510.0,E02,510.0,ok,True,0.0,0.0,100.0,True,0.0001320000010309741,nan,510.0,ok,0.0
published,RBSM_N34,True,cap_net_tie,510.0,E02,510.0,ok,True,0.0,0.0,100.0,True,0.00012319999950705096,nan,510.0,ok,0.0
published,RBSM_N34,True,top2_completion,510.0,E02,510.0,ok,True,0.0,0.0,100.0,True,0.00016559999858145602,nan,510.0,ok,0.0
published,RBSM_N35,True,baseline,280.0,E02,280.0,ok,True,0.0,0.0,100.0,True,0.00011610000001383014,nan,280.0,ok,0.0
published,RBSM_N35,True,cap_receiver,280.0,E02,280.0,ok,True,0.0,0.0,100.0,True,0.00011389999781385995,nan,280.0,ok,0.0
published,RBSM_N35,True,net_tie,280.0,E02,280.0,ok,True,0.0,0.0,100.0,True,0.00010629999815137126,nan,280.0,ok,0.0
published,RBSM_N35,True,cap_net_tie,280.0,E02,280.0,ok,True,0.0,0.0,100.0,True,0.00011109999832115136,nan,280.0,ok,0.0
published,RBSM_N35,True,top2_completion,280.0,E02,280.0,ok,True,0.0,0.0,100.0,True,0.00018420000196783803,nan,280.0,ok,0.0
published,RBSM_S1,True,baseline,18855.0,E02,nan,unverified,nan,nan,nan,nan,nan,3.479999941191636e-05,Multiple excess rows after initialization: original dependency branch not verified,nan,unverified,nan
published,RBSM_S1,True,cap_receiver,18855.0,E02,nan,unverified,nan,nan,nan,nan,nan,2.7500002033775672e-05,Multiple excess rows after initialization: original dependency branch not verified,nan,unverified,nan
published,RBSM_S1,True,net_tie,18855.0,E02,nan,unverified,nan,nan,nan,nan,nan,2.5700002879602835e-05,Multiple excess rows after initialization: original dependency branch not verified,nan,unverified,nan
published,RBSM_S1,True,cap_net_tie,18855.0,E02,nan,unverified,nan,nan,nan,nan,nan,2.5299999833805487e-05,Multiple excess rows after initialization: original dependency branch not verified,nan,unverified,nan
published,RBSM_S1,True,top2_completion,18855.0,E02,nan,unverified,nan,nan,nan,nan,nan,2.5099998310906813e-05,Multiple excess rows after initialization: original dependency branch not verified,nan,unverified,nan
published,RBSM_S2,True,baseline,153500.0,E02,nan,unverified,nan,nan,nan,nan,nan,2.5299999833805487e-05,Multiple excess rows after initialization: original dependency branch not verified,nan,unverified,nan
published,RBSM_S2,True,cap_receiver,153500.0,E02,nan,unverified,nan,nan,nan,nan,nan,2.5099998310906813e-05,Multiple excess rows after initialization: original dependency branch not verified,nan,unverified,nan
published,RBSM_S2,True,net_tie,153500.0,E02,nan,unverified,nan,nan,nan,nan,nan,2.5099998310906813e-05,Multiple excess rows after initialization: original dependency branch not verified,nan,unverified,nan
published,RBSM_S2,True,cap_net_tie,153500.0,E02,nan,unverified,nan,nan,nan,nan,nan,2.5400000595254824e-05,Multiple excess rows after initialization: original dependency branch not verified,nan,unverified,nan
published,RBSM_S2,True,top2_completion,153500.0,E02,nan,unverified,nan,nan,nan,nan,nan,2.4900000425986946e-05,Multiple excess rows after initialization: original dependency branch not verified,nan,unverified,nan
published,RBSM_S3,True,baseline,1044180.0,E02,1044180.0,ok,True,0.0,0.0,100.0,True,0.00033399999665562063,nan,1044180.0,ok,0.0
published,RBSM_S3,True,cap_receiver,1044180.0,E02,1044180.0,ok,True,0.0,0.0,100.0,True,0.0003448000024945941,nan,1044180.0,ok,0.0
published,RBSM_S3,True,net_tie,1044180.0,E02,1044180.0,ok,True,0.0,0.0,100.0,True,0.000351099999534199,nan,1044180.0,ok,0.0
published,RBSM_S3,True,cap_net_tie,1044180.0,E02,1044180.0,ok,True,0.0,0.0,100.0,True,0.0005084999975224491,nan,1044180.0,ok,0.0
published,RBSM_S3,True,top2_completion,1044180.0,E02,1044180.0,ok,True,0.0,0.0,100.0,True,0.0015241000000969507,nan,1044180.0,ok,0.0
published,RBSM_S4,True,baseline,92212.0,E02,nan,unverified,nan,nan,nan,nan,nan,5.8400000852998346e-05,Multiple excess rows after initialization: original dependency branch not verified,nan,unverified,nan
published,RBSM_S4,True,cap_receiver,92212.0,E02,nan,unverified,nan,nan,nan,nan,nan,4.450000051292591e-05,Multiple excess rows after initialization: original dependency branch not verified,nan,unverified,nan
published,RBSM_S4,True,net_tie,92212.0,E02,nan,unverified,nan,nan,nan,nan,nan,4.1700001020217314e-05,Multiple excess rows after initialization: original dependency branch not verified,nan,unverified,nan
published,RBSM_S4,True,cap_net_tie,92212.0,E02,nan,unverified,nan,nan,nan,nan,nan,4.1200000850949436e-05,Multiple excess rows after initialization: original dependency branch not verified,nan,unverified,nan
published,RBSM_S4,True,top2_completion,92212.0,E02,nan,unverified,nan,nan,nan,nan,nan,4.0400002035312355e-05,Multiple excess rows after initialization: original dependency branch not verified,nan,unverified,nan
published,RBSM_S5,True,baseline,116020.0,E02,116020.0,ok,True,0.0,0.0,100.0,True,0.00035849999767378904,nan,116020.0,ok,0.0
published,RBSM_S5,True,cap_receiver,116020.0,E02,116020.0,ok,True,0.0,0.0,100.0,True,0.0003536000003805384,nan,116020.0,ok,0.0
published,RBSM_S5,True,net_tie,116020.0,E02,116020.0,ok,True,0.0,0.0,100.0,True,0.00035819999902741984,nan,116020.0,ok,0.0
published,RBSM_S5,True,cap_net_tie,116020.0,E02,116020.0,ok,True,0.0,0.0,100.0,True,0.00033260000054724514,nan,116020.0,ok,0.0
published,RBSM_S5,True,top2_completion,116020.0,E02,116020.0,ok,True,0.0,0.0,100.0,True,0.0016982999986794312,nan,116020.0,ok,0.0
published,CSM_N03,True,baseline,1079.0,E12,nan,unverified,nan,nan,nan,nan,nan,5.199999941396527e-05,Multiple excess rows after initialization: original dependency branch not verified,nan,unverified,nan
published,CSM_N03,True,cap_receiver,1079.0,E12,nan,unverified,nan,nan,nan,nan,nan,3.1600000511389226e-05,Multiple excess rows after initialization: original dependency branch not verified,nan,unverified,nan
published,CSM_N03,True,net_tie,1079.0,E12,nan,unverified,nan,nan,nan,nan,nan,7.499999992433004e-05,Multiple excess rows after initialization: original dependency branch not verified,nan,unverified,nan
published,CSM_N03,True,cap_net_tie,1079.0,E12,nan,unverified,nan,nan,nan,nan,nan,0.00010589999874355271,Multiple excess rows after initialization: original dependency branch not verified,nan,unverified,nan
published,CSM_N03,True,top2_completion,1079.0,E12,nan,unverified,nan,nan,nan,nan,nan,3.020000076503493e-05,Multiple excess rows after initialization: original dependency branch not verified,nan,unverified,nan
published,CSM_N04,True,baseline,1580.0,E12,nan,unverified,nan,nan,nan,nan,nan,2.9999999242136255e-05,Multiple excess rows after initialization: original dependency branch not verified,nan,unverified,nan
published,CSM_N04,True,cap_receiver,1580.0,E12,nan,unverified,nan,nan,nan,nan,nan,2.6999998226528987e-05,Multiple excess rows after initialization: original dependency branch not verified,nan,unverified,nan
published,CSM_N04,True,net_tie,1580.0,E12,nan,unverified,nan,nan,nan,nan,nan,2.640000093379058e-05,Multiple excess rows after initialization: original dependency branch not verified,nan,unverified,nan
published,CSM_N04,True,cap_net_tie,1580.0,E12,nan,unverified,nan,nan,nan,nan,nan,2.6299996534362435e-05,Multiple excess rows after initialization: original dependency branch not verified,nan,unverified,nan
published,CSM_N04,True,top2_completion,1580.0,E12,nan,unverified,nan,nan,nan,nan,nan,2.680000034160912e-05,Multiple excess rows after initialization: original dependency branch not verified,nan,unverified,nan
published,CSM_N06,True,baseline,2850.0,E12,nan,unverified,nan,nan,nan,nan,nan,2.559999848017469e-05,Multiple excess rows after initialization: original dependency branch not verified,nan,unverified,nan
published,CSM_N06,True,cap_receiver,2850.0,E12,nan,unverified,nan,nan,nan,nan,nan,2.5000001187436283e-05,Multiple excess rows after initialization: original dependency branch not verified,nan,unverified,nan
published,CSM_N06,True,net_tie,2850.0,E12,nan,unverified,nan,nan,nan,nan,nan,2.479999966453761e-05,Multiple excess rows after initialization: original dependency branch not verified,nan,unverified,nan
published,CSM_N06,True,cap_net_tie,2850.0,E12,nan,unverified,nan,nan,nan,nan,nan,2.479999966453761e-05,Multiple excess rows after initialization: original dependency branch not verified,nan,unverified,nan
published,CSM_N06,True,top2_completion,2850.0,E12,nan,unverified,nan,nan,nan,nan,nan,2.510000194888562e-05,Multiple excess rows after initialization: original dependency branch not verified,nan,unverified,nan
published,CSM_N18,True,baseline,29.0,E12,29.0,ok,True,0.0,0.0,100.0,True,0.00014069999815546907,nan,29.0,ok,0.0
published,CSM_N18,True,cap_receiver,29.0,E12,29.0,ok,True,0.0,0.0,100.0,True,0.0001336999994236976,nan,29.0,ok,0.0
published,CSM_N18,True,net_tie,29.0,E12,29.0,ok,True,0.0,0.0,100.0,True,0.00012000000060652383,nan,29.0,ok,0.0
published,CSM_N18,True,cap_net_tie,29.0,E12,29.0,ok,True,0.0,0.0,100.0,True,0.00011770000128308311,nan,29.0,ok,0.0
published,CSM_N18,True,top2_completion,29.0,E12,29.0,ok,True,0.0,0.0,100.0,True,0.00019020000036107376,nan,29.0,ok,0.0
published,CSM_N28,True,baseline,40.0,E12,nan,unverified,nan,nan,nan,nan,nan,3.179999839630909e-05,Multiple excess rows after initialization: original dependency branch not verified,nan,unverified,nan
published,CSM_N28,True,cap_receiver,40.0,E12,nan,unverified,nan,nan,nan,nan,nan,2.7400001272326335e-05,Multiple excess rows after initialization: original dependency branch not verified,nan,unverified,nan
published,CSM_N28,True,net_tie,40.0,E12,nan,unverified,nan,nan,nan,nan,nan,2.640000093379058e-05,Multiple excess rows after initialization: original dependency branch not verified,nan,unverified,nan
published,CSM_N28,True,cap_net_tie,40.0,E12,nan,unverified,nan,nan,nan,nan,nan,2.6199999410891905e-05,Multiple excess rows after initialization: original dependency branch not verified,nan,unverified,nan
published,CSM_N28,True,top2_completion,40.0,E12,nan,unverified,nan,nan,nan,nan,nan,2.680000034160912e-05,Multiple excess rows after initialization: original dependency branch not verified,nan,unverified,nan
published,CSM_N33,True,baseline,151750.0,E12,151750.0,ok,True,0.0,0.0,100.0,True,9.080000018002465e-05,nan,151750.0,ok,0.0
published,CSM_N33,True,cap_receiver,151750.0,E12,151750.0,ok,True,0.0,0.0,100.0,True,9.180000051856041e-05,nan,151750.0,ok,0.0
published,CSM_N33,True,net_tie,151750.0,E12,151750.0,ok,True,0.0,0.0,100.0,True,9.030000001075678e-05,nan,151750.0,ok,0.0
published,CSM_N33,True,cap_net_tie,151750.0,E12,151750.0,ok,True,0.0,0.0,100.0,True,9.140000111074187e-05,nan,151750.0,ok,0.0
published,CSM_N33,True,top2_completion,151750.0,E12,151750.0,ok,True,0.0,0.0,100.0,True,0.00011509999967529438,nan,151750.0,ok,0.0
published,CSM_N35,True,baseline,412.0,E12,412.0,ok,True,0.0,0.0,100.0,True,0.00011969999832217582,nan,412.0,ok,0.0
published,CSM_N35,True,cap_receiver,412.0,E12,476.0,ok,True,64.0,15.533980582524272,86.5546218487395,False,0.00011969999832217582,nan,412.0,ok,-64.0
published,CSM_N35,True,net_tie,412.0,E12,412.0,ok,True,0.0,0.0,100.0,True,0.00011720000111381523,nan,412.0,ok,0.0
published,CSM_N35,True,cap_net_tie,412.0,E12,476.0,ok,True,64.0,15.533980582524272,86.5546218487395,False,0.00012059999789926223,nan,412.0,ok,-64.0
published,CSM_N35,True,top2_completion,412.0,E12,412.0,ok,True,0.0,0.0,100.0,True,0.00029630000062752515,nan,412.0,ok,0.0
published,CSM_Real1,True,baseline,12928429.0,E12,12928429.0,ok,True,0.0,0.0,100.0,True,0.0017353999974147882,nan,12928429.0,ok,0.0
published,CSM_Real1,True,cap_receiver,12928429.0,E12,12928429.0,ok,True,0.0,0.0,100.0,True,0.0018854000009014271,nan,12928429.0,ok,0.0
published,CSM_Real1,True,net_tie,12928429.0,E12,12928429.0,ok,True,0.0,0.0,100.0,True,0.0022432000005210284,nan,12928429.0,ok,0.0
published,CSM_Real1,True,cap_net_tie,12928429.0,E12,12928429.0,ok,True,0.0,0.0,100.0,True,0.002012799999647541,nan,12928429.0,ok,0.0
published,CSM_Real1,True,top2_completion,12928429.0,E12,12928429.0,ok,True,0.0,0.0,100.0,True,0.03026089999912074,nan,12928429.0,ok,0.0
published,CSM_Real2,True,baseline,13657053.0,E12,13657053.0,ok,True,0.0,0.0,100.0,True,0.002468300001055468,nan,13657053.0,ok,0.0
published,CSM_Real2,True,cap_receiver,13657053.0,E12,13657053.0,ok,True,0.0,0.0,100.0,True,0.002804799998557428,nan,13657053.0,ok,0.0
published,CSM_Real2,True,net_tie,13657053.0,E12,13657053.0,ok,True,0.0,0.0,100.0,True,0.002357299999857787,nan,13657053.0,ok,0.0
published,CSM_Real2,True,cap_net_tie,13657053.0,E12,13657053.0,ok,True,0.0,0.0,100.0,True,0.002986100000271108,nan,13657053.0,ok,0.0
published,CSM_Real2,True,top2_completion,13657053.0,E12,13657053.0,ok,True,0.0,0.0,100.0,True,0.04677520000041113,nan,13657053.0,ok,0.0
published,CSM_Real3,True,baseline,12296587.0,E12,12296587.0,ok,True,0.0,0.0,100.0,True,0.001786999997420935,nan,12296587.0,ok,0.0
published,CSM_Real3,True,cap_receiver,12296587.0,E12,12296587.0,ok,True,0.0,0.0,100.0,True,0.0017514999999548309,nan,12296587.0,ok,0.0
published,CSM_Real3,True,net_tie,12296587.0,E12,12296587.0,ok,True,0.0,0.0,100.0,True,0.002052799998637056,nan,12296587.0,ok,0.0
published,CSM_Real3,True,cap_net_tie,12296587.0,E12,12296587.0,ok,True,0.0,0.0,100.0,True,0.002475699999195058,nan,12296587.0,ok,0.0
published,CSM_Real3,True,top2_completion,12296587.0,E12,12296587.0,ok,True,0.0,0.0,100.0,True,0.02746639999895706,nan,12296587.0,ok,0.0
published,CSM_Real4,True,baseline,14117586.0,E12,14117586.0,ok,True,0.0,0.0,100.0,True,0.0029388000002654735,nan,14117586.0,ok,0.0
published,CSM_Real4,True,cap_receiver,14117586.0,E12,14117586.0,ok,True,0.0,0.0,100.0,True,0.0022308000006887596,nan,14117586.0,ok,0.0
published,CSM_Real4,True,net_tie,14117586.0,E12,14117586.0,ok,True,0.0,0.0,100.0,True,0.0024612999986857176,nan,14117586.0,ok,0.0
published,CSM_Real4,True,cap_net_tie,14117586.0,E12,14117586.0,ok,True,0.0,0.0,100.0,True,0.002299799998581875,nan,14117586.0,ok,0.0
published,CSM_Real4,True,top2_completion,14117586.0,E12,14117586.0,ok,True,0.0,0.0,100.0,True,0.05432660000224132,nan,14117586.0,ok,0.0
published,CSM_Real5,True,baseline,14017419.0,E12,14017419.0,ok,True,0.0,0.0,100.0,True,0.0023404999992635567,nan,14017419.0,ok,0.0
published,CSM_Real5,True,cap_receiver,14017419.0,E12,14017419.0,ok,True,0.0,0.0,100.0,True,0.002322100001038052,nan,14017419.0,ok,0.0
published,CSM_Real5,True,net_tie,14017419.0,E12,14017419.0,ok,True,0.0,0.0,100.0,True,0.0027837999987241346,nan,14017419.0,ok,0.0
published,CSM_Real5,True,cap_net_tie,14017419.0,E12,14017419.0,ok,True,0.0,0.0,100.0,True,0.0026953000015055295,nan,14017419.0,ok,0.0
published,CSM_Real5,True,top2_completion,14017419.0,E12,14017419.0,ok,True,0.0,0.0,100.0,True,0.056196499997895444,nan,14017419.0,ok,0.0
published,EDM_C01,True,baseline,1650.0,E09,1695.0,ok,True,45.0,2.727272727272727,97.34513274336283,False,0.0003924999982700683,nan,1695.0,ok,0.0
published,EDM_C01,True,cap_receiver,1650.0,E09,1650.0,ok,True,0.0,0.0,100.0,True,0.00017110000044340268,nan,1695.0,ok,45.0
published,EDM_C01,True,net_tie,1650.0,E09,1695.0,ok,True,45.0,2.727272727272727,97.34513274336283,False,0.00018400000044493936,nan,1695.0,ok,0.0
published,EDM_C01,True,cap_net_tie,1650.0,E09,1650.0,ok,True,0.0,0.0,100.0,True,0.0001477999976486899,nan,1695.0,ok,45.0
published,EDM_C01,True,top2_completion,1650.0,E09,1655.0,ok,True,5.0,0.30303030303030304,99.69788519637463,False,0.0005438999978650827,nan,1695.0,ok,40.0
published,EDM_C04,True,baseline,149.0,E09,149.0,ok,True,0.0,0.0,100.0,True,0.0001878000002761837,nan,149.0,ok,0.0
published,EDM_C04,True,cap_receiver,149.0,E09,150.0,ok,True,1.0,0.6711409395973155,99.33333333333333,False,0.00014880000162520446,nan,149.0,ok,-1.0
published,EDM_C04,True,net_tie,149.0,E09,149.0,ok,True,0.0,0.0,100.0,True,0.00015520000306423753,nan,149.0,ok,0.0
published,EDM_C04,True,cap_net_tie,149.0,E09,150.0,ok,True,1.0,0.6711409395973155,99.33333333333333,False,0.00014659999942523427,nan,149.0,ok,-1.0
published,EDM_C04,True,top2_completion,149.0,E09,149.0,ok,True,0.0,0.0,100.0,True,0.000280100000964012,nan,149.0,ok,0.0
published,EDM_C07,True,baseline,799.0,E09,799.0,ok,True,0.0,0.0,100.0,True,0.00013300000136950985,nan,799.0,ok,0.0
published,EDM_C07,True,cap_receiver,799.0,E09,859.0,ok,True,60.0,7.509386733416771,93.0151338766007,False,0.00012109999806853011,nan,799.0,ok,-60.0
published,EDM_C07,True,net_tie,799.0,E09,799.0,ok,True,0.0,0.0,100.0,True,0.00011549999908311293,nan,799.0,ok,0.0
published,EDM_C07,True,cap_net_tie,799.0,E09,859.0,ok,True,60.0,7.509386733416771,93.0151338766007,False,0.0001460999992559664,nan,799.0,ok,-60.0
published,EDM_C07,True,top2_completion,799.0,E09,799.0,ok,True,0.0,0.0,100.0,True,0.00022770000214222819,nan,799.0,ok,0.0
published,EDM_C08,True,baseline,820.0,E09,820.0,ok,True,0.0,0.0,100.0,True,0.0001401999979862012,nan,820.0,ok,0.0
published,EDM_C08,True,cap_receiver,820.0,E09,830.0,ok,True,10.0,1.2195121951219512,98.79518072289157,False,0.00013660000331583433,nan,820.0,ok,-10.0
published,EDM_C08,True,net_tie,820.0,E09,820.0,ok,True,0.0,0.0,100.0,True,0.00012789999891538173,nan,820.0,ok,0.0
published,EDM_C08,True,cap_net_tie,820.0,E09,830.0,ok,True,10.0,1.2195121951219512,98.79518072289157,False,0.00012449999849195592,nan,820.0,ok,-10.0
published,EDM_C08,True,top2_completion,820.0,E09,820.0,ok,True,0.0,0.0,100.0,True,0.0002810000005410984,nan,820.0,ok,0.0
published,EDM_C09,True,baseline,291.0,E09,327.0,ok,True,36.0,12.371134020618557,88.9908256880734,False,0.00012620000052265823,nan,327.0,ok,0.0
published,EDM_C09,True,cap_receiver,291.0,E09,291.0,ok,True,0.0,0.0,100.0,True,0.00013100000069243833,nan,327.0,ok,36.0
published,EDM_C09,True,net_tie,291.0,E09,327.0,ok,True,36.0,12.371134020618557,88.9908256880734,False,0.00012409999908413738,nan,327.0,ok,0.0
published,EDM_C09,True,cap_net_tie,291.0,E09,291.0,ok,True,0.0,0.0,100.0,True,0.00013069999840809032,nan,327.0,ok,36.0
published,EDM_C09,True,top2_completion,291.0,E09,319.0,ok,True,28.0,9.621993127147766,91.22257053291536,False,0.00035540000317269005,nan,327.0,ok,8.0
published,EDM_C11,True,baseline,109.0,E09,109.0,ok,True,0.0,0.0,100.0,True,0.0001922999981616158,nan,109.0,ok,0.0
published,EDM_C11,True,cap_receiver,109.0,E09,109.0,ok,True,0.0,0.0,100.0,True,0.00016319999849656597,nan,109.0,ok,0.0
published,EDM_C11,True,net_tie,109.0,E09,109.0,ok,True,0.0,0.0,100.0,True,0.00018400000044493936,nan,109.0,ok,0.0
published,EDM_C11,True,cap_net_tie,109.0,E09,109.0,ok,True,0.0,0.0,100.0,True,0.00016070000128820539,nan,109.0,ok,0.0
published,EDM_C11,True,top2_completion,109.0,E09,109.0,ok,True,0.0,0.0,100.0,True,0.0005830000009154901,nan,109.0,ok,0.0
published,EDM_C13,True,baseline,605.0,E09,605.0,ok,True,0.0,0.0,100.0,True,0.00015690000145696104,nan,605.0,ok,0.0
published,EDM_C13,True,cap_receiver,605.0,E09,615.0,ok,True,10.0,1.6528925619834711,98.3739837398374,False,0.0001512000017100945,nan,605.0,ok,-10.0
published,EDM_C13,True,net_tie,605.0,E09,605.0,ok,True,0.0,0.0,100.0,True,0.00016279999908874743,nan,605.0,ok,0.0
published,EDM_C13,True,cap_net_tie,605.0,E09,615.0,ok,True,10.0,1.6528925619834711,98.3739837398374,False,0.00014169999849400483,nan,605.0,ok,-10.0
published,EDM_C13,True,top2_completion,605.0,E09,605.0,ok,True,0.0,0.0,100.0,True,0.0003864999998768326,nan,605.0,ok,0.0
published,EDM_C16,True,baseline,450.0,E09,590.0,ok,True,140.0,31.11111111111111,76.27118644067797,False,0.0001883000004454516,nan,590.0,ok,0.0
published,EDM_C16,True,cap_receiver,450.0,E09,450.0,ok,True,0.0,0.0,100.0,True,0.00016840000171214342,nan,590.0,ok,140.0
published,EDM_C16,True,net_tie,450.0,E09,590.0,ok,True,140.0,31.11111111111111,76.27118644067797,False,0.00016150000010384247,nan,590.0,ok,0.0
published,EDM_C16,True,cap_net_tie,450.0,E09,450.0,ok,True,0.0,0.0,100.0,True,0.00016659999891999178,nan,590.0,ok,140.0
published,EDM_C16,True,top2_completion,450.0,E09,450.0,ok,True,0.0,0.0,100.0,True,0.0005679999994754326,nan,590.0,ok,140.0
published,EDM_C19,True,baseline,840.0,E09,nan,unverified,nan,nan,nan,nan,nan,5.280000186758116e-05,Multiple excess rows after initialization: original dependency branch not verified,nan,unverified,nan
published,EDM_C19,True,cap_receiver,840.0,E09,nan,unverified,nan,nan,nan,nan,nan,3.899999865097925e-05,Multiple excess rows after initialization: original dependency branch not verified,nan,unverified,nan
published,EDM_C19,True,net_tie,840.0,E09,nan,unverified,nan,nan,nan,nan,nan,3.469999865046702e-05,Multiple excess rows after initialization: original dependency branch not verified,nan,unverified,nan
published,EDM_C19,True,cap_net_tie,840.0,E09,nan,unverified,nan,nan,nan,nan,nan,3.260000084992498e-05,Multiple excess rows after initialization: original dependency branch not verified,nan,unverified,nan
published,EDM_C19,True,top2_completion,840.0,E09,nan,unverified,nan,nan,nan,nan,nan,3.1600000511389226e-05,Multiple excess rows after initialization: original dependency branch not verified,nan,unverified,nan
published,EDM_C20,True,baseline,59.0,E09,59.0,ok,True,0.0,0.0,100.0,True,0.0001723000023048371,nan,59.0,ok,0.0
published,EDM_C20,True,cap_receiver,59.0,E09,69.0,ok,True,10.0,16.949152542372882,85.5072463768116,False,0.00015070000154082663,nan,59.0,ok,-10.0
published,EDM_C20,True,net_tie,59.0,E09,59.0,ok,True,0.0,0.0,100.0,True,0.0001588000013725832,nan,59.0,ok,0.0
published,EDM_C20,True,cap_net_tie,59.0,E09,69.0,ok,True,10.0,16.949152542372882,85.5072463768116,False,0.00017810000281315297,nan,59.0,ok,-10.0
published,EDM_C20,True,top2_completion,59.0,E09,59.0,ok,True,0.0,0.0,100.0,True,0.0005008000007364899,nan,59.0,ok,0.0
published,EDM_C22,True,baseline,390.0,E09,nan,unverified,nan,nan,nan,nan,nan,0.00022080000053392723,Multiple excess rows after initialization: original dependency branch not verified,nan,unverified,nan
published,EDM_C22,True,cap_receiver,390.0,E09,nan,unverified,nan,nan,nan,nan,nan,3.900000228895806e-05,Multiple excess rows after initialization: original dependency branch not verified,nan,unverified,nan
published,EDM_C22,True,net_tie,390.0,E09,nan,unverified,nan,nan,nan,nan,nan,4.0400002035312355e-05,Multiple excess rows after initialization: original dependency branch not verified,nan,unverified,nan
published,EDM_C22,True,cap_net_tie,390.0,E09,nan,unverified,nan,nan,nan,nan,nan,3.050000304938294e-05,Multiple excess rows after initialization: original dependency branch not verified,nan,unverified,nan
published,EDM_C22,True,top2_completion,390.0,E09,nan,unverified,nan,nan,nan,nan,nan,2.7399997634347528e-05,Multiple excess rows after initialization: original dependency branch not verified,nan,unverified,nan
published,EDM_S1,True,baseline,1375.0,E09,1380.0,ok,True,5.0,0.36363636363636365,99.6376811594203,False,0.00016730000061215833,nan,1380.0,ok,0.0
published,EDM_S1,True,cap_receiver,1375.0,E09,1375.0,ok,True,0.0,0.0,100.0,True,0.00019670000256155618,nan,1380.0,ok,5.0
published,EDM_S1,True,net_tie,1375.0,E09,1435.0,ok,True,60.0,4.363636363636363,95.81881533101046,False,0.00023319999672821723,nan,1380.0,ok,-55.0
published,EDM_S1,True,cap_net_tie,1375.0,E09,1375.0,ok,True,0.0,0.0,100.0,True,0.00023499999952036887,nan,1380.0,ok,5.0
published,EDM_S1,True,top2_completion,1375.0,E09,1380.0,ok,True,5.0,0.36363636363636365,99.6376811594203,False,0.0005744000009144656,nan,1380.0,ok,0.0
published,EDM_S3,True,baseline,73.0,E09,77.0,ok,True,4.0,5.47945205479452,94.8051948051948,False,0.0001267000006919261,nan,77.0,ok,0.0
published,EDM_S3,True,cap_receiver,73.0,E09,77.0,ok,True,4.0,5.47945205479452,94.8051948051948,False,0.0001157000006060116,nan,77.0,ok,0.0
published,EDM_S3,True,net_tie,73.0,E09,77.0,ok,True,4.0,5.47945205479452,94.8051948051948,False,0.00011399999857530929,nan,77.0,ok,0.0
published,EDM_S3,True,cap_net_tie,73.0,E09,77.0,ok,True,4.0,5.47945205479452,94.8051948051948,False,0.00011300000187475234,nan,77.0,ok,0.0
published,EDM_S3,True,top2_completion,73.0,E09,77.0,ok,True,4.0,5.47945205479452,94.8051948051948,False,0.00017329999900539406,nan,77.0,ok,0.0
published,EDM_S4,True,baseline,127.0,E09,133.0,ok,True,6.0,4.724409448818897,95.48872180451127,False,0.0001441000022168737,nan,133.0,ok,0.0
published,EDM_S4,True,cap_receiver,127.0,E09,133.0,ok,True,6.0,4.724409448818897,95.48872180451127,False,0.00028500000189524144,nan,133.0,ok,0.0
published,EDM_S4,True,net_tie,127.0,E09,133.0,ok,True,6.0,4.724409448818897,95.48872180451127,False,0.0001545999984955415,nan,133.0,ok,0.0
published,EDM_S4,True,cap_net_tie,127.0,E09,133.0,ok,True,6.0,4.724409448818897,95.48872180451127,False,0.00018689999706111848,nan,133.0,ok,0.0
published,EDM_S4,True,top2_completion,127.0,E09,133.0,ok,True,6.0,4.724409448818897,95.48872180451127,False,0.0003183999979228247,nan,133.0,ok,0.0
published,EDM_S5,True,baseline,1380.0,E09,1380.0,ok,True,0.0,0.0,100.0,True,0.00022389999867300503,nan,1380.0,ok,0.0
published,EDM_S5,True,cap_receiver,1380.0,E09,1380.0,ok,True,0.0,0.0,100.0,True,0.0002052000018011313,nan,1380.0,ok,0.0
published,EDM_S5,True,net_tie,1380.0,E09,1380.0,ok,True,0.0,0.0,100.0,True,0.00021230000129435211,nan,1380.0,ok,0.0
published,EDM_S5,True,cap_net_tie,1380.0,E09,1380.0,ok,True,0.0,0.0,100.0,True,0.00019189999875379726,nan,1380.0,ok,0.0
published,EDM_S5,True,top2_completion,1380.0,E09,1380.0,ok,True,0.0,0.0,100.0,True,0.0008201000018743798,nan,1380.0,ok,0.0
published,MRM_BTP1,True,baseline,475.0,E15,475.0,ok,True,0.0,0.0,100.0,True,0.00013249999756226316,nan,475.0,ok,0.0
published,MRM_BTP1,True,cap_receiver,475.0,E15,490.0,ok,True,15.0,3.1578947368421053,96.93877551020408,False,0.00012740000238409266,nan,475.0,ok,-15.0
published,MRM_BTP1,True,net_tie,475.0,E15,475.0,ok,True,0.0,0.0,100.0,True,0.00012540000170702115,nan,475.0,ok,0.0
published,MRM_BTP1,True,cap_net_tie,475.0,E15,490.0,ok,True,15.0,3.1578947368421053,96.93877551020408,False,0.00012599999899975955,nan,475.0,ok,-15.0
published,MRM_BTP1,True,top2_completion,475.0,E15,475.0,ok,True,0.0,0.0,100.0,True,0.00029010000071139075,nan,475.0,ok,0.0
published,MRM_BTP3,True,baseline,240.0,E15,nan,unverified,nan,nan,nan,nan,nan,3.97000003431458e-05,Multiple excess rows after initialization: original dependency branch not verified,nan,unverified,nan
published,MRM_BTP3,True,cap_receiver,240.0,E15,nan,unverified,nan,nan,nan,nan,nan,2.7000001864507794e-05,Multiple excess rows after initialization: original dependency branch not verified,nan,unverified,nan
published,MRM_BTP3,True,net_tie,240.0,E15,nan,unverified,nan,nan,nan,nan,nan,2.3699998564552516e-05,Multiple excess rows after initialization: original dependency branch not verified,nan,unverified,nan
published,MRM_BTP3,True,cap_net_tie,240.0,E15,nan,unverified,nan,nan,nan,nan,nan,2.350000067963265e-05,Multiple excess rows after initialization: original dependency branch not verified,nan,unverified,nan
published,MRM_BTP3,True,top2_completion,240.0,E15,nan,unverified,nan,nan,nan,nan,nan,2.3199998395284638e-05,Multiple excess rows after initialization: original dependency branch not verified,nan,unverified,nan
published,MRM_BTP6,True,baseline,3320.0,E15,nan,unverified,nan,nan,nan,nan,nan,2.350000067963265e-05,Multiple excess rows after initialization: original dependency branch not verified,nan,unverified,nan
published,MRM_BTP6,True,cap_receiver,3320.0,E15,nan,unverified,nan,nan,nan,nan,nan,2.2899999748915434e-05,Multiple excess rows after initialization: original dependency branch not verified,nan,unverified,nan
published,MRM_BTP6,True,net_tie,3320.0,E15,nan,unverified,nan,nan,nan,nan,nan,2.300000051036477e-05,Multiple excess rows after initialization: original dependency branch not verified,nan,unverified,nan
published,MRM_BTP6,True,cap_net_tie,3320.0,E15,nan,unverified,nan,nan,nan,nan,nan,2.3200002033263445e-05,Multiple excess rows after initialization: original dependency branch not verified,nan,unverified,nan
published,MRM_BTP6,True,top2_completion,3320.0,E15,nan,unverified,nan,nan,nan,nan,nan,2.300000051036477e-05,Multiple excess rows after initialization: original dependency branch not verified,nan,unverified,nan
published,MRM_BTP7,True,baseline,1390.0,E15,1450.0,ok,True,60.0,4.316546762589928,95.86206896551724,False,0.00011610000001383014,nan,1450.0,ok,0.0
published,MRM_BTP7,True,cap_receiver,1390.0,E15,1450.0,ok,True,60.0,4.316546762589928,95.86206896551724,False,0.00011139999696752056,nan,1450.0,ok,0.0
published,MRM_BTP7,True,net_tie,1390.0,E15,1450.0,ok,True,60.0,4.316546762589928,95.86206896551724,False,0.00011209999865968712,nan,1450.0,ok,0.0
published,MRM_BTP7,True,cap_net_tie,1390.0,E15,1450.0,ok,True,60.0,4.316546762589928,95.86206896551724,False,0.00011099999755970202,nan,1450.0,ok,0.0
published,MRM_BTP7,True,top2_completion,1390.0,E15,1450.0,ok,True,60.0,4.316546762589928,95.86206896551724,False,0.000161899999511661,nan,1450.0,ok,0.0
published,MRM_BTP8,True,baseline,830.0,E15,830.0,ok,True,0.0,0.0,100.0,True,0.00015700000221841037,nan,830.0,ok,0.0
published,MRM_BTP8,True,cap_receiver,830.0,E15,830.0,ok,True,0.0,0.0,100.0,True,0.00015759999951114878,nan,830.0,ok,0.0
published,MRM_BTP8,True,net_tie,830.0,E15,830.0,ok,True,0.0,0.0,100.0,True,0.0001477999976486899,nan,830.0,ok,0.0
published,MRM_BTP8,True,cap_net_tie,830.0,E15,830.0,ok,True,0.0,0.0,100.0,True,0.0001494999996793922,nan,830.0,ok,0.0
published,MRM_BTP8,True,top2_completion,830.0,E15,830.0,ok,True,0.0,0.0,100.0,True,0.0005587000014202204,nan,830.0,ok,0.0
published,MRM_BTP9,True,baseline,430.0,E15,nan,unverified,nan,nan,nan,nan,nan,5.2600000344682485e-05,Multiple excess rows after initialization: original dependency branch not verified,nan,unverified,nan
published,MRM_BTP9,True,cap_receiver,430.0,E15,nan,unverified,nan,nan,nan,nan,nan,3.139999898849055e-05,Multiple excess rows after initialization: original dependency branch not verified,nan,unverified,nan
published,MRM_BTP9,True,net_tie,430.0,E15,nan,unverified,nan,nan,nan,nan,nan,2.8899998142151162e-05,Multiple excess rows after initialization: original dependency branch not verified,nan,unverified,nan
published,MRM_BTP9,True,cap_net_tie,430.0,E15,nan,unverified,nan,nan,nan,nan,nan,2.8500002372311428e-05,Multiple excess rows after initialization: original dependency branch not verified,nan,unverified,nan
published,MRM_BTP9,True,top2_completion,430.0,E15,nan,unverified,nan,nan,nan,nan,nan,2.8200000087963417e-05,Multiple excess rows after initialization: original dependency branch not verified,nan,unverified,nan
published,MRM_BTP10,True,baseline,68.0,E15,68.0,ok,True,0.0,0.0,100.0,True,0.00019939999765483662,nan,68.0,ok,0.0
published,MRM_BTP10,True,cap_receiver,68.0,E15,69.0,ok,True,1.0,1.4705882352941178,98.55072463768116,False,0.00016870000035851263,nan,68.0,ok,-1.0
published,MRM_BTP10,True,net_tie,68.0,E15,68.0,ok,True,0.0,0.0,100.0,True,0.00018509999790694565,nan,68.0,ok,0.0
published,MRM_BTP10,True,cap_net_tie,68.0,E15,69.0,ok,True,1.0,1.4705882352941178,98.55072463768116,False,0.00016820000018924475,nan,68.0,ok,-1.0
published,MRM_BTP10,True,top2_completion,68.0,E15,68.0,ok,True,0.0,0.0,100.0,True,0.0006042999993951526,nan,68.0,ok,0.0
published,MRM_UTP2,True,baseline,12475.0,E15,nan,unverified,nan,nan,nan,nan,nan,5.830000009154901e-05,Multiple excess rows after initialization: original dependency branch not verified,nan,unverified,nan
published,MRM_UTP2,True,cap_receiver,12475.0,E15,nan,unverified,nan,nan,nan,nan,nan,4.169999738223851e-05,Multiple excess rows after initialization: original dependency branch not verified,nan,unverified,nan
published,MRM_UTP2,True,net_tie,12475.0,E15,nan,unverified,nan,nan,nan,nan,nan,3.619999915827066e-05,Multiple excess rows after initialization: original dependency branch not verified,nan,unverified,nan
published,MRM_UTP2,True,cap_net_tie,12475.0,E15,nan,unverified,nan,nan,nan,nan,nan,3.35000004270114e-05,Multiple excess rows after initialization: original dependency branch not verified,nan,unverified,nan
published,MRM_UTP2,True,top2_completion,12475.0,E15,nan,unverified,nan,nan,nan,nan,nan,3.269999797339551e-05,Multiple excess rows after initialization: original dependency branch not verified,nan,unverified,nan
published,MRM_UTP3,True,baseline,9200.0,E15,9200.0,ok,True,0.0,0.0,100.0,True,0.0002361999977438245,nan,9200.0,ok,0.0
published,MRM_UTP3,True,cap_receiver,9200.0,E15,9200.0,ok,True,0.0,0.0,100.0,True,0.0002041000007011462,nan,9200.0,ok,0.0
published,MRM_UTP3,True,net_tie,9200.0,E15,9200.0,ok,True,0.0,0.0,100.0,True,0.00022060000264900737,nan,9200.0,ok,0.0
published,MRM_UTP3,True,cap_net_tie,9200.0,E15,9200.0,ok,True,0.0,0.0,100.0,True,0.00024699999994481914,nan,9200.0,ok,0.0
published,MRM_UTP3,True,top2_completion,9200.0,E15,9200.0,ok,True,0.0,0.0,100.0,True,0.0007206999980553519,nan,9200.0,ok,0.0
published,MRM_HDTP3,True,baseline,2600.0,E15,nan,unverified,nan,nan,nan,nan,nan,6.610000127693638e-05,Multiple excess rows after initialization: original dependency branch not verified,nan,unverified,nan
published,MRM_HDTP3,True,cap_receiver,2600.0,E15,nan,unverified,nan,nan,nan,nan,nan,5.339999916031957e-05,Multiple excess rows after initialization: original dependency branch not verified,nan,unverified,nan
published,MRM_HDTP3,True,net_tie,2600.0,E15,nan,unverified,nan,nan,nan,nan,nan,4.9799997213995084e-05,Multiple excess rows after initialization: original dependency branch not verified,nan,unverified,nan
published,MRM_HDTP3,True,cap_net_tie,2600.0,E15,nan,unverified,nan,nan,nan,nan,nan,5.080000119050965e-05,Multiple excess rows after initialization: original dependency branch not verified,nan,unverified,nan
published,MRM_HDTP3,True,top2_completion,2600.0,E15,nan,unverified,nan,nan,nan,nan,nan,5.0400001782691106e-05,Multiple excess rows after initialization: original dependency branch not verified,nan,unverified,nan
random,R3_uniform_00,True,baseline,4716.0,generated,5061.0,ok,True,345.0,7.315521628498728,93.1831653823355,False,0.00029429999995045364,nan,5061.0,ok,0.0
random,R3_uniform_00,True,cap_receiver,4716.0,generated,4716.0,ok,True,0.0,0.0,100.0,True,0.00014310000187833793,nan,5061.0,ok,345.0
random,R3_uniform_00,True,net_tie,4716.0,generated,5061.0,ok,True,345.0,7.315521628498728,93.1831653823355,False,0.0001216000018757768,nan,5061.0,ok,0.0
random,R3_uniform_00,True,cap_net_tie,4716.0,generated,4716.0,ok,True,0.0,0.0,100.0,True,0.0001269999993382953,nan,5061.0,ok,345.0
random,R3_uniform_00,True,top2_completion,4716.0,generated,4716.0,ok,True,0.0,0.0,100.0,True,0.0002514000007067807,nan,5061.0,ok,345.0
random,R3_uniform_01,True,baseline,4277.0,generated,4277.0,ok,True,0.0,0.0,100.0,True,0.00011579999772948213,nan,4277.0,ok,0.0
random,R3_uniform_01,True,cap_receiver,4277.0,generated,4379.0,ok,True,102.0,2.3848491933598317,97.67070107330441,False,9.649999992689118e-05,nan,4277.0,ok,-102.0
random,R3_uniform_01,True,net_tie,4277.0,generated,4277.0,ok,True,0.0,0.0,100.0,True,0.00011380000069038942,nan,4277.0,ok,0.0
random,R3_uniform_01,True,cap_net_tie,4277.0,generated,4379.0,ok,True,102.0,2.3848491933598317,97.67070107330441,False,9.470000077271834e-05,nan,4277.0,ok,-102.0
random,R3_uniform_01,True,top2_completion,4277.0,generated,4277.0,ok,True,0.0,0.0,100.0,True,0.00025159999859170057,nan,4277.0,ok,0.0
random,R3_uniform_02,True,baseline,11107.0,generated,11107.0,ok,True,0.0,0.0,100.0,True,0.0001049999991664663,nan,11107.0,ok,0.0
random,R3_uniform_02,True,cap_receiver,11107.0,generated,11107.0,ok,True,0.0,0.0,100.0,True,9.809999755816534e-05,nan,11107.0,ok,0.0
random,R3_uniform_02,True,net_tie,11107.0,generated,11107.0,ok,True,0.0,0.0,100.0,True,9.839999984251335e-05,nan,11107.0,ok,0.0
random,R3_uniform_02,True,cap_net_tie,11107.0,generated,11107.0,ok,True,0.0,0.0,100.0,True,9.900000077323057e-05,nan,11107.0,ok,0.0
random,R3_uniform_02,True,top2_completion,11107.0,generated,11107.0,ok,True,0.0,0.0,100.0,True,0.00015619999976479448,nan,11107.0,ok,0.0
random,R3_uniform_03,True,baseline,1709.0,generated,1709.0,ok,True,0.0,0.0,100.0,True,0.00010230000043520704,nan,1709.0,ok,0.0
random,R3_uniform_03,True,cap_receiver,1709.0,generated,1709.0,ok,True,0.0,0.0,100.0,True,0.00023680000231252052,nan,1709.0,ok,0.0
random,R3_uniform_03,True,net_tie,1709.0,generated,1709.0,ok,True,0.0,0.0,100.0,True,0.00011490000179037452,nan,1709.0,ok,0.0
random,R3_uniform_03,True,cap_net_tie,1709.0,generated,1709.0,ok,True,0.0,0.0,100.0,True,0.00010440000187372789,nan,1709.0,ok,0.0
random,R3_uniform_03,True,top2_completion,1709.0,generated,1709.0,ok,True,0.0,0.0,100.0,True,0.00015609999900334515,nan,1709.0,ok,0.0
random,R3_uniform_04,True,baseline,2694.0,generated,nan,unverified,nan,nan,nan,nan,nan,3.130000186502002e-05,Multiple excess rows after initialization: original dependency branch not verified,nan,unverified,nan
random,R3_uniform_04,True,cap_receiver,2694.0,generated,nan,unverified,nan,nan,nan,nan,nan,2.5400000595254824e-05,Multiple excess rows after initialization: original dependency branch not verified,nan,unverified,nan
random,R3_uniform_04,True,net_tie,2694.0,generated,nan,unverified,nan,nan,nan,nan,nan,2.359999780310318e-05,Multiple excess rows after initialization: original dependency branch not verified,nan,unverified,nan
random,R3_uniform_04,True,cap_net_tie,2694.0,generated,nan,unverified,nan,nan,nan,nan,nan,2.3200002033263445e-05,Multiple excess rows after initialization: original dependency branch not verified,nan,unverified,nan
random,R3_uniform_04,True,top2_completion,2694.0,generated,nan,unverified,nan,nan,nan,nan,nan,2.3100001271814108e-05,Multiple excess rows after initialization: original dependency branch not verified,nan,unverified,nan
random,R3_uniform_05,True,baseline,8902.0,generated,8902.0,ok,True,0.0,0.0,100.0,True,0.00014139999984763563,nan,8902.0,ok,0.0
random,R3_uniform_05,True,cap_receiver,8902.0,generated,8902.0,ok,True,0.0,0.0,100.0,True,0.00014229999942472205,nan,8902.0,ok,0.0
random,R3_uniform_05,True,net_tie,8902.0,generated,8902.0,ok,True,0.0,0.0,100.0,True,0.00014350000128615648,nan,8902.0,ok,0.0
random,R3_uniform_05,True,cap_net_tie,8902.0,generated,8902.0,ok,True,0.0,0.0,100.0,True,0.00014559999908669852,nan,8902.0,ok,0.0
random,R3_uniform_05,True,top2_completion,8902.0,generated,8902.0,ok,True,0.0,0.0,100.0,True,0.0003800999984377995,nan,8902.0,ok,0.0
random,R3_uniform_06,True,baseline,6352.0,generated,nan,unverified,nan,nan,nan,nan,nan,2.8700000257231295e-05,Multiple excess rows after initialization: original dependency branch not verified,nan,unverified,nan
random,R3_uniform_06,True,cap_receiver,6352.0,generated,nan,unverified,nan,nan,nan,nan,nan,2.4599998141638935e-05,Multiple excess rows after initialization: original dependency branch not verified,nan,unverified,nan
random,R3_uniform_06,True,net_tie,6352.0,generated,nan,unverified,nan,nan,nan,nan,nan,2.3600001441081986e-05,Multiple excess rows after initialization: original dependency branch not verified,nan,unverified,nan
random,R3_uniform_06,True,cap_net_tie,6352.0,generated,nan,unverified,nan,nan,nan,nan,nan,2.3399999918183312e-05,Multiple excess rows after initialization: original dependency branch not verified,nan,unverified,nan
random,R3_uniform_06,True,top2_completion,6352.0,generated,nan,unverified,nan,nan,nan,nan,nan,2.30999976338353e-05,Multiple excess rows after initialization: original dependency branch not verified,nan,unverified,nan
random,R3_uniform_07,True,baseline,3692.0,generated,nan,unverified,nan,nan,nan,nan,nan,2.3100001271814108e-05,Multiple excess rows after initialization: original dependency branch not verified,nan,unverified,nan
random,R3_uniform_07,True,cap_receiver,3692.0,generated,nan,unverified,nan,nan,nan,nan,nan,2.300000051036477e-05,Multiple excess rows after initialization: original dependency branch not verified,nan,unverified,nan
random,R3_uniform_07,True,net_tie,3692.0,generated,nan,unverified,nan,nan,nan,nan,nan,2.2700001863995567e-05,Multiple excess rows after initialization: original dependency branch not verified,nan,unverified,nan
random,R3_uniform_07,True,cap_net_tie,3692.0,generated,nan,unverified,nan,nan,nan,nan,nan,2.3199998395284638e-05,Multiple excess rows after initialization: original dependency branch not verified,nan,unverified,nan
random,R3_uniform_07,True,top2_completion,3692.0,generated,nan,unverified,nan,nan,nan,nan,nan,2.3100001271814108e-05,Multiple excess rows after initialization: original dependency branch not verified,nan,unverified,nan
random,R3_uniform_08,True,baseline,11223.0,generated,11223.0,ok,True,0.0,0.0,100.0,True,0.00013630000103148632,nan,11223.0,ok,0.0
random,R3_uniform_08,True,cap_receiver,11223.0,generated,11223.0,ok,True,0.0,0.0,100.0,True,0.00012480000077630393,nan,11223.0,ok,0.0
random,R3_uniform_08,True,net_tie,11223.0,generated,11223.0,ok,True,0.0,0.0,100.0,True,0.0001233000002685003,nan,11223.0,ok,0.0
random,R3_uniform_08,True,cap_net_tie,11223.0,generated,11223.0,ok,True,0.0,0.0,100.0,True,0.00012409999908413738,nan,11223.0,ok,0.0
random,R3_uniform_08,True,top2_completion,11223.0,generated,11223.0,ok,True,0.0,0.0,100.0,True,0.0002691000008780975,nan,11223.0,ok,0.0
random,R3_uniform_09,True,baseline,4515.0,generated,4515.0,ok,True,0.0,0.0,100.0,True,0.00012540000170702115,nan,4515.0,ok,0.0
random,R3_uniform_09,True,cap_receiver,4515.0,generated,4515.0,ok,True,0.0,0.0,100.0,True,0.0001227000029757619,nan,4515.0,ok,0.0
random,R3_uniform_09,True,net_tie,4515.0,generated,4515.0,ok,True,0.0,0.0,100.0,True,0.000122200002806494,nan,4515.0,ok,0.0
random,R3_uniform_09,True,cap_net_tie,4515.0,generated,4515.0,ok,True,0.0,0.0,100.0,True,0.00011989999984507449,nan,4515.0,ok,0.0
random,R3_uniform_09,True,top2_completion,4515.0,generated,4515.0,ok,True,0.0,0.0,100.0,True,0.00024290000146720558,nan,4515.0,ok,0.0
random,R3_uniform_10,True,baseline,7206.0,generated,7206.0,ok,True,0.0,0.0,100.0,True,9.659999705036171e-05,nan,7206.0,ok,0.0
random,R3_uniform_10,True,cap_receiver,7206.0,generated,8057.0,ok,True,851.0,11.809603108520678,89.43775598858136,False,9.499999941908754e-05,nan,7206.0,ok,-851.0
random,R3_uniform_10,True,net_tie,7206.0,generated,7206.0,ok,True,0.0,0.0,100.0,True,0.00016830000095069408,nan,7206.0,ok,0.0
random,R3_uniform_10,True,cap_net_tie,7206.0,generated,8057.0,ok,True,851.0,11.809603108520678,89.43775598858136,False,0.0002519000008760486,nan,7206.0,ok,-851.0
random,R3_uniform_10,True,top2_completion,7206.0,generated,7206.0,ok,True,0.0,0.0,100.0,True,0.0002555999999458436,nan,7206.0,ok,0.0
random,R3_uniform_11,True,baseline,7321.0,generated,nan,unverified,nan,nan,nan,nan,nan,3.980000110459514e-05,Multiple excess rows after initialization: original dependency branch not verified,nan,unverified,nan
random,R3_uniform_11,True,cap_receiver,7321.0,generated,nan,unverified,nan,nan,nan,nan,nan,2.6599998818710446e-05,Multiple excess rows after initialization: original dependency branch not verified,nan,unverified,nan
random,R3_uniform_11,True,net_tie,7321.0,generated,nan,unverified,nan,nan,nan,nan,nan,2.3799999326001853e-05,Multiple excess rows after initialization: original dependency branch not verified,nan,unverified,nan
random,R3_uniform_11,True,cap_net_tie,7321.0,generated,nan,unverified,nan,nan,nan,nan,nan,2.3399999918183312e-05,Multiple excess rows after initialization: original dependency branch not verified,nan,unverified,nan
random,R3_uniform_11,True,top2_completion,7321.0,generated,nan,unverified,nan,nan,nan,nan,nan,2.2999996872385964e-05,Multiple excess rows after initialization: original dependency branch not verified,nan,unverified,nan
random,R3_uniform_12,True,baseline,7678.0,generated,7678.0,ok,True,0.0,0.0,100.0,True,0.00013789999866276048,nan,7678.0,ok,0.0
random,R3_uniform_12,True,cap_receiver,7678.0,generated,7678.0,ok,True,0.0,0.0,100.0,True,0.00012799999967683107,nan,7678.0,ok,0.0
random,R3_uniform_12,True,net_tie,7678.0,generated,7678.0,ok,True,0.0,0.0,100.0,True,0.00014409999857889488,nan,7678.0,ok,0.0
random,R3_uniform_12,True,cap_net_tie,7678.0,generated,7678.0,ok,True,0.0,0.0,100.0,True,0.00012629999764612876,nan,7678.0,ok,0.0
random,R3_uniform_12,True,top2_completion,7678.0,generated,7678.0,ok,True,0.0,0.0,100.0,True,0.0002767000005405862,nan,7678.0,ok,0.0
random,R3_uniform_13,True,baseline,984.0,generated,984.0,ok,True,0.0,0.0,100.0,True,0.00013749999925494194,nan,984.0,ok,0.0
random,R3_uniform_13,True,cap_receiver,984.0,generated,984.0,ok,True,0.0,0.0,100.0,True,0.00017940000179805793,nan,984.0,ok,0.0
random,R3_uniform_13,True,net_tie,984.0,generated,984.0,ok,True,0.0,0.0,100.0,True,8.620000153314322e-05,nan,984.0,ok,0.0
random,R3_uniform_13,True,cap_net_tie,984.0,generated,984.0,ok,True,0.0,0.0,100.0,True,8.579999848734587e-05,nan,984.0,ok,0.0
random,R3_uniform_13,True,top2_completion,984.0,generated,984.0,ok,True,0.0,0.0,100.0,True,0.00013019999823882245,nan,984.0,ok,0.0
random,R3_uniform_14,True,baseline,5285.0,generated,nan,unverified,nan,nan,nan,nan,nan,2.970000059576705e-05,Multiple excess rows after initialization: original dependency branch not verified,nan,unverified,nan
random,R3_uniform_14,True,cap_receiver,5285.0,generated,nan,unverified,nan,nan,nan,nan,nan,2.6900001103058457e-05,Multiple excess rows after initialization: original dependency branch not verified,nan,unverified,nan
random,R3_uniform_14,True,net_tie,5285.0,generated,nan,unverified,nan,nan,nan,nan,nan,2.7400001272326335e-05,Multiple excess rows after initialization: original dependency branch not verified,nan,unverified,nan
random,R3_uniform_14,True,cap_net_tie,5285.0,generated,nan,unverified,nan,nan,nan,nan,nan,3.360000118846074e-05,Multiple excess rows after initialization: original dependency branch not verified,nan,unverified,nan
random,R3_uniform_14,True,top2_completion,5285.0,generated,nan,unverified,nan,nan,nan,nan,nan,2.3600001441081986e-05,Multiple excess rows after initialization: original dependency branch not verified,nan,unverified,nan
random,R3_uniform_15,True,baseline,5483.0,generated,5483.0,ok,True,0.0,0.0,100.0,True,0.00013019999823882245,nan,5483.0,ok,0.0
random,R3_uniform_15,True,cap_receiver,5483.0,generated,5483.0,ok,True,0.0,0.0,100.0,True,0.00012729999798466451,nan,5483.0,ok,0.0
random,R3_uniform_15,True,net_tie,5483.0,generated,5483.0,ok,True,0.0,0.0,100.0,True,0.00012539999806904234,nan,5483.0,ok,0.0
random,R3_uniform_15,True,cap_net_tie,5483.0,generated,5483.0,ok,True,0.0,0.0,100.0,True,0.0001221999991685152,nan,5483.0,ok,0.0
random,R3_uniform_15,True,top2_completion,5483.0,generated,5483.0,ok,True,0.0,0.0,100.0,True,0.00029229999927338213,nan,5483.0,ok,0.0
random,R3_uniform_16,True,baseline,4856.0,generated,4856.0,ok,True,0.0,0.0,100.0,True,0.00010570000085863285,nan,4856.0,ok,0.0
random,R3_uniform_16,True,cap_receiver,4856.0,generated,4856.0,ok,True,0.0,0.0,100.0,True,0.00010380000094301067,nan,4856.0,ok,0.0
random,R3_uniform_16,True,net_tie,4856.0,generated,4856.0,ok,True,0.0,0.0,100.0,True,9.639999916544184e-05,nan,4856.0,ok,0.0
random,R3_uniform_16,True,cap_net_tie,4856.0,generated,4856.0,ok,True,0.0,0.0,100.0,True,0.00011129999984405003,nan,4856.0,ok,0.0
random,R3_uniform_16,True,top2_completion,4856.0,generated,4856.0,ok,True,0.0,0.0,100.0,True,0.00014819999705650844,nan,4856.0,ok,0.0
random,R3_uniform_17,True,baseline,7549.0,generated,nan,unverified,nan,nan,nan,nan,nan,2.9099999665049836e-05,Multiple excess rows after initialization: original dependency branch not verified,nan,unverified,nan
random,R3_uniform_17,True,cap_receiver,7549.0,generated,nan,unverified,nan,nan,nan,nan,nan,2.4900000425986946e-05,Multiple excess rows after initialization: original dependency branch not verified,nan,unverified,nan
random,R3_uniform_17,True,net_tie,7549.0,generated,nan,unverified,nan,nan,nan,nan,nan,2.390000008745119e-05,Multiple excess rows after initialization: original dependency branch not verified,nan,unverified,nan
random,R3_uniform_17,True,cap_net_tie,7549.0,generated,nan,unverified,nan,nan,nan,nan,nan,2.350000067963265e-05,Multiple excess rows after initialization: original dependency branch not verified,nan,unverified,nan
random,R3_uniform_17,True,top2_completion,7549.0,generated,nan,unverified,nan,nan,nan,nan,nan,2.3799999326001853e-05,Multiple excess rows after initialization: original dependency branch not verified,nan,unverified,nan
random,R3_uniform_18,True,baseline,7045.0,generated,9716.0,ok,True,2671.0,37.913413768630235,72.50926307122272,False,0.0001239000011992175,nan,9716.0,ok,0.0
random,R3_uniform_18,True,cap_receiver,7045.0,generated,7045.0,ok,True,0.0,0.0,100.0,True,0.00010130000009667128,nan,9716.0,ok,2671.0
random,R3_uniform_18,True,net_tie,7045.0,generated,9716.0,ok,True,2671.0,37.913413768630235,72.50926307122272,False,0.00011339999764459208,nan,9716.0,ok,0.0
random,R3_uniform_18,True,cap_net_tie,7045.0,generated,7045.0,ok,True,0.0,0.0,100.0,True,9.960000170394778e-05,nan,9716.0,ok,2671.0
random,R3_uniform_18,True,top2_completion,7045.0,generated,7495.0,ok,True,450.0,6.387508871540099,93.99599733155436,False,0.00024590000248281285,nan,9716.0,ok,2221.0
random,R3_uniform_19,True,baseline,2820.0,generated,2820.0,ok,True,0.0,0.0,100.0,True,0.00012060000153724104,nan,2820.0,ok,0.0
random,R3_uniform_19,True,cap_receiver,2820.0,generated,2820.0,ok,True,0.0,0.0,100.0,True,0.00011989999984507449,nan,2820.0,ok,0.0
random,R3_uniform_19,True,net_tie,2820.0,generated,2820.0,ok,True,0.0,0.0,100.0,True,0.00011790000280598179,nan,2820.0,ok,0.0
random,R3_uniform_19,True,cap_net_tie,2820.0,generated,2820.0,ok,True,0.0,0.0,100.0,True,0.00011660000018309802,nan,2820.0,ok,0.0
random,R3_uniform_19,True,top2_completion,2820.0,generated,2820.0,ok,True,0.0,0.0,100.0,True,0.00035180000122636557,nan,2820.0,ok,0.0
random,R3_ties_00,True,baseline,344.0,generated,nan,unverified,nan,nan,nan,nan,nan,2.9599999834317714e-05,Multiple excess rows after initialization: original dependency branch not verified,nan,unverified,nan
random,R3_ties_00,True,cap_receiver,344.0,generated,nan,unverified,nan,nan,nan,nan,nan,2.479999966453761e-05,Multiple excess rows after initialization: original dependency branch not verified,nan,unverified,nan
random,R3_ties_00,True,net_tie,344.0,generated,nan,unverified,nan,nan,nan,nan,nan,2.4100001610349864e-05,Multiple excess rows after initialization: original dependency branch not verified,nan,unverified,nan
random,R3_ties_00,True,cap_net_tie,344.0,generated,nan,unverified,nan,nan,nan,nan,nan,2.3399999918183312e-05,Multiple excess rows after initialization: original dependency branch not verified,nan,unverified,nan
random,R3_ties_00,True,top2_completion,344.0,generated,nan,unverified,nan,nan,nan,nan,nan,2.3699998564552516e-05,Multiple excess rows after initialization: original dependency branch not verified,nan,unverified,nan
random,R3_ties_01,True,baseline,474.0,generated,474.0,ok,True,0.0,0.0,100.0,True,0.00011989999984507449,nan,474.0,ok,0.0
random,R3_ties_01,True,cap_receiver,474.0,generated,492.0,ok,True,18.0,3.7974683544303796,96.34146341463415,False,9.91000015346799e-05,nan,474.0,ok,-18.0
random,R3_ties_01,True,net_tie,474.0,generated,474.0,ok,True,0.0,0.0,100.0,True,0.0001188000023830682,nan,474.0,ok,0.0
random,R3_ties_01,True,cap_net_tie,474.0,generated,492.0,ok,True,18.0,3.7974683544303796,96.34146341463415,False,0.00011670000094454736,nan,474.0,ok,-18.0
random,R3_ties_01,True,top2_completion,474.0,generated,474.0,ok,True,0.0,0.0,100.0,True,0.00028390000079525635,nan,474.0,ok,0.0
random,R3_ties_02,True,baseline,280.0,generated,280.0,ok,True,0.0,0.0,100.0,True,0.000143599998409627,nan,280.0,ok,0.0
random,R3_ties_02,True,cap_receiver,280.0,generated,331.0,ok,True,51.0,18.214285714285715,84.59214501510574,False,0.00010760000077425502,nan,280.0,ok,-51.0
random,R3_ties_02,True,net_tie,280.0,generated,280.0,ok,True,0.0,0.0,100.0,True,0.00026869999783230014,nan,280.0,ok,0.0
random,R3_ties_02,True,cap_net_tie,280.0,generated,331.0,ok,True,51.0,18.214285714285715,84.59214501510574,False,0.0001216000018757768,nan,280.0,ok,-51.0
random,R3_ties_02,True,top2_completion,280.0,generated,280.0,ok,True,0.0,0.0,100.0,True,0.000229199999012053,nan,280.0,ok,0.0
random,R3_ties_03,True,baseline,432.0,generated,432.0,ok,True,0.0,0.0,100.0,True,0.00010900000052060932,nan,432.0,ok,0.0
random,R3_ties_03,True,cap_receiver,432.0,generated,432.0,ok,True,0.0,0.0,100.0,True,0.00011240000094403513,nan,432.0,ok,0.0
random,R3_ties_03,True,net_tie,432.0,generated,432.0,ok,True,0.0,0.0,100.0,True,0.0001080999973055441,nan,432.0,ok,0.0
random,R3_ties_03,True,cap_net_tie,432.0,generated,432.0,ok,True,0.0,0.0,100.0,True,0.00010259999908157624,nan,432.0,ok,0.0
random,R3_ties_03,True,top2_completion,432.0,generated,432.0,ok,True,0.0,0.0,100.0,True,0.00015300000086426735,nan,432.0,ok,0.0
random,R3_ties_04,True,baseline,475.0,generated,nan,unverified,nan,nan,nan,nan,nan,3.060000017285347e-05,Multiple excess rows after initialization: original dependency branch not verified,nan,unverified,nan
random,R3_ties_04,True,cap_receiver,475.0,generated,nan,unverified,nan,nan,nan,nan,nan,2.4499997380189598e-05,Multiple excess rows after initialization: original dependency branch not verified,nan,unverified,nan
random,R3_ties_04,True,net_tie,475.0,generated,nan,unverified,nan,nan,nan,nan,nan,2.3600001441081986e-05,Multiple excess rows after initialization: original dependency branch not verified,nan,unverified,nan
random,R3_ties_04,True,cap_net_tie,475.0,generated,nan,unverified,nan,nan,nan,nan,nan,2.3299999156733975e-05,Multiple excess rows after initialization: original dependency branch not verified,nan,unverified,nan
random,R3_ties_04,True,top2_completion,475.0,generated,nan,unverified,nan,nan,nan,nan,nan,2.3199998395284638e-05,Multiple excess rows after initialization: original dependency branch not verified,nan,unverified,nan
random,R3_ties_05,True,baseline,335.0,generated,335.0,ok,True,0.0,0.0,100.0,True,7.990000085555948e-05,nan,335.0,ok,0.0
random,R3_ties_05,True,cap_receiver,335.0,generated,335.0,ok,True,0.0,0.0,100.0,True,7.869999899412505e-05,nan,335.0,ok,0.0
random,R3_ties_05,True,net_tie,335.0,generated,335.0,ok,True,0.0,0.0,100.0,True,8.209999941755086e-05,nan,335.0,ok,0.0
random,R3_ties_05,True,cap_net_tie,335.0,generated,335.0,ok,True,0.0,0.0,100.0,True,8.569999772589654e-05,nan,335.0,ok,0.0
random,R3_ties_05,True,top2_completion,335.0,generated,335.0,ok,True,0.0,0.0,100.0,True,0.0001024999983201269,nan,335.0,ok,0.0
random,R3_ties_06,True,baseline,1204.0,generated,1204.0,ok,True,0.0,0.0,100.0,True,0.0003375999986019451,nan,1204.0,ok,0.0
random,R3_ties_06,True,cap_receiver,1204.0,generated,1204.0,ok,True,0.0,0.0,100.0,True,0.0002358999990974553,nan,1204.0,ok,0.0
random,R3_ties_06,True,net_tie,1204.0,generated,1204.0,ok,True,0.0,0.0,100.0,True,0.00016479999976581894,nan,1204.0,ok,0.0
random,R3_ties_06,True,cap_net_tie,1204.0,generated,1204.0,ok,True,0.0,0.0,100.0,True,0.0001357000001007691,nan,1204.0,ok,0.0
random,R3_ties_06,True,top2_completion,1204.0,generated,1204.0,ok,True,0.0,0.0,100.0,True,0.0004395000032673124,nan,1204.0,ok,0.0
random,R3_ties_07,True,baseline,991.0,generated,991.0,ok,True,0.0,0.0,100.0,True,0.00011989999984507449,nan,991.0,ok,0.0
random,R3_ties_07,True,cap_receiver,991.0,generated,991.0,ok,True,0.0,0.0,100.0,True,0.00011960000119870529,nan,991.0,ok,0.0
random,R3_ties_07,True,net_tie,991.0,generated,991.0,ok,True,0.0,0.0,100.0,True,0.00012110000170650892,nan,991.0,ok,0.0
random,R3_ties_07,True,cap_net_tie,991.0,generated,991.0,ok,True,0.0,0.0,100.0,True,0.0001328999969700817,nan,991.0,ok,0.0
random,R3_ties_07,True,top2_completion,991.0,generated,991.0,ok,True,0.0,0.0,100.0,True,0.00023520000104326755,nan,991.0,ok,0.0
random,R3_ties_08,True,baseline,477.0,generated,477.0,ok,True,0.0,0.0,100.0,True,9.730000238050707e-05,nan,477.0,ok,0.0
random,R3_ties_08,True,cap_receiver,477.0,generated,477.0,ok,True,0.0,0.0,100.0,True,9.549999958835542e-05,nan,477.0,ok,0.0
random,R3_ties_08,True,net_tie,477.0,generated,477.0,ok,True,0.0,0.0,100.0,True,0.00011169999925186858,nan,477.0,ok,0.0
random,R3_ties_08,True,cap_net_tie,477.0,generated,477.0,ok,True,0.0,0.0,100.0,True,9.630000204197131e-05,nan,477.0,ok,0.0
random,R3_ties_08,True,top2_completion,477.0,generated,477.0,ok,True,0.0,0.0,100.0,True,0.00016110000069602393,nan,477.0,ok,0.0
random,R3_ties_09,True,baseline,1172.0,generated,nan,unverified,nan,nan,nan,nan,nan,2.769999991869554e-05,Multiple excess rows after initialization: original dependency branch not verified,nan,unverified,nan
random,R3_ties_09,True,cap_receiver,1172.0,generated,nan,unverified,nan,nan,nan,nan,nan,2.3700002202531323e-05,Multiple excess rows after initialization: original dependency branch not verified,nan,unverified,nan
random,R3_ties_09,True,net_tie,1172.0,generated,nan,unverified,nan,nan,nan,nan,nan,2.229999881819822e-05,Multiple excess rows after initialization: original dependency branch not verified,nan,unverified,nan
random,R3_ties_09,True,cap_net_tie,1172.0,generated,nan,unverified,nan,nan,nan,nan,nan,2.170000152545981e-05,Multiple excess rows after initialization: original dependency branch not verified,nan,unverified,nan
random,R3_ties_09,True,top2_completion,1172.0,generated,nan,unverified,nan,nan,nan,nan,nan,2.1600000764010474e-05,Multiple excess rows after initialization: original dependency branch not verified,nan,unverified,nan
random,R3_ties_10,True,baseline,150.0,generated,150.0,ok,True,0.0,0.0,100.0,True,9.680000221123919e-05,nan,150.0,ok,0.0
random,R3_ties_10,True,cap_receiver,150.0,generated,165.0,ok,True,15.0,10.0,90.9090909090909,False,9.4600000011269e-05,nan,150.0,ok,-15.0
random,R3_ties_10,True,net_tie,150.0,generated,150.0,ok,True,0.0,0.0,100.0,True,9.649999992689118e-05,nan,150.0,ok,0.0
random,R3_ties_10,True,cap_net_tie,150.0,generated,165.0,ok,True,15.0,10.0,90.9090909090909,False,9.43000013648998e-05,nan,150.0,ok,-15.0
random,R3_ties_10,True,top2_completion,150.0,generated,150.0,ok,True,0.0,0.0,100.0,True,0.00014940000255592167,nan,150.0,ok,0.0
random,R3_ties_11,True,baseline,574.0,generated,604.0,ok,True,30.0,5.2264808362369335,95.03311258278146,False,0.00012449999849195592,nan,604.0,ok,0.0
random,R3_ties_11,True,cap_receiver,574.0,generated,574.0,ok,True,0.0,0.0,100.0,True,0.00011929999891435727,nan,604.0,ok,30.0
random,R3_ties_11,True,net_tie,574.0,generated,604.0,ok,True,30.0,5.2264808362369335,95.03311258278146,False,0.00012149999747634865,nan,604.0,ok,0.0
random,R3_ties_11,True,cap_net_tie,574.0,generated,574.0,ok,True,0.0,0.0,100.0,True,0.00012319999950705096,nan,604.0,ok,30.0
random,R3_ties_11,True,top2_completion,574.0,generated,574.0,ok,True,0.0,0.0,100.0,True,0.00028250000104890205,nan,604.0,ok,30.0
random,R3_ties_12,True,baseline,839.0,generated,nan,unverified,nan,nan,nan,nan,nan,2.9900002118665725e-05,Multiple excess rows after initialization: original dependency branch not verified,nan,unverified,nan
random,R3_ties_12,True,cap_receiver,839.0,generated,nan,unverified,nan,nan,nan,nan,nan,2.5000001187436283e-05,Multiple excess rows after initialization: original dependency branch not verified,nan,unverified,nan
random,R3_ties_12,True,net_tie,839.0,generated,nan,unverified,nan,nan,nan,nan,nan,2.3699998564552516e-05,Multiple excess rows after initialization: original dependency branch not verified,nan,unverified,nan
random,R3_ties_12,True,cap_net_tie,839.0,generated,nan,unverified,nan,nan,nan,nan,nan,2.3399999918183312e-05,Multiple excess rows after initialization: original dependency branch not verified,nan,unverified,nan
random,R3_ties_12,True,top2_completion,839.0,generated,nan,unverified,nan,nan,nan,nan,nan,2.3199998395284638e-05,Multiple excess rows after initialization: original dependency branch not verified,nan,unverified,nan
random,R3_ties_13,True,baseline,441.0,generated,nan,unverified,nan,nan,nan,nan,nan,2.3299999156733975e-05,Multiple excess rows after initialization: original dependency branch not verified,nan,unverified,nan
random,R3_ties_13,True,cap_receiver,441.0,generated,nan,unverified,nan,nan,nan,nan,nan,2.3100001271814108e-05,Multiple excess rows after initialization: original dependency branch not verified,nan,unverified,nan
random,R3_ties_13,True,net_tie,441.0,generated,nan,unverified,nan,nan,nan,nan,nan,2.3199998395284638e-05,Multiple excess rows after initialization: original dependency branch not verified,nan,unverified,nan
random,R3_ties_13,True,cap_net_tie,441.0,generated,nan,unverified,nan,nan,nan,nan,nan,2.30999976338353e-05,Multiple excess rows after initialization: original dependency branch not verified,nan,unverified,nan
random,R3_ties_13,True,top2_completion,441.0,generated,nan,unverified,nan,nan,nan,nan,nan,2.3399999918183312e-05,Multiple excess rows after initialization: original dependency branch not verified,nan,unverified,nan
random,R3_ties_14,True,baseline,327.0,generated,327.0,ok,True,0.0,0.0,100.0,True,0.00010399999882793054,nan,327.0,ok,0.0
random,R3_ties_14,True,cap_receiver,327.0,generated,327.0,ok,True,0.0,0.0,100.0,True,0.0001024999983201269,nan,327.0,ok,0.0
random,R3_ties_14,True,net_tie,327.0,generated,327.0,ok,True,0.0,0.0,100.0,True,0.00010370000018156134,nan,327.0,ok,0.0
random,R3_ties_14,True,cap_net_tie,327.0,generated,327.0,ok,True,0.0,0.0,100.0,True,0.00010320000001229346,nan,327.0,ok,0.0
random,R3_ties_14,True,top2_completion,327.0,generated,327.0,ok,True,0.0,0.0,100.0,True,0.00018000000272877514,nan,327.0,ok,0.0
random,R3_ties_15,True,baseline,449.0,generated,nan,unverified,nan,nan,nan,nan,nan,2.7899997803615406e-05,Multiple excess rows after initialization: original dependency branch not verified,nan,unverified,nan
random,R3_ties_15,True,cap_receiver,449.0,generated,nan,unverified,nan,nan,nan,nan,nan,2.4199998733820394e-05,Multiple excess rows after initialization: original dependency branch not verified,nan,unverified,nan
random,R3_ties_15,True,net_tie,449.0,generated,nan,unverified,nan,nan,nan,nan,nan,2.350000067963265e-05,Multiple excess rows after initialization: original dependency branch not verified,nan,unverified,nan
random,R3_ties_15,True,cap_net_tie,449.0,generated,nan,unverified,nan,nan,nan,nan,nan,2.2899999748915434e-05,Multiple excess rows after initialization: original dependency branch not verified,nan,unverified,nan
random,R3_ties_15,True,top2_completion,449.0,generated,nan,unverified,nan,nan,nan,nan,nan,2.3100001271814108e-05,Multiple excess rows after initialization: original dependency branch not verified,nan,unverified,nan
random,R3_ties_16,True,baseline,554.0,generated,nan,unverified,nan,nan,nan,nan,nan,2.3100001271814108e-05,Multiple excess rows after initialization: original dependency branch not verified,nan,unverified,nan
random,R3_ties_16,True,cap_receiver,554.0,generated,nan,unverified,nan,nan,nan,nan,nan,2.2899999748915434e-05,Multiple excess rows after initialization: original dependency branch not verified,nan,unverified,nan
random,R3_ties_16,True,net_tie,554.0,generated,nan,unverified,nan,nan,nan,nan,nan,2.2799998987466097e-05,Multiple excess rows after initialization: original dependency branch not verified,nan,unverified,nan
random,R3_ties_16,True,cap_net_tie,554.0,generated,nan,unverified,nan,nan,nan,nan,nan,2.3299999156733975e-05,Multiple excess rows after initialization: original dependency branch not verified,nan,unverified,nan
random,R3_ties_16,True,top2_completion,554.0,generated,nan,unverified,nan,nan,nan,nan,nan,2.2799998987466097e-05,Multiple excess rows after initialization: original dependency branch not verified,nan,unverified,nan
random,R3_ties_17,True,baseline,844.0,generated,844.0,ok,True,0.0,0.0,100.0,True,0.00012480000077630393,nan,844.0,ok,0.0
random,R3_ties_17,True,cap_receiver,844.0,generated,844.0,ok,True,0.0,0.0,100.0,True,0.00012200000128359534,nan,844.0,ok,0.0
random,R3_ties_17,True,net_tie,844.0,generated,844.0,ok,True,0.0,0.0,100.0,True,0.00012260000221431255,nan,844.0,ok,0.0
random,R3_ties_17,True,cap_net_tie,844.0,generated,844.0,ok,True,0.0,0.0,100.0,True,0.00012939999942318536,nan,844.0,ok,0.0
random,R3_ties_17,True,top2_completion,844.0,generated,844.0,ok,True,0.0,0.0,100.0,True,0.00023909999799798243,nan,844.0,ok,0.0
random,R3_ties_18,True,baseline,367.0,generated,367.0,ok,True,0.0,0.0,100.0,True,9.87999992503319e-05,nan,367.0,ok,0.0
random,R3_ties_18,True,cap_receiver,367.0,generated,367.0,ok,True,0.0,0.0,100.0,True,0.00010000000111176632,nan,367.0,ok,0.0
random,R3_ties_18,True,net_tie,367.0,generated,367.0,ok,True,0.0,0.0,100.0,True,0.00011670000094454736,nan,367.0,ok,0.0
random,R3_ties_18,True,cap_net_tie,367.0,generated,367.0,ok,True,0.0,0.0,100.0,True,0.00011240000094403513,nan,367.0,ok,0.0
random,R3_ties_18,True,top2_completion,367.0,generated,367.0,ok,True,0.0,0.0,100.0,True,0.00020489999951678328,nan,367.0,ok,0.0
random,R3_ties_19,True,baseline,762.0,generated,nan,unverified,nan,nan,nan,nan,nan,2.5800000003073364e-05,Multiple excess rows after initialization: original dependency branch not verified,nan,unverified,nan
random,R3_ties_19,True,cap_receiver,762.0,generated,nan,unverified,nan,nan,nan,nan,nan,2.3200002033263445e-05,Multiple excess rows after initialization: original dependency branch not verified,nan,unverified,nan
random,R3_ties_19,True,net_tie,762.0,generated,nan,unverified,nan,nan,nan,nan,nan,2.2000000171829015e-05,Multiple excess rows after initialization: original dependency branch not verified,nan,unverified,nan
random,R3_ties_19,True,cap_net_tie,762.0,generated,nan,unverified,nan,nan,nan,nan,nan,2.170000152545981e-05,Multiple excess rows after initialization: original dependency branch not verified,nan,unverified,nan
random,R3_ties_19,True,top2_completion,762.0,generated,nan,unverified,nan,nan,nan,nan,nan,2.1500000002561137e-05,Multiple excess rows after initialization: original dependency branch not verified,nan,unverified,nan
random,R3_skewed_00,True,baseline,397.0,generated,nan,unverified,nan,nan,nan,nan,nan,2.1899999410379678e-05,Multiple excess rows after initialization: original dependency branch not verified,nan,unverified,nan
random,R3_skewed_00,True,cap_receiver,397.0,generated,nan,unverified,nan,nan,nan,nan,nan,2.1500000002561137e-05,Multiple excess rows after initialization: original dependency branch not verified,nan,unverified,nan
random,R3_skewed_00,True,net_tie,397.0,generated,nan,unverified,nan,nan,nan,nan,nan,2.1500000002561137e-05,Multiple excess rows after initialization: original dependency branch not verified,nan,unverified,nan
random,R3_skewed_00,True,cap_net_tie,397.0,generated,nan,unverified,nan,nan,nan,nan,nan,2.1500000002561137e-05,Multiple excess rows after initialization: original dependency branch not verified,nan,unverified,nan
random,R3_skewed_00,True,top2_completion,397.0,generated,nan,unverified,nan,nan,nan,nan,nan,2.170000152545981e-05,Multiple excess rows after initialization: original dependency branch not verified,nan,unverified,nan
random,R3_skewed_01,True,baseline,394.0,generated,438.0,ok,True,44.0,11.16751269035533,89.95433789954338,False,9.789999967324547e-05,nan,438.0,ok,0.0
random,R3_skewed_01,True,cap_receiver,394.0,generated,504.0,ok,True,110.0,27.918781725888326,78.17460317460318,False,0.00011319999975967221,nan,438.0,ok,-66.0
random,R3_skewed_01,True,net_tie,394.0,generated,438.0,ok,True,44.0,11.16751269035533,89.95433789954338,False,9.560000034980476e-05,nan,438.0,ok,0.0
random,R3_skewed_01,True,cap_net_tie,394.0,generated,504.0,ok,True,110.0,27.918781725888326,78.17460317460318,False,0.00011319999975967221,nan,438.0,ok,-66.0
random,R3_skewed_01,True,top2_completion,394.0,generated,394.0,ok,True,0.0,0.0,100.0,True,0.0002640999991854187,nan,438.0,ok,44.0
random,R3_skewed_02,True,baseline,3769.0,generated,3769.0,ok,True,0.0,0.0,100.0,True,0.0001253000009455718,nan,3769.0,ok,0.0
random,R3_skewed_02,True,cap_receiver,3769.0,generated,3769.0,ok,True,0.0,0.0,100.0,True,0.00011530000119819306,nan,3769.0,ok,0.0
random,R3_skewed_02,True,net_tie,3769.0,generated,3769.0,ok,True,0.0,0.0,100.0,True,0.00011860000086016953,nan,3769.0,ok,0.0
random,R3_skewed_02,True,cap_net_tie,3769.0,generated,3769.0,ok,True,0.0,0.0,100.0,True,0.0001253000009455718,nan,3769.0,ok,0.0
random,R3_skewed_02,True,top2_completion,3769.0,generated,3769.0,ok,True,0.0,0.0,100.0,True,0.00026310000248486176,nan,3769.0,ok,0.0
random,R3_skewed_03,True,baseline,1550.0,generated,1550.0,ok,True,0.0,0.0,100.0,True,0.0001267000006919261,nan,1550.0,ok,0.0
random,R3_skewed_03,True,cap_receiver,1550.0,generated,1550.0,ok,True,0.0,0.0,100.0,True,0.00017130000196630135,nan,1550.0,ok,0.0
random,R3_skewed_03,True,net_tie,1550.0,generated,1550.0,ok,True,0.0,0.0,100.0,True,0.0005649999984598253,nan,1550.0,ok,0.0
random,R3_skewed_03,True,cap_net_tie,1550.0,generated,1550.0,ok,True,0.0,0.0,100.0,True,0.00016759999925852753,nan,1550.0,ok,0.0
random,R3_skewed_03,True,top2_completion,1550.0,generated,1550.0,ok,True,0.0,0.0,100.0,True,0.0002356000004510861,nan,1550.0,ok,0.0
random,R3_skewed_04,True,baseline,1302.0,generated,nan,unverified,nan,nan,nan,nan,nan,0.00012760000026901253,Multiple excess rows after initialization: original dependency branch not verified,nan,unverified,nan
random,R3_skewed_04,True,cap_receiver,1302.0,generated,nan,unverified,nan,nan,nan,nan,nan,3.97000003431458e-05,Multiple excess rows after initialization: original dependency branch not verified,nan,unverified,nan
random,R3_skewed_04,True,net_tie,1302.0,generated,nan,unverified,nan,nan,nan,nan,nan,2.5400000595254824e-05,Multiple excess rows after initialization: original dependency branch not verified,nan,unverified,nan
random,R3_skewed_04,True,cap_net_tie,1302.0,generated,nan,unverified,nan,nan,nan,nan,nan,2.4900000425986946e-05,Multiple excess rows after initialization: original dependency branch not verified,nan,unverified,nan
random,R3_skewed_04,True,top2_completion,1302.0,generated,nan,unverified,nan,nan,nan,nan,nan,2.4199998733820394e-05,Multiple excess rows after initialization: original dependency branch not verified,nan,unverified,nan
random,R3_skewed_05,True,baseline,1856.0,generated,nan,unverified,nan,nan,nan,nan,nan,0.0002970000023196917,Multiple excess rows after initialization: original dependency branch not verified,nan,unverified,nan
random,R3_skewed_05,True,cap_receiver,1856.0,generated,nan,unverified,nan,nan,nan,nan,nan,7.399999958579428e-05,Multiple excess rows after initialization: original dependency branch not verified,nan,unverified,nan
random,R3_skewed_05,True,net_tie,1856.0,generated,nan,unverified,nan,nan,nan,nan,nan,3.3200001780642197e-05,Multiple excess rows after initialization: original dependency branch not verified,nan,unverified,nan
random,R3_skewed_05,True,cap_net_tie,1856.0,generated,nan,unverified,nan,nan,nan,nan,nan,2.5600002118153498e-05,Multiple excess rows after initialization: original dependency branch not verified,nan,unverified,nan
random,R3_skewed_05,True,top2_completion,1856.0,generated,nan,unverified,nan,nan,nan,nan,nan,2.4500001018168405e-05,Multiple excess rows after initialization: original dependency branch not verified,nan,unverified,nan
random,R3_skewed_06,True,baseline,425.0,generated,425.0,ok,True,0.0,0.0,100.0,True,0.00018000000272877514,nan,425.0,ok,0.0
random,R3_skewed_06,True,cap_receiver,425.0,generated,474.0,ok,True,49.0,11.529411764705882,89.66244725738396,False,0.00011860000086016953,nan,425.0,ok,-49.0
random,R3_skewed_06,True,net_tie,425.0,generated,425.0,ok,True,0.0,0.0,100.0,True,0.00012700000297627412,nan,425.0,ok,0.0
random,R3_skewed_06,True,cap_net_tie,425.0,generated,474.0,ok,True,49.0,11.529411764705882,89.66244725738396,False,0.00012939999942318536,nan,425.0,ok,-49.0
random,R3_skewed_06,True,top2_completion,425.0,generated,425.0,ok,True,0.0,0.0,100.0,True,0.00027010000121663325,nan,425.0,ok,0.0
random,R3_skewed_07,True,baseline,611.0,generated,611.0,ok,True,0.0,0.0,100.0,True,0.00010210000255028717,nan,611.0,ok,0.0
random,R3_skewed_07,True,cap_receiver,611.0,generated,611.0,ok,True,0.0,0.0,100.0,True,0.00010090000068885274,nan,611.0,ok,0.0
random,R3_skewed_07,True,net_tie,611.0,generated,611.0,ok,True,0.0,0.0,100.0,True,0.0016326999975717627,nan,611.0,ok,0.0
random,R3_skewed_07,True,cap_net_tie,611.0,generated,611.0,ok,True,0.0,0.0,100.0,True,0.0001232999966305215,nan,611.0,ok,0.0
random,R3_skewed_07,True,top2_completion,611.0,generated,611.0,ok,True,0.0,0.0,100.0,True,0.00022610000087297522,nan,611.0,ok,0.0
random,R3_skewed_08,True,baseline,1715.0,generated,nan,unverified,nan,nan,nan,nan,nan,2.9900002118665725e-05,Multiple excess rows after initialization: original dependency branch not verified,nan,unverified,nan
random,R3_skewed_08,True,cap_receiver,1715.0,generated,nan,unverified,nan,nan,nan,nan,nan,2.42000023717992e-05,Multiple excess rows after initialization: original dependency branch not verified,nan,unverified,nan
random,R3_skewed_08,True,net_tie,1715.0,generated,nan,unverified,nan,nan,nan,nan,nan,2.6300000172341242e-05,Multiple excess rows after initialization: original dependency branch not verified,nan,unverified,nan
random,R3_skewed_08,True,cap_net_tie,1715.0,generated,nan,unverified,nan,nan,nan,nan,nan,2.2000000171829015e-05,Multiple excess rows after initialization: original dependency branch not verified,nan,unverified,nan
random,R3_skewed_08,True,top2_completion,1715.0,generated,nan,unverified,nan,nan,nan,nan,nan,2.1600000764010474e-05,Multiple excess rows after initialization: original dependency branch not verified,nan,unverified,nan
random,R3_skewed_09,True,baseline,1230.0,generated,1230.0,ok,True,0.0,0.0,100.0,True,0.00010150000161956996,nan,1230.0,ok,0.0
random,R3_skewed_09,True,cap_receiver,1230.0,generated,1232.0,ok,True,2.0,0.16260162601626016,99.83766233766234,False,9.710000085760839e-05,nan,1230.0,ok,-2.0
random,R3_skewed_09,True,net_tie,1230.0,generated,1230.0,ok,True,0.0,0.0,100.0,True,0.00010580000162008218,nan,1230.0,ok,0.0
random,R3_skewed_09,True,cap_net_tie,1230.0,generated,1232.0,ok,True,2.0,0.16260162601626016,99.83766233766234,False,0.00010539999857428484,nan,1230.0,ok,-2.0
random,R3_skewed_09,True,top2_completion,1230.0,generated,1230.0,ok,True,0.0,0.0,100.0,True,0.00015699999858043157,nan,1230.0,ok,0.0
random,R3_skewed_10,True,baseline,1627.0,generated,nan,unverified,nan,nan,nan,nan,nan,2.8200000087963417e-05,Multiple excess rows after initialization: original dependency branch not verified,nan,unverified,nan
random,R3_skewed_10,True,cap_receiver,1627.0,generated,nan,unverified,nan,nan,nan,nan,nan,2.470000254106708e-05,Multiple excess rows after initialization: original dependency branch not verified,nan,unverified,nan
random,R3_skewed_10,True,net_tie,1627.0,generated,nan,unverified,nan,nan,nan,nan,nan,2.3399999918183312e-05,Multiple excess rows after initialization: original dependency branch not verified,nan,unverified,nan
random,R3_skewed_10,True,cap_net_tie,1627.0,generated,nan,unverified,nan,nan,nan,nan,nan,2.3299999156733975e-05,Multiple excess rows after initialization: original dependency branch not verified,nan,unverified,nan
random,R3_skewed_10,True,top2_completion,1627.0,generated,nan,unverified,nan,nan,nan,nan,nan,2.3100001271814108e-05,Multiple excess rows after initialization: original dependency branch not verified,nan,unverified,nan
random,R3_skewed_11,True,baseline,506.0,generated,506.0,ok,True,0.0,0.0,100.0,True,0.00010439999823574908,nan,506.0,ok,0.0
random,R3_skewed_11,True,cap_receiver,506.0,generated,506.0,ok,True,0.0,0.0,100.0,True,0.00010859999747481197,nan,506.0,ok,0.0
random,R3_skewed_11,True,net_tie,506.0,generated,506.0,ok,True,0.0,0.0,100.0,True,0.00010509999992791563,nan,506.0,ok,0.0
random,R3_skewed_11,True,cap_net_tie,506.0,generated,506.0,ok,True,0.0,0.0,100.0,True,0.00015180000264081173,nan,506.0,ok,0.0
random,R3_skewed_11,True,top2_completion,506.0,generated,506.0,ok,True,0.0,0.0,100.0,True,0.00019909999900846742,nan,506.0,ok,0.0
random,R3_skewed_12,True,baseline,306.0,generated,nan,unverified,nan,nan,nan,nan,nan,2.9499999072868377e-05,Multiple excess rows after initialization: original dependency branch not verified,nan,unverified,nan
random,R3_skewed_12,True,cap_receiver,306.0,generated,nan,unverified,nan,nan,nan,nan,nan,2.5099998310906813e-05,Multiple excess rows after initialization: original dependency branch not verified,nan,unverified,nan
random,R3_skewed_12,True,net_tie,306.0,generated,nan,unverified,nan,nan,nan,nan,nan,2.3699998564552516e-05,Multiple excess rows after initialization: original dependency branch not verified,nan,unverified,nan
random,R3_skewed_12,True,cap_net_tie,306.0,generated,nan,unverified,nan,nan,nan,nan,nan,2.3499997041653842e-05,Multiple excess rows after initialization: original dependency branch not verified,nan,unverified,nan
random,R3_skewed_12,True,top2_completion,306.0,generated,nan,unverified,nan,nan,nan,nan,nan,2.3199998395284638e-05,Multiple excess rows after initialization: original dependency branch not verified,nan,unverified,nan
random,R3_skewed_13,True,baseline,438.0,generated,nan,unverified,nan,nan,nan,nan,nan,2.3199998395284638e-05,Multiple excess rows after initialization: original dependency branch not verified,nan,unverified,nan
random,R3_skewed_13,True,cap_receiver,438.0,generated,nan,unverified,nan,nan,nan,nan,nan,2.3100001271814108e-05,Multiple excess rows after initialization: original dependency branch not verified,nan,unverified,nan
random,R3_skewed_13,True,net_tie,438.0,generated,nan,unverified,nan,nan,nan,nan,nan,2.30999976338353e-05,Multiple excess rows after initialization: original dependency branch not verified,nan,unverified,nan
random,R3_skewed_13,True,cap_net_tie,438.0,generated,nan,unverified,nan,nan,nan,nan,nan,6.550000034621917e-05,Multiple excess rows after initialization: original dependency branch not verified,nan,unverified,nan
random,R3_skewed_13,True,top2_completion,438.0,generated,nan,unverified,nan,nan,nan,nan,nan,2.469999890308827e-05,Multiple excess rows after initialization: original dependency branch not verified,nan,unverified,nan
random,R3_skewed_14,True,baseline,974.0,generated,982.0,ok,True,8.0,0.8213552361396304,99.18533604887983,False,0.00011199999789823778,nan,982.0,ok,0.0
random,R3_skewed_14,True,cap_receiver,974.0,generated,974.0,ok,True,0.0,0.0,100.0,True,0.00012589999823831022,nan,982.0,ok,8.0
random,R3_skewed_14,True,net_tie,974.0,generated,982.0,ok,True,8.0,0.8213552361396304,99.18533604887983,False,0.00010349999865866266,nan,982.0,ok,0.0
random,R3_skewed_14,True,cap_net_tie,974.0,generated,974.0,ok,True,0.0,0.0,100.0,True,0.0001235999989148695,nan,982.0,ok,8.0
random,R3_skewed_14,True,top2_completion,974.0,generated,974.0,ok,True,0.0,0.0,100.0,True,0.00031239999952958897,nan,982.0,ok,8.0
random,R3_skewed_15,True,baseline,1780.0,generated,1780.0,ok,True,0.0,0.0,100.0,True,0.00013819999730912969,nan,1780.0,ok,0.0
random,R3_skewed_15,True,cap_receiver,1780.0,generated,1780.0,ok,True,0.0,0.0,100.0,True,0.00013480000052368268,nan,1780.0,ok,0.0
random,R3_skewed_15,True,net_tie,1780.0,generated,1780.0,ok,True,0.0,0.0,100.0,True,0.0001432999997632578,nan,1780.0,ok,0.0
random,R3_skewed_15,True,cap_net_tie,1780.0,generated,1780.0,ok,True,0.0,0.0,100.0,True,0.00013440000111586414,nan,1780.0,ok,0.0
random,R3_skewed_15,True,top2_completion,1780.0,generated,1780.0,ok,True,0.0,0.0,100.0,True,0.0004434000002220273,nan,1780.0,ok,0.0
random,R3_skewed_16,True,baseline,888.0,generated,nan,unverified,nan,nan,nan,nan,nan,3.0100000003585592e-05,Multiple excess rows after initialization: original dependency branch not verified,nan,unverified,nan
random,R3_skewed_16,True,cap_receiver,888.0,generated,nan,unverified,nan,nan,nan,nan,nan,5.439999949885532e-05,Multiple excess rows after initialization: original dependency branch not verified,nan,unverified,nan
random,R3_skewed_16,True,net_tie,888.0,generated,nan,unverified,nan,nan,nan,nan,nan,2.939999831141904e-05,Multiple excess rows after initialization: original dependency branch not verified,nan,unverified,nan
random,R3_skewed_16,True,cap_net_tie,888.0,generated,nan,unverified,nan,nan,nan,nan,nan,2.4499997380189598e-05,Multiple excess rows after initialization: original dependency branch not verified,nan,unverified,nan
random,R3_skewed_16,True,top2_completion,888.0,generated,nan,unverified,nan,nan,nan,nan,nan,2.510000194888562e-05,Multiple excess rows after initialization: original dependency branch not verified,nan,unverified,nan
random,R3_skewed_17,True,baseline,707.0,generated,nan,unverified,nan,nan,nan,nan,nan,2.5099998310906813e-05,Multiple excess rows after initialization: original dependency branch not verified,nan,unverified,nan
random,R3_skewed_17,True,cap_receiver,707.0,generated,nan,unverified,nan,nan,nan,nan,nan,2.3700002202531323e-05,Multiple excess rows after initialization: original dependency branch not verified,nan,unverified,nan
random,R3_skewed_17,True,net_tie,707.0,generated,nan,unverified,nan,nan,nan,nan,nan,2.3199998395284638e-05,Multiple excess rows after initialization: original dependency branch not verified,nan,unverified,nan
random,R3_skewed_17,True,cap_net_tie,707.0,generated,nan,unverified,nan,nan,nan,nan,nan,2.3100001271814108e-05,Multiple excess rows after initialization: original dependency branch not verified,nan,unverified,nan
random,R3_skewed_17,True,top2_completion,707.0,generated,nan,unverified,nan,nan,nan,nan,nan,2.3200002033263445e-05,Multiple excess rows after initialization: original dependency branch not verified,nan,unverified,nan
random,R3_skewed_18,True,baseline,1914.0,generated,nan,unverified,nan,nan,nan,nan,nan,2.350000067963265e-05,Multiple excess rows after initialization: original dependency branch not verified,nan,unverified,nan
random,R3_skewed_18,True,cap_receiver,1914.0,generated,nan,unverified,nan,nan,nan,nan,nan,2.3199998395284638e-05,Multiple excess rows after initialization: original dependency branch not verified,nan,unverified,nan
random,R3_skewed_18,True,net_tie,1914.0,generated,nan,unverified,nan,nan,nan,nan,nan,2.4100001610349864e-05,Multiple excess rows after initialization: original dependency branch not verified,nan,unverified,nan
random,R3_skewed_18,True,cap_net_tie,1914.0,generated,nan,unverified,nan,nan,nan,nan,nan,3.0400002287933603e-05,Multiple excess rows after initialization: original dependency branch not verified,nan,unverified,nan
random,R3_skewed_18,True,top2_completion,1914.0,generated,nan,unverified,nan,nan,nan,nan,nan,2.439999661874026e-05,Multiple excess rows after initialization: original dependency branch not verified,nan,unverified,nan
random,R3_skewed_19,True,baseline,1321.0,generated,1321.0,ok,True,0.0,0.0,100.0,True,0.00015669999993406236,nan,1321.0,ok,0.0
random,R3_skewed_19,True,cap_receiver,1321.0,generated,1851.0,ok,True,530.0,40.12112036336109,71.36682874122096,False,0.00013029999900027178,nan,1321.0,ok,-530.0
random,R3_skewed_19,True,net_tie,1321.0,generated,1321.0,ok,True,0.0,0.0,100.0,True,0.00014539999756379984,nan,1321.0,ok,0.0
random,R3_skewed_19,True,cap_net_tie,1321.0,generated,1851.0,ok,True,530.0,40.12112036336109,71.36682874122096,False,0.0001283999990846496,nan,1321.0,ok,-530.0
random,R3_skewed_19,True,top2_completion,1321.0,generated,1321.0,ok,True,0.0,0.0,100.0,True,0.0003966999975091312,nan,1321.0,ok,0.0
random,R4_uniform_00,True,baseline,8326.0,generated,nan,unverified,nan,nan,nan,nan,nan,3.9299997297348455e-05,Multiple excess rows after initialization: original dependency branch not verified,nan,unverified,nan
random,R4_uniform_00,True,cap_receiver,8326.0,generated,nan,unverified,nan,nan,nan,nan,nan,3.130000186502002e-05,Multiple excess rows after initialization: original dependency branch not verified,nan,unverified,nan
random,R4_uniform_00,True,net_tie,8326.0,generated,nan,unverified,nan,nan,nan,nan,nan,2.800000220304355e-05,Multiple excess rows after initialization: original dependency branch not verified,nan,unverified,nan
random,R4_uniform_00,True,cap_net_tie,8326.0,generated,nan,unverified,nan,nan,nan,nan,nan,2.6999998226528987e-05,Multiple excess rows after initialization: original dependency branch not verified,nan,unverified,nan
random,R4_uniform_00,True,top2_completion,8326.0,generated,nan,unverified,nan,nan,nan,nan,nan,2.680000034160912e-05,Multiple excess rows after initialization: original dependency branch not verified,nan,unverified,nan
random,R4_uniform_01,True,baseline,5705.0,generated,5824.0,ok,True,119.0,2.085889570552147,97.95673076923077,False,0.00041649999911896884,nan,5824.0,ok,0.0
random,R4_uniform_01,True,cap_receiver,5705.0,generated,5824.0,ok,True,119.0,2.085889570552147,97.95673076923077,False,0.0001559999982418958,nan,5824.0,ok,0.0
random,R4_uniform_01,True,net_tie,5705.0,generated,5824.0,ok,True,119.0,2.085889570552147,97.95673076923077,False,0.0001343000003544148,nan,5824.0,ok,0.0
random,R4_uniform_01,True,cap_net_tie,5705.0,generated,5824.0,ok,True,119.0,2.085889570552147,97.95673076923077,False,0.0001382000009471085,nan,5824.0,ok,0.0
random,R4_uniform_01,True,top2_completion,5705.0,generated,5705.0,ok,True,0.0,0.0,100.0,True,0.000468999998702202,nan,5824.0,ok,119.0
random,R4_uniform_02,True,baseline,5670.0,generated,nan,unverified,nan,nan,nan,nan,nan,3.3200001780642197e-05,Multiple excess rows after initialization: original dependency branch not verified,nan,unverified,nan
random,R4_uniform_02,True,cap_receiver,5670.0,generated,nan,unverified,nan,nan,nan,nan,nan,2.6500001695239916e-05,Multiple excess rows after initialization: original dependency branch not verified,nan,unverified,nan
random,R4_uniform_02,True,net_tie,5670.0,generated,nan,unverified,nan,nan,nan,nan,nan,2.550000135670416e-05,Multiple excess rows after initialization: original dependency branch not verified,nan,unverified,nan
random,R4_uniform_02,True,cap_net_tie,5670.0,generated,nan,unverified,nan,nan,nan,nan,nan,2.5000001187436283e-05,Multiple excess rows after initialization: original dependency branch not verified,nan,unverified,nan
random,R4_uniform_02,True,top2_completion,5670.0,generated,nan,unverified,nan,nan,nan,nan,nan,2.469999890308827e-05,Multiple excess rows after initialization: original dependency branch not verified,nan,unverified,nan
random,R4_uniform_03,True,baseline,3832.0,generated,nan,unverified,nan,nan,nan,nan,nan,2.5499997718725353e-05,Multiple excess rows after initialization: original dependency branch not verified,nan,unverified,nan
random,R4_uniform_03,True,cap_receiver,3832.0,generated,nan,unverified,nan,nan,nan,nan,nan,2.479999966453761e-05,Multiple excess rows after initialization: original dependency branch not verified,nan,unverified,nan
random,R4_uniform_03,True,net_tie,3832.0,generated,nan,unverified,nan,nan,nan,nan,nan,2.4800003302516416e-05,Multiple excess rows after initialization: original dependency branch not verified,nan,unverified,nan
random,R4_uniform_03,True,cap_net_tie,3832.0,generated,nan,unverified,nan,nan,nan,nan,nan,2.469999890308827e-05,Multiple excess rows after initialization: original dependency branch not verified,nan,unverified,nan
random,R4_uniform_03,True,top2_completion,3832.0,generated,nan,unverified,nan,nan,nan,nan,nan,2.5000001187436283e-05,Multiple excess rows after initialization: original dependency branch not verified,nan,unverified,nan
random,R4_uniform_04,True,baseline,9250.0,generated,9540.0,ok,True,290.0,3.135135135135135,96.96016771488469,False,0.00018799999816110358,nan,9540.0,ok,0.0
random,R4_uniform_04,True,cap_receiver,9250.0,generated,11198.0,ok,True,1948.0,21.05945945945946,82.60403643507769,False,0.00015199999688775279,nan,9540.0,ok,-1658.0
random,R4_uniform_04,True,net_tie,9250.0,generated,9540.0,ok,True,290.0,3.135135135135135,96.96016771488469,False,0.0002009999989240896,nan,9540.0,ok,0.0
random,R4_uniform_04,True,cap_net_tie,9250.0,generated,11198.0,ok,True,1948.0,21.05945945945946,82.60403643507769,False,0.0001512000017100945,nan,9540.0,ok,-1658.0
random,R4_uniform_04,True,top2_completion,9250.0,generated,9540.0,ok,True,290.0,3.135135135135135,96.96016771488469,False,0.000698800002282951,nan,9540.0,ok,0.0
random,R4_uniform_05,True,baseline,3066.0,generated,nan,unverified,nan,nan,nan,nan,nan,2.779999704216607e-05,Multiple excess rows after initialization: original dependency branch not verified,nan,unverified,nan
random,R4_uniform_05,True,cap_receiver,3066.0,generated,nan,unverified,nan,nan,nan,nan,nan,2.4900000425986946e-05,Multiple excess rows after initialization: original dependency branch not verified,nan,unverified,nan
random,R4_uniform_05,True,net_tie,3066.0,generated,nan,unverified,nan,nan,nan,nan,nan,2.390000008745119e-05,Multiple excess rows after initialization: original dependency branch not verified,nan,unverified,nan
random,R4_uniform_05,True,cap_net_tie,3066.0,generated,nan,unverified,nan,nan,nan,nan,nan,2.3200002033263445e-05,Multiple excess rows after initialization: original dependency branch not verified,nan,unverified,nan
random,R4_uniform_05,True,top2_completion,3066.0,generated,nan,unverified,nan,nan,nan,nan,nan,2.300000051036477e-05,Multiple excess rows after initialization: original dependency branch not verified,nan,unverified,nan
random,R4_uniform_06,True,baseline,6908.0,generated,nan,unverified,nan,nan,nan,nan,nan,2.350000067963265e-05,Multiple excess rows after initialization: original dependency branch not verified,nan,unverified,nan
random,R4_uniform_06,True,cap_receiver,6908.0,generated,nan,unverified,nan,nan,nan,nan,nan,2.350000067963265e-05,Multiple excess rows after initialization: original dependency branch not verified,nan,unverified,nan
random,R4_uniform_06,True,net_tie,6908.0,generated,nan,unverified,nan,nan,nan,nan,nan,2.2899999748915434e-05,Multiple excess rows after initialization: original dependency branch not verified,nan,unverified,nan
random,R4_uniform_06,True,cap_net_tie,6908.0,generated,nan,unverified,nan,nan,nan,nan,nan,2.300000051036477e-05,Multiple excess rows after initialization: original dependency branch not verified,nan,unverified,nan
random,R4_uniform_06,True,top2_completion,6908.0,generated,nan,unverified,nan,nan,nan,nan,nan,2.2999996872385964e-05,Multiple excess rows after initialization: original dependency branch not verified,nan,unverified,nan
random,R4_uniform_07,True,baseline,10108.0,generated,10108.0,ok,True,0.0,0.0,100.0,True,0.00011900000026798807,nan,10108.0,ok,0.0
random,R4_uniform_07,True,cap_receiver,10108.0,generated,10108.0,ok,True,0.0,0.0,100.0,True,0.00012110000170650892,nan,10108.0,ok,0.0
random,R4_uniform_07,True,net_tie,10108.0,generated,10108.0,ok,True,0.0,0.0,100.0,True,0.00011629999789875001,nan,10108.0,ok,0.0
random,R4_uniform_07,True,cap_net_tie,10108.0,generated,10108.0,ok,True,0.0,0.0,100.0,True,0.00011699999959091656,nan,10108.0,ok,0.0
random,R4_uniform_07,True,top2_completion,10108.0,generated,10108.0,ok,True,0.0,0.0,100.0,True,0.00022499999977299012,nan,10108.0,ok,0.0
random,R4_uniform_08,True,baseline,6561.0,generated,6961.0,ok,True,400.0,6.096631611034903,94.25369918115213,False,0.00013409999883151613,nan,6961.0,ok,0.0
random,R4_uniform_08,True,cap_receiver,6561.0,generated,6961.0,ok,True,400.0,6.096631611034903,94.25369918115213,False,0.00013519999993150122,nan,6961.0,ok,0.0
random,R4_uniform_08,True,net_tie,6561.0,generated,6961.0,ok,True,400.0,6.096631611034903,94.25369918115213,False,0.00012509999942267314,nan,6961.0,ok,0.0
random,R4_uniform_08,True,cap_net_tie,6561.0,generated,6961.0,ok,True,400.0,6.096631611034903,94.25369918115213,False,0.00012540000170702115,nan,6961.0,ok,0.0
random,R4_uniform_08,True,top2_completion,6561.0,generated,6561.0,ok,True,0.0,0.0,100.0,True,0.00041569999666535296,nan,6961.0,ok,400.0
random,R4_uniform_09,True,baseline,11492.0,generated,nan,unverified,nan,nan,nan,nan,nan,0.00012229999992996454,Multiple excess rows reached; no invented selection rule,nan,unverified,nan
random,R4_uniform_09,True,cap_receiver,11492.0,generated,11580.0,ok,True,88.0,0.7657500870170554,99.24006908462867,False,0.00016819999655126594,nan,nan,unverified,nan
random,R4_uniform_09,True,net_tie,11492.0,generated,nan,unverified,nan,nan,nan,nan,nan,0.00011630000153672881,Multiple excess rows reached; no invented selection rule,nan,unverified,nan
random,R4_uniform_09,True,cap_net_tie,11492.0,generated,11580.0,ok,True,88.0,0.7657500870170554,99.24006908462867,False,0.00017129999832832254,nan,nan,unverified,nan
random,R4_uniform_09,True,top2_completion,11492.0,generated,nan,unverified,nan,nan,nan,nan,nan,0.00012309999874560162,Multiple excess rows reached; no invented selection rule,nan,unverified,nan
random,R4_uniform_10,True,baseline,6777.0,generated,nan,unverified,nan,nan,nan,nan,nan,2.9599999834317714e-05,Multiple excess rows after initialization: original dependency branch not verified,nan,unverified,nan
random,R4_uniform_10,True,cap_receiver,6777.0,generated,nan,unverified,nan,nan,nan,nan,nan,2.6599998818710446e-05,Multiple excess rows after initialization: original dependency branch not verified,nan,unverified,nan
random,R4_uniform_10,True,net_tie,6777.0,generated,nan,unverified,nan,nan,nan,nan,nan,2.550000135670416e-05,Multiple excess rows after initialization: original dependency branch not verified,nan,unverified,nan
random,R4_uniform_10,True,cap_net_tie,6777.0,generated,nan,unverified,nan,nan,nan,nan,nan,2.519999907235615e-05,Multiple excess rows after initialization: original dependency branch not verified,nan,unverified,nan
random,R4_uniform_10,True,top2_completion,6777.0,generated,nan,unverified,nan,nan,nan,nan,nan,2.479999966453761e-05,Multiple excess rows after initialization: original dependency branch not verified,nan,unverified,nan
random,R4_uniform_11,True,baseline,2890.0,generated,nan,unverified,nan,nan,nan,nan,nan,2.479999966453761e-05,Multiple excess rows after initialization: original dependency branch not verified,nan,unverified,nan
random,R4_uniform_11,True,cap_receiver,2890.0,generated,nan,unverified,nan,nan,nan,nan,nan,2.479999966453761e-05,Multiple excess rows after initialization: original dependency branch not verified,nan,unverified,nan
random,R4_uniform_11,True,net_tie,2890.0,generated,nan,unverified,nan,nan,nan,nan,nan,2.469999890308827e-05,Multiple excess rows after initialization: original dependency branch not verified,nan,unverified,nan
random,R4_uniform_11,True,cap_net_tie,2890.0,generated,nan,unverified,nan,nan,nan,nan,nan,2.4599998141638935e-05,Multiple excess rows after initialization: original dependency branch not verified,nan,unverified,nan
random,R4_uniform_11,True,top2_completion,2890.0,generated,nan,unverified,nan,nan,nan,nan,nan,3.2100000680657104e-05,Multiple excess rows after initialization: original dependency branch not verified,nan,unverified,nan
random,R4_uniform_12,True,baseline,14019.0,generated,nan,unverified,nan,nan,nan,nan,nan,2.6599998818710446e-05,Multiple excess rows after initialization: original dependency branch not verified,nan,unverified,nan
random,R4_uniform_12,True,cap_receiver,14019.0,generated,nan,unverified,nan,nan,nan,nan,nan,2.5000001187436283e-05,Multiple excess rows after initialization: original dependency branch not verified,nan,unverified,nan
random,R4_uniform_12,True,net_tie,14019.0,generated,nan,unverified,nan,nan,nan,nan,nan,2.5000001187436283e-05,Multiple excess rows after initialization: original dependency branch not verified,nan,unverified,nan
random,R4_uniform_12,True,cap_net_tie,14019.0,generated,nan,unverified,nan,nan,nan,nan,nan,2.4599998141638935e-05,Multiple excess rows after initialization: original dependency branch not verified,nan,unverified,nan
random,R4_uniform_12,True,top2_completion,14019.0,generated,nan,unverified,nan,nan,nan,nan,nan,2.469999890308827e-05,Multiple excess rows after initialization: original dependency branch not verified,nan,unverified,nan
random,R4_uniform_13,True,baseline,13209.0,generated,nan,unverified,nan,nan,nan,nan,nan,2.6299996534362435e-05,Multiple excess rows after initialization: original dependency branch not verified,nan,unverified,nan
random,R4_uniform_13,True,cap_receiver,13209.0,generated,nan,unverified,nan,nan,nan,nan,nan,2.469999890308827e-05,Multiple excess rows after initialization: original dependency branch not verified,nan,unverified,nan
random,R4_uniform_13,True,net_tie,13209.0,generated,nan,unverified,nan,nan,nan,nan,nan,2.4599998141638935e-05,Multiple excess rows after initialization: original dependency branch not verified,nan,unverified,nan
random,R4_uniform_13,True,cap_net_tie,13209.0,generated,nan,unverified,nan,nan,nan,nan,nan,2.4599998141638935e-05,Multiple excess rows after initialization: original dependency branch not verified,nan,unverified,nan
random,R4_uniform_13,True,top2_completion,13209.0,generated,nan,unverified,nan,nan,nan,nan,nan,2.470000254106708e-05,Multiple excess rows after initialization: original dependency branch not verified,nan,unverified,nan
random,R4_uniform_14,True,baseline,3606.0,generated,3764.0,ok,True,158.0,4.381586245146977,95.80233793836344,False,0.00012910000077681616,nan,3764.0,ok,0.0
random,R4_uniform_14,True,cap_receiver,3606.0,generated,3764.0,ok,True,158.0,4.381586245146977,95.80233793836344,False,0.0001281000004382804,nan,3764.0,ok,0.0
random,R4_uniform_14,True,net_tie,3606.0,generated,3764.0,ok,True,158.0,4.381586245146977,95.80233793836344,False,0.00012929999866173603,nan,3764.0,ok,0.0
random,R4_uniform_14,True,cap_net_tie,3606.0,generated,3764.0,ok,True,158.0,4.381586245146977,95.80233793836344,False,0.0001286999977310188,nan,3764.0,ok,0.0
random,R4_uniform_14,True,top2_completion,3606.0,generated,3764.0,ok,True,158.0,4.381586245146977,95.80233793836344,False,0.00032049999936134554,nan,3764.0,ok,0.0
random,R4_uniform_15,True,baseline,8430.0,generated,8430.0,ok,True,0.0,0.0,100.0,True,0.000207199998840224,nan,8430.0,ok,0.0
random,R4_uniform_15,True,cap_receiver,8430.0,generated,8430.0,ok,True,0.0,0.0,100.0,True,0.0002607000023999717,nan,8430.0,ok,0.0
random,R4_uniform_15,True,net_tie,8430.0,generated,8430.0,ok,True,0.0,0.0,100.0,True,0.00022779999926569872,nan,8430.0,ok,0.0
random,R4_uniform_15,True,cap_net_tie,8430.0,generated,8430.0,ok,True,0.0,0.0,100.0,True,0.0001947999990079552,nan,8430.0,ok,0.0
random,R4_uniform_15,True,top2_completion,8430.0,generated,8430.0,ok,True,0.0,0.0,100.0,True,0.0007177000006777234,nan,8430.0,ok,0.0
random,R4_uniform_16,True,baseline,4537.0,generated,nan,unverified,nan,nan,nan,nan,nan,3.199999991920777e-05,Multiple excess rows after initialization: original dependency branch not verified,nan,unverified,nan
random,R4_uniform_16,True,cap_receiver,4537.0,generated,nan,unverified,nan,nan,nan,nan,nan,2.519999907235615e-05,Multiple excess rows after initialization: original dependency branch not verified,nan,unverified,nan
random,R4_uniform_16,True,net_tie,4537.0,generated,nan,unverified,nan,nan,nan,nan,nan,2.3799999326001853e-05,Multiple excess rows after initialization: original dependency branch not verified,nan,unverified,nan
random,R4_uniform_16,True,cap_net_tie,4537.0,generated,nan,unverified,nan,nan,nan,nan,nan,2.3199998395284638e-05,Multiple excess rows after initialization: original dependency branch not verified,nan,unverified,nan
random,R4_uniform_16,True,top2_completion,4537.0,generated,nan,unverified,nan,nan,nan,nan,nan,2.3700002202531323e-05,Multiple excess rows after initialization: original dependency branch not verified,nan,unverified,nan
random,R4_uniform_17,True,baseline,8928.0,generated,nan,unverified,nan,nan,nan,nan,nan,2.3399999918183312e-05,Multiple excess rows after initialization: original dependency branch not verified,nan,unverified,nan
random,R4_uniform_17,True,cap_receiver,8928.0,generated,nan,unverified,nan,nan,nan,nan,nan,2.3200002033263445e-05,Multiple excess rows after initialization: original dependency branch not verified,nan,unverified,nan
random,R4_uniform_17,True,net_tie,8928.0,generated,nan,unverified,nan,nan,nan,nan,nan,2.3100001271814108e-05,Multiple excess rows after initialization: original dependency branch not verified,nan,unverified,nan
random,R4_uniform_17,True,cap_net_tie,8928.0,generated,nan,unverified,nan,nan,nan,nan,nan,2.300000051036477e-05,Multiple excess rows after initialization: original dependency branch not verified,nan,unverified,nan
random,R4_uniform_17,True,top2_completion,8928.0,generated,nan,unverified,nan,nan,nan,nan,nan,2.2899999748915434e-05,Multiple excess rows after initialization: original dependency branch not verified,nan,unverified,nan
random,R4_uniform_18,True,baseline,6651.0,generated,nan,unverified,nan,nan,nan,nan,nan,2.3199998395284638e-05,Multiple excess rows after initialization: original dependency branch not verified,nan,unverified,nan
random,R4_uniform_18,True,cap_receiver,6651.0,generated,nan,unverified,nan,nan,nan,nan,nan,2.300000051036477e-05,Multiple excess rows after initialization: original dependency branch not verified,nan,unverified,nan
random,R4_uniform_18,True,net_tie,6651.0,generated,nan,unverified,nan,nan,nan,nan,nan,2.3299999156733975e-05,Multiple excess rows after initialization: original dependency branch not verified,nan,unverified,nan
random,R4_uniform_18,True,cap_net_tie,6651.0,generated,nan,unverified,nan,nan,nan,nan,nan,3.8800000766059384e-05,Multiple excess rows after initialization: original dependency branch not verified,nan,unverified,nan
random,R4_uniform_18,True,top2_completion,6651.0,generated,nan,unverified,nan,nan,nan,nan,nan,2.7500002033775672e-05,Multiple excess rows after initialization: original dependency branch not verified,nan,unverified,nan
random,R4_uniform_19,True,baseline,10684.0,generated,nan,unverified,nan,nan,nan,nan,nan,3.599999763537198e-05,Multiple excess rows after initialization: original dependency branch not verified,nan,unverified,nan
random,R4_uniform_19,True,cap_receiver,10684.0,generated,nan,unverified,nan,nan,nan,nan,nan,2.5699999241624027e-05,Multiple excess rows after initialization: original dependency branch not verified,nan,unverified,nan
random,R4_uniform_19,True,net_tie,10684.0,generated,nan,unverified,nan,nan,nan,nan,nan,2.4800003302516416e-05,Multiple excess rows after initialization: original dependency branch not verified,nan,unverified,nan
random,R4_uniform_19,True,cap_net_tie,10684.0,generated,nan,unverified,nan,nan,nan,nan,nan,2.5099998310906813e-05,Multiple excess rows after initialization: original dependency branch not verified,nan,unverified,nan
random,R4_uniform_19,True,top2_completion,10684.0,generated,nan,unverified,nan,nan,nan,nan,nan,2.5000001187436283e-05,Multiple excess rows after initialization: original dependency branch not verified,nan,unverified,nan
random,R4_ties_00,True,baseline,707.0,generated,707.0,ok,True,0.0,0.0,100.0,True,0.00015580000035697594,nan,707.0,ok,0.0
random,R4_ties_00,True,cap_receiver,707.0,generated,707.0,ok,True,0.0,0.0,100.0,True,0.00029240000003483146,nan,707.0,ok,0.0
random,R4_ties_00,True,net_tie,707.0,generated,707.0,ok,True,0.0,0.0,100.0,True,0.00015140000323299319,nan,707.0,ok,0.0
random,R4_ties_00,True,cap_net_tie,707.0,generated,707.0,ok,True,0.0,0.0,100.0,True,0.00015720000010333024,nan,707.0,ok,0.0
random,R4_ties_00,True,top2_completion,707.0,generated,707.0,ok,True,0.0,0.0,100.0,True,0.00038389999826904386,nan,707.0,ok,0.0
random,R4_ties_01,True,baseline,895.0,generated,895.0,ok,True,0.0,0.0,100.0,True,0.0003338999995321501,nan,895.0,ok,0.0
random,R4_ties_01,True,cap_receiver,895.0,generated,895.0,ok,True,0.0,0.0,100.0,True,0.00026560000333120115,nan,895.0,ok,0.0
random,R4_ties_01,True,net_tie,895.0,generated,895.0,ok,True,0.0,0.0,100.0,True,0.00017379999917466193,nan,895.0,ok,0.0
random,R4_ties_01,True,cap_net_tie,895.0,generated,895.0,ok,True,0.0,0.0,100.0,True,0.0005270000001473818,nan,895.0,ok,0.0
random,R4_ties_01,True,top2_completion,895.0,generated,895.0,ok,True,0.0,0.0,100.0,True,0.0004130000015720725,nan,895.0,ok,0.0
random,R4_ties_02,True,baseline,796.0,generated,nan,unverified,nan,nan,nan,nan,nan,3.460000152699649e-05,Multiple excess rows after initialization: original dependency branch not verified,nan,unverified,nan
random,R4_ties_02,True,cap_receiver,796.0,generated,nan,unverified,nan,nan,nan,nan,nan,2.890000178012997e-05,Multiple excess rows after initialization: original dependency branch not verified,nan,unverified,nan
random,R4_ties_02,True,net_tie,796.0,generated,nan,unverified,nan,nan,nan,nan,nan,2.89999989036005e-05,Multiple excess rows after initialization: original dependency branch not verified,nan,unverified,nan
random,R4_ties_02,True,cap_net_tie,796.0,generated,nan,unverified,nan,nan,nan,nan,nan,2.719999974942766e-05,Multiple excess rows after initialization: original dependency branch not verified,nan,unverified,nan
random,R4_ties_02,True,top2_completion,796.0,generated,nan,unverified,nan,nan,nan,nan,nan,2.7300000510876998e-05,Multiple excess rows after initialization: original dependency branch not verified,nan,unverified,nan
random,R4_ties_03,True,baseline,645.0,generated,658.0,ok,True,13.0,2.0155038759689923,98.02431610942249,False,0.0001387999982398469,nan,658.0,ok,0.0
random,R4_ties_03,True,cap_receiver,645.0,generated,658.0,ok,True,13.0,2.0155038759689923,98.02431610942249,False,0.0001511999980721157,nan,658.0,ok,0.0
random,R4_ties_03,True,net_tie,645.0,generated,658.0,ok,True,13.0,2.0155038759689923,98.02431610942249,False,0.00013019999823882245,nan,658.0,ok,0.0
random,R4_ties_03,True,cap_net_tie,645.0,generated,658.0,ok,True,13.0,2.0155038759689923,98.02431610942249,False,0.00014860000010230578,nan,658.0,ok,0.0
random,R4_ties_03,True,top2_completion,645.0,generated,645.0,ok,True,0.0,0.0,100.0,True,0.00042249999751220457,nan,658.0,ok,13.0
random,R4_ties_04,True,baseline,1044.0,generated,nan,unverified,nan,nan,nan,nan,nan,3.070000093430281e-05,Multiple excess rows after initialization: original dependency branch not verified,nan,unverified,nan
random,R4_ties_04,True,cap_receiver,1044.0,generated,nan,unverified,nan,nan,nan,nan,nan,2.8100002964492887e-05,Multiple excess rows after initialization: original dependency branch not verified,nan,unverified,nan
random,R4_ties_04,True,net_tie,1044.0,generated,nan,unverified,nan,nan,nan,nan,nan,2.359999780310318e-05,Multiple excess rows after initialization: original dependency branch not verified,nan,unverified,nan
random,R4_ties_04,True,cap_net_tie,1044.0,generated,nan,unverified,nan,nan,nan,nan,nan,2.3399999918183312e-05,Multiple excess rows after initialization: original dependency branch not verified,nan,unverified,nan
random,R4_ties_04,True,top2_completion,1044.0,generated,nan,unverified,nan,nan,nan,nan,nan,2.429999949526973e-05,Multiple excess rows after initialization: original dependency branch not verified,nan,unverified,nan
random,R4_ties_05,True,baseline,1277.0,generated,nan,unverified,nan,nan,nan,nan,nan,2.3799999326001853e-05,Multiple excess rows after initialization: original dependency branch not verified,nan,unverified,nan
random,R4_ties_05,True,cap_receiver,1277.0,generated,nan,unverified,nan,nan,nan,nan,nan,2.3200002033263445e-05,Multiple excess rows after initialization: original dependency branch not verified,nan,unverified,nan
random,R4_ties_05,True,net_tie,1277.0,generated,nan,unverified,nan,nan,nan,nan,nan,2.2899999748915434e-05,Multiple excess rows after initialization: original dependency branch not verified,nan,unverified,nan
random,R4_ties_05,True,cap_net_tie,1277.0,generated,nan,unverified,nan,nan,nan,nan,nan,2.2800002625444904e-05,Multiple excess rows after initialization: original dependency branch not verified,nan,unverified,nan
random,R4_ties_05,True,top2_completion,1277.0,generated,nan,unverified,nan,nan,nan,nan,nan,2.2899999748915434e-05,Multiple excess rows after initialization: original dependency branch not verified,nan,unverified,nan
random,R4_ties_06,True,baseline,193.0,generated,197.0,ok,True,4.0,2.0725388601036268,97.96954314720813,False,0.00019350000002305023,nan,197.0,ok,0.0
random,R4_ties_06,True,cap_receiver,193.0,generated,235.0,ok,True,42.0,21.761658031088082,82.12765957446808,False,0.00016250000044237822,nan,197.0,ok,-38.0
random,R4_ties_06,True,net_tie,193.0,generated,197.0,ok,True,4.0,2.0725388601036268,97.96954314720813,False,0.00019180000163032673,nan,197.0,ok,0.0
random,R4_ties_06,True,cap_net_tie,193.0,generated,235.0,ok,True,42.0,21.761658031088082,82.12765957446808,False,0.00015939999866532162,nan,197.0,ok,-38.0
random,R4_ties_06,True,top2_completion,193.0,generated,193.0,ok,True,0.0,0.0,100.0,True,0.0009448000018892344,nan,197.0,ok,4.0
random,R4_ties_07,True,baseline,663.0,generated,nan,unverified,nan,nan,nan,nan,nan,2.9400001949397847e-05,Multiple excess rows after initialization: original dependency branch not verified,nan,unverified,nan
random,R4_ties_07,True,cap_receiver,663.0,generated,nan,unverified,nan,nan,nan,nan,nan,2.5400000595254824e-05,Multiple excess rows after initialization: original dependency branch not verified,nan,unverified,nan
random,R4_ties_07,True,net_tie,663.0,generated,nan,unverified,nan,nan,nan,nan,nan,2.600000152597204e-05,Multiple excess rows after initialization: original dependency branch not verified,nan,unverified,nan
random,R4_ties_07,True,cap_net_tie,663.0,generated,nan,unverified,nan,nan,nan,nan,nan,2.689999746507965e-05,Multiple excess rows after initialization: original dependency branch not verified,nan,unverified,nan
random,R4_ties_07,True,top2_completion,663.0,generated,nan,unverified,nan,nan,nan,nan,nan,2.6300000172341242e-05,Multiple excess rows after initialization: original dependency branch not verified,nan,unverified,nan
random,R4_ties_08,True,baseline,1191.0,generated,nan,unverified,nan,nan,nan,nan,nan,2.519999907235615e-05,Multiple excess rows after initialization: original dependency branch not verified,nan,unverified,nan
random,R4_ties_08,True,cap_receiver,1191.0,generated,nan,unverified,nan,nan,nan,nan,nan,2.4600001779617742e-05,Multiple excess rows after initialization: original dependency branch not verified,nan,unverified,nan
random,R4_ties_08,True,net_tie,1191.0,generated,nan,unverified,nan,nan,nan,nan,nan,2.469999890308827e-05,Multiple excess rows after initialization: original dependency branch not verified,nan,unverified,nan
random,R4_ties_08,True,cap_net_tie,1191.0,generated,nan,unverified,nan,nan,nan,nan,nan,2.469999890308827e-05,Multiple excess rows after initialization: original dependency branch not verified,nan,unverified,nan
random,R4_ties_08,True,top2_completion,1191.0,generated,nan,unverified,nan,nan,nan,nan,nan,2.479999966453761e-05,Multiple excess rows after initialization: original dependency branch not verified,nan,unverified,nan
random,R4_ties_09,True,baseline,726.0,generated,738.0,ok,True,12.0,1.6528925619834711,98.3739837398374,False,0.0004709999993792735,nan,738.0,ok,0.0
random,R4_ties_09,True,cap_receiver,726.0,generated,738.0,ok,True,12.0,1.6528925619834711,98.3739837398374,False,0.00021920000290265307,nan,738.0,ok,0.0
random,R4_ties_09,True,net_tie,726.0,generated,738.0,ok,True,12.0,1.6528925619834711,98.3739837398374,False,0.00028730000121868216,nan,738.0,ok,0.0
random,R4_ties_09,True,cap_net_tie,726.0,generated,738.0,ok,True,12.0,1.6528925619834711,98.3739837398374,False,0.00019160000010742806,nan,738.0,ok,0.0
random,R4_ties_09,True,top2_completion,726.0,generated,738.0,ok,True,12.0,1.6528925619834711,98.3739837398374,False,0.0008019000015337951,nan,738.0,ok,0.0
random,R4_ties_10,True,baseline,1255.0,generated,1255.0,ok,True,0.0,0.0,100.0,True,0.0003741000000445638,nan,1255.0,ok,0.0
random,R4_ties_10,True,cap_receiver,1255.0,generated,1287.0,ok,True,32.0,2.549800796812749,97.51359751359752,False,0.00016059999688877724,nan,1255.0,ok,-32.0
random,R4_ties_10,True,net_tie,1255.0,generated,1255.0,ok,True,0.0,0.0,100.0,True,0.0001846999984991271,nan,1255.0,ok,0.0
random,R4_ties_10,True,cap_net_tie,1255.0,generated,1287.0,ok,True,32.0,2.549800796812749,97.51359751359752,False,0.00014279999959398992,nan,1255.0,ok,-32.0
random,R4_ties_10,True,top2_completion,1255.0,generated,1255.0,ok,True,0.0,0.0,100.0,True,0.0007322000019485131,nan,1255.0,ok,0.0
random,R4_ties_11,True,baseline,858.0,generated,858.0,ok,True,0.0,0.0,100.0,True,0.00015530000018770806,nan,858.0,ok,0.0
random,R4_ties_11,True,cap_receiver,858.0,generated,858.0,ok,True,0.0,0.0,100.0,True,0.0001601999974809587,nan,858.0,ok,0.0
random,R4_ties_11,True,net_tie,858.0,generated,858.0,ok,True,0.0,0.0,100.0,True,0.00014169999849400483,nan,858.0,ok,0.0
random,R4_ties_11,True,cap_net_tie,858.0,generated,858.0,ok,True,0.0,0.0,100.0,True,0.00015100000018719584,nan,858.0,ok,0.0
random,R4_ties_11,True,top2_completion,858.0,generated,858.0,ok,True,0.0,0.0,100.0,True,0.0004916999969282188,nan,858.0,ok,0.0
random,R4_ties_12,True,baseline,633.0,generated,nan,unverified,nan,nan,nan,nan,nan,3.77000033040531e-05,Multiple excess rows after initialization: original dependency branch not verified,nan,unverified,nan
random,R4_ties_12,True,cap_receiver,633.0,generated,nan,unverified,nan,nan,nan,nan,nan,2.8500002372311428e-05,Multiple excess rows after initialization: original dependency branch not verified,nan,unverified,nan
random,R4_ties_12,True,net_tie,633.0,generated,nan,unverified,nan,nan,nan,nan,nan,2.6999998226528987e-05,Multiple excess rows after initialization: original dependency branch not verified,nan,unverified,nan
random,R4_ties_12,True,cap_net_tie,633.0,generated,nan,unverified,nan,nan,nan,nan,nan,2.599999788799323e-05,Multiple excess rows after initialization: original dependency branch not verified,nan,unverified,nan
random,R4_ties_12,True,top2_completion,633.0,generated,nan,unverified,nan,nan,nan,nan,nan,2.599999788799323e-05,Multiple excess rows after initialization: original dependency branch not verified,nan,unverified,nan
random,R4_ties_13,True,baseline,1185.0,generated,1185.0,ok,True,0.0,0.0,100.0,True,0.00013930000204709359,nan,1185.0,ok,0.0
random,R4_ties_13,True,cap_receiver,1185.0,generated,1185.0,ok,True,0.0,0.0,100.0,True,0.00013720000060857274,nan,1185.0,ok,0.0
random,R4_ties_13,True,net_tie,1185.0,generated,1185.0,ok,True,0.0,0.0,100.0,True,0.00013039999976172112,nan,1185.0,ok,0.0
random,R4_ties_13,True,cap_net_tie,1185.0,generated,1185.0,ok,True,0.0,0.0,100.0,True,0.00013889999900129624,nan,1185.0,ok,0.0
random,R4_ties_13,True,top2_completion,1185.0,generated,1185.0,ok,True,0.0,0.0,100.0,True,0.00032640000063111074,nan,1185.0,ok,0.0
random,R4_ties_14,True,baseline,481.0,generated,487.0,ok,True,6.0,1.2474012474012475,98.76796714579055,False,0.00016870000035851263,nan,487.0,ok,0.0
random,R4_ties_14,True,cap_receiver,481.0,generated,481.0,ok,True,0.0,0.0,100.0,True,0.0001303000026382506,nan,487.0,ok,6.0
random,R4_ties_14,True,net_tie,481.0,generated,487.0,ok,True,6.0,1.2474012474012475,98.76796714579055,False,0.00017320000188192353,nan,487.0,ok,0.0
random,R4_ties_14,True,cap_net_tie,481.0,generated,481.0,ok,True,0.0,0.0,100.0,True,0.00014400000145542435,nan,487.0,ok,6.0
random,R4_ties_14,True,top2_completion,481.0,generated,481.0,ok,True,0.0,0.0,100.0,True,0.0003451000011409633,nan,487.0,ok,6.0
random,R4_ties_15,True,baseline,920.0,generated,nan,unverified,nan,nan,nan,nan,nan,3.409999771974981e-05,Multiple excess rows after initialization: original dependency branch not verified,nan,unverified,nan
random,R4_ties_15,True,cap_receiver,920.0,generated,nan,unverified,nan,nan,nan,nan,nan,2.7999998565064743e-05,Multiple excess rows after initialization: original dependency branch not verified,nan,unverified,nan
random,R4_ties_15,True,net_tie,920.0,generated,nan,unverified,nan,nan,nan,nan,nan,2.5400000595254824e-05,Multiple excess rows after initialization: original dependency branch not verified,nan,unverified,nan
random,R4_ties_15,True,cap_net_tie,920.0,generated,nan,unverified,nan,nan,nan,nan,nan,2.8899998142151162e-05,Multiple excess rows after initialization: original dependency branch not verified,nan,unverified,nan
random,R4_ties_15,True,top2_completion,920.0,generated,nan,unverified,nan,nan,nan,nan,nan,3.0399998649954796e-05,Multiple excess rows after initialization: original dependency branch not verified,nan,unverified,nan
random,R4_ties_16,True,baseline,1074.0,generated,1074.0,ok,True,0.0,0.0,100.0,True,0.00014000000010128133,nan,1074.0,ok,0.0
random,R4_ties_16,True,cap_receiver,1074.0,generated,1074.0,ok,True,0.0,0.0,100.0,True,0.00013170000238460489,nan,1074.0,ok,0.0
random,R4_ties_16,True,net_tie,1074.0,generated,1074.0,ok,True,0.0,0.0,100.0,True,0.00014139999984763563,nan,1074.0,ok,0.0
random,R4_ties_16,True,cap_net_tie,1074.0,generated,1074.0,ok,True,0.0,0.0,100.0,True,0.00011830000221380033,nan,1074.0,ok,0.0
random,R4_ties_16,True,top2_completion,1074.0,generated,1074.0,ok,True,0.0,0.0,100.0,True,0.00023370000053546391,nan,1074.0,ok,0.0
random,R4_ties_17,True,baseline,941.0,generated,nan,unverified,nan,nan,nan,nan,nan,2.9500002710847184e-05,Multiple excess rows after initialization: original dependency branch not verified,nan,unverified,nan
random,R4_ties_17,True,cap_receiver,941.0,generated,nan,unverified,nan,nan,nan,nan,nan,2.4900000425986946e-05,Multiple excess rows after initialization: original dependency branch not verified,nan,unverified,nan
random,R4_ties_17,True,net_tie,941.0,generated,nan,unverified,nan,nan,nan,nan,nan,2.3600001441081986e-05,Multiple excess rows after initialization: original dependency branch not verified,nan,unverified,nan
random,R4_ties_17,True,cap_net_tie,941.0,generated,nan,unverified,nan,nan,nan,nan,nan,2.350000067963265e-05,Multiple excess rows after initialization: original dependency branch not verified,nan,unverified,nan
random,R4_ties_17,True,top2_completion,941.0,generated,nan,unverified,nan,nan,nan,nan,nan,2.3299999156733975e-05,Multiple excess rows after initialization: original dependency branch not verified,nan,unverified,nan
random,R4_ties_18,True,baseline,703.0,generated,nan,unverified,nan,nan,nan,nan,nan,2.3199998395284638e-05,Multiple excess rows after initialization: original dependency branch not verified,nan,unverified,nan
random,R4_ties_18,True,cap_receiver,703.0,generated,nan,unverified,nan,nan,nan,nan,nan,2.3200002033263445e-05,Multiple excess rows after initialization: original dependency branch not verified,nan,unverified,nan
random,R4_ties_18,True,net_tie,703.0,generated,nan,unverified,nan,nan,nan,nan,nan,2.300000051036477e-05,Multiple excess rows after initialization: original dependency branch not verified,nan,unverified,nan
random,R4_ties_18,True,cap_net_tie,703.0,generated,nan,unverified,nan,nan,nan,nan,nan,2.3199998395284638e-05,Multiple excess rows after initialization: original dependency branch not verified,nan,unverified,nan
random,R4_ties_18,True,top2_completion,703.0,generated,nan,unverified,nan,nan,nan,nan,nan,2.3299999156733975e-05,Multiple excess rows after initialization: original dependency branch not verified,nan,unverified,nan
random,R4_ties_19,True,baseline,541.0,generated,nan,unverified,nan,nan,nan,nan,nan,2.3200002033263445e-05,Multiple excess rows after initialization: original dependency branch not verified,nan,unverified,nan
random,R4_ties_19,True,cap_receiver,541.0,generated,nan,unverified,nan,nan,nan,nan,nan,2.300000051036477e-05,Multiple excess rows after initialization: original dependency branch not verified,nan,unverified,nan
random,R4_ties_19,True,net_tie,541.0,generated,nan,unverified,nan,nan,nan,nan,nan,2.2899999748915434e-05,Multiple excess rows after initialization: original dependency branch not verified,nan,unverified,nan
random,R4_ties_19,True,cap_net_tie,541.0,generated,nan,unverified,nan,nan,nan,nan,nan,2.3600001441081986e-05,Multiple excess rows after initialization: original dependency branch not verified,nan,unverified,nan
random,R4_ties_19,True,top2_completion,541.0,generated,nan,unverified,nan,nan,nan,nan,nan,2.3199998395284638e-05,Multiple excess rows after initialization: original dependency branch not verified,nan,unverified,nan
random,R4_skewed_00,True,baseline,1407.0,generated,1419.0,ok,True,12.0,0.8528784648187633,99.15433403805497,False,0.0002514000007067807,nan,1419.0,ok,0.0
random,R4_skewed_00,True,cap_receiver,1407.0,generated,1578.0,ok,True,171.0,12.153518123667377,89.16349809885932,False,0.0001886000027297996,nan,1419.0,ok,-159.0
random,R4_skewed_00,True,net_tie,1407.0,generated,1419.0,ok,True,12.0,0.8528784648187633,99.15433403805497,False,0.00022170000011101365,nan,1419.0,ok,0.0
random,R4_skewed_00,True,cap_net_tie,1407.0,generated,1578.0,ok,True,171.0,12.153518123667377,89.16349809885932,False,0.00016870000035851263,nan,1419.0,ok,-159.0
random,R4_skewed_00,True,top2_completion,1407.0,generated,1419.0,ok,True,12.0,0.8528784648187633,99.15433403805497,False,0.0008572000006097369,nan,1419.0,ok,0.0
random,R4_skewed_01,True,baseline,491.0,generated,nan,unverified,nan,nan,nan,nan,nan,3.619999915827066e-05,Multiple excess rows after initialization: original dependency branch not verified,nan,unverified,nan
random,R4_skewed_01,True,cap_receiver,491.0,generated,nan,unverified,nan,nan,nan,nan,nan,2.769999991869554e-05,Multiple excess rows after initialization: original dependency branch not verified,nan,unverified,nan
random,R4_skewed_01,True,net_tie,491.0,generated,nan,unverified,nan,nan,nan,nan,nan,2.6199999410891905e-05,Multiple excess rows after initialization: original dependency branch not verified,nan,unverified,nan
random,R4_skewed_01,True,cap_net_tie,491.0,generated,nan,unverified,nan,nan,nan,nan,nan,2.5299999833805487e-05,Multiple excess rows after initialization: original dependency branch not verified,nan,unverified,nan
random,R4_skewed_01,True,top2_completion,491.0,generated,nan,unverified,nan,nan,nan,nan,nan,2.4600001779617742e-05,Multiple excess rows after initialization: original dependency branch not verified,nan,unverified,nan
random,R4_skewed_02,True,baseline,1921.0,generated,nan,unverified,nan,nan,nan,nan,nan,2.5000001187436283e-05,Multiple excess rows after initialization: original dependency branch not verified,nan,unverified,nan
random,R4_skewed_02,True,cap_receiver,1921.0,generated,nan,unverified,nan,nan,nan,nan,nan,2.4599998141638935e-05,Multiple excess rows after initialization: original dependency branch not verified,nan,unverified,nan
random,R4_skewed_02,True,net_tie,1921.0,generated,nan,unverified,nan,nan,nan,nan,nan,2.4500001018168405e-05,Multiple excess rows after initialization: original dependency branch not verified,nan,unverified,nan
random,R4_skewed_02,True,cap_net_tie,1921.0,generated,nan,unverified,nan,nan,nan,nan,nan,2.4900000425986946e-05,Multiple excess rows after initialization: original dependency branch not verified,nan,unverified,nan
random,R4_skewed_02,True,top2_completion,1921.0,generated,nan,unverified,nan,nan,nan,nan,nan,2.3399999918183312e-05,Multiple excess rows after initialization: original dependency branch not verified,nan,unverified,nan
random,R4_skewed_03,True,baseline,782.0,generated,nan,unverified,nan,nan,nan,nan,nan,2.3399999918183312e-05,Multiple excess rows after initialization: original dependency branch not verified,nan,unverified,nan
random,R4_skewed_03,True,cap_receiver,782.0,generated,nan,unverified,nan,nan,nan,nan,nan,2.3300002794712782e-05,Multiple excess rows after initialization: original dependency branch not verified,nan,unverified,nan
random,R4_skewed_03,True,net_tie,782.0,generated,nan,unverified,nan,nan,nan,nan,nan,2.3299999156733975e-05,Multiple excess rows after initialization: original dependency branch not verified,nan,unverified,nan
random,R4_skewed_03,True,cap_net_tie,782.0,generated,nan,unverified,nan,nan,nan,nan,nan,2.3299999156733975e-05,Multiple excess rows after initialization: original dependency branch not verified,nan,unverified,nan
random,R4_skewed_03,True,top2_completion,782.0,generated,nan,unverified,nan,nan,nan,nan,nan,2.30999976338353e-05,Multiple excess rows after initialization: original dependency branch not verified,nan,unverified,nan
random,R4_skewed_04,True,baseline,470.0,generated,470.0,ok,True,0.0,0.0,100.0,True,0.00011079999967478216,nan,470.0,ok,0.0
random,R4_skewed_04,True,cap_receiver,470.0,generated,470.0,ok,True,0.0,0.0,100.0,True,0.00013469999976223335,nan,470.0,ok,0.0
random,R4_skewed_04,True,net_tie,470.0,generated,470.0,ok,True,0.0,0.0,100.0,True,0.00011929999891435727,nan,470.0,ok,0.0
random,R4_skewed_04,True,cap_net_tie,470.0,generated,470.0,ok,True,0.0,0.0,100.0,True,0.00011529999756021425,nan,470.0,ok,0.0
random,R4_skewed_04,True,top2_completion,470.0,generated,470.0,ok,True,0.0,0.0,100.0,True,0.0001998999978241045,nan,470.0,ok,0.0
random,R4_skewed_05,True,baseline,1200.0,generated,1200.0,ok,True,0.0,0.0,100.0,True,0.00014449999798671342,nan,1200.0,ok,0.0
random,R4_skewed_05,True,cap_receiver,1200.0,generated,1245.0,ok,True,45.0,3.75,96.3855421686747,False,0.00014070000179344788,nan,1200.0,ok,-45.0
random,R4_skewed_05,True,net_tie,1200.0,generated,1200.0,ok,True,0.0,0.0,100.0,True,0.00016210000103455968,nan,1200.0,ok,0.0
random,R4_skewed_05,True,cap_net_tie,1200.0,generated,1245.0,ok,True,45.0,3.75,96.3855421686747,False,0.00014899999951012433,nan,1200.0,ok,-45.0
random,R4_skewed_05,True,top2_completion,1200.0,generated,1200.0,ok,True,0.0,0.0,100.0,True,0.00047730000005685724,nan,1200.0,ok,0.0
random,R4_skewed_06,True,baseline,895.0,generated,nan,unverified,nan,nan,nan,nan,nan,2.9200000426499173e-05,Multiple excess rows after initialization: original dependency branch not verified,nan,unverified,nan
random,R4_skewed_06,True,cap_receiver,895.0,generated,nan,unverified,nan,nan,nan,nan,nan,2.5099998310906813e-05,Multiple excess rows after initialization: original dependency branch not verified,nan,unverified,nan
random,R4_skewed_06,True,net_tie,895.0,generated,nan,unverified,nan,nan,nan,nan,nan,2.3399999918183312e-05,Multiple excess rows after initialization: original dependency branch not verified,nan,unverified,nan
random,R4_skewed_06,True,cap_net_tie,895.0,generated,nan,unverified,nan,nan,nan,nan,nan,2.3200002033263445e-05,Multiple excess rows after initialization: original dependency branch not verified,nan,unverified,nan
random,R4_skewed_06,True,top2_completion,895.0,generated,nan,unverified,nan,nan,nan,nan,nan,2.300000051036477e-05,Multiple excess rows after initialization: original dependency branch not verified,nan,unverified,nan
random,R4_skewed_07,True,baseline,1175.0,generated,1553.0,ok,True,378.0,32.170212765957444,75.66001287830007,False,0.00011989999984507449,nan,1553.0,ok,0.0
random,R4_skewed_07,True,cap_receiver,1175.0,generated,1553.0,ok,True,378.0,32.170212765957444,75.66001287830007,False,0.00012340000102994964,nan,1553.0,ok,0.0
random,R4_skewed_07,True,net_tie,1175.0,generated,1553.0,ok,True,378.0,32.170212765957444,75.66001287830007,False,0.00012939999942318536,nan,1553.0,ok,0.0
random,R4_skewed_07,True,cap_net_tie,1175.0,generated,1553.0,ok,True,378.0,32.170212765957444,75.66001287830007,False,0.00012820000119972974,nan,1553.0,ok,0.0
random,R4_skewed_07,True,top2_completion,1175.0,generated,1175.0,ok,True,0.0,0.0,100.0,True,0.00029519999952754006,nan,1553.0,ok,378.0
random,R4_skewed_08,True,baseline,1236.0,generated,1514.0,ok,True,278.0,22.491909385113267,81.63804491413474,False,0.00026280000020051375,nan,1514.0,ok,0.0
random,R4_skewed_08,True,cap_receiver,1236.0,generated,1236.0,ok,True,0.0,0.0,100.0,True,0.0001567999970575329,nan,1514.0,ok,278.0
random,R4_skewed_08,True,net_tie,1236.0,generated,1274.0,ok,True,38.0,3.074433656957929,97.01726844583987,False,0.00016289999985019676,nan,1514.0,ok,240.0
random,R4_skewed_08,True,cap_net_tie,1236.0,generated,1236.0,ok,True,0.0,0.0,100.0,True,0.00017980000120587647,nan,1514.0,ok,278.0
random,R4_skewed_08,True,top2_completion,1236.0,generated,1274.0,ok,True,38.0,3.074433656957929,97.01726844583987,False,0.0005736999992222991,nan,1514.0,ok,240.0
random,R4_skewed_09,True,baseline,1154.0,generated,1190.0,ok,True,36.0,3.119584055459272,96.97478991596638,False,0.00034139999843318947,nan,1190.0,ok,0.0
random,R4_skewed_09,True,cap_receiver,1154.0,generated,1154.0,ok,True,0.0,0.0,100.0,True,0.0001931000006152317,nan,1190.0,ok,36.0
random,R4_skewed_09,True,net_tie,1154.0,generated,1190.0,ok,True,36.0,3.119584055459272,96.97478991596638,False,0.0004671000024245586,nan,1190.0,ok,0.0
random,R4_skewed_09,True,cap_net_tie,1154.0,generated,1154.0,ok,True,0.0,0.0,100.0,True,0.00021680000281776302,nan,1190.0,ok,36.0
random,R4_skewed_09,True,top2_completion,1154.0,generated,nan,unverified,nan,nan,nan,nan,nan,0.0003316000002087094,Multiple excess rows reached; no invented selection rule,1190.0,ok,nan
random,R4_skewed_10,True,baseline,885.0,generated,nan,unverified,nan,nan,nan,nan,nan,3.239999932702631e-05,Multiple excess rows after initialization: original dependency branch not verified,nan,unverified,nan
random,R4_skewed_10,True,cap_receiver,885.0,generated,nan,unverified,nan,nan,nan,nan,nan,2.7000001864507794e-05,Multiple excess rows after initialization: original dependency branch not verified,nan,unverified,nan
random,R4_skewed_10,True,net_tie,885.0,generated,nan,unverified,nan,nan,nan,nan,nan,2.4900000425986946e-05,Multiple excess rows after initialization: original dependency branch not verified,nan,unverified,nan
random,R4_skewed_10,True,cap_net_tie,885.0,generated,nan,unverified,nan,nan,nan,nan,nan,2.470000254106708e-05,Multiple excess rows after initialization: original dependency branch not verified,nan,unverified,nan
random,R4_skewed_10,True,top2_completion,885.0,generated,nan,unverified,nan,nan,nan,nan,nan,2.479999966453761e-05,Multiple excess rows after initialization: original dependency branch not verified,nan,unverified,nan
random,R4_skewed_11,True,baseline,1454.0,generated,nan,unverified,nan,nan,nan,nan,nan,2.4999997549457476e-05,Multiple excess rows after initialization: original dependency branch not verified,nan,unverified,nan
random,R4_skewed_11,True,cap_receiver,1454.0,generated,nan,unverified,nan,nan,nan,nan,nan,2.5800000003073364e-05,Multiple excess rows after initialization: original dependency branch not verified,nan,unverified,nan
random,R4_skewed_11,True,net_tie,1454.0,generated,nan,unverified,nan,nan,nan,nan,nan,2.3299999156733975e-05,Multiple excess rows after initialization: original dependency branch not verified,nan,unverified,nan
random,R4_skewed_11,True,cap_net_tie,1454.0,generated,nan,unverified,nan,nan,nan,nan,nan,2.2899999748915434e-05,Multiple excess rows after initialization: original dependency branch not verified,nan,unverified,nan
random,R4_skewed_11,True,top2_completion,1454.0,generated,nan,unverified,nan,nan,nan,nan,nan,2.2999996872385964e-05,Multiple excess rows after initialization: original dependency branch not verified,nan,unverified,nan
random,R4_skewed_12,True,baseline,1359.0,generated,nan,unverified,nan,nan,nan,nan,nan,2.3299999156733975e-05,Multiple excess rows after initialization: original dependency branch not verified,nan,unverified,nan
random,R4_skewed_12,True,cap_receiver,1359.0,generated,nan,unverified,nan,nan,nan,nan,nan,2.300000051036477e-05,Multiple excess rows after initialization: original dependency branch not verified,nan,unverified,nan
random,R4_skewed_12,True,net_tie,1359.0,generated,nan,unverified,nan,nan,nan,nan,nan,2.30999976338353e-05,Multiple excess rows after initialization: original dependency branch not verified,nan,unverified,nan
random,R4_skewed_12,True,cap_net_tie,1359.0,generated,nan,unverified,nan,nan,nan,nan,nan,2.2899999748915434e-05,Multiple excess rows after initialization: original dependency branch not verified,nan,unverified,nan
random,R4_skewed_12,True,top2_completion,1359.0,generated,nan,unverified,nan,nan,nan,nan,nan,2.2899999748915434e-05,Multiple excess rows after initialization: original dependency branch not verified,nan,unverified,nan
random,R4_skewed_13,True,baseline,2062.0,generated,nan,unverified,nan,nan,nan,nan,nan,2.3300002794712782e-05,Multiple excess rows after initialization: original dependency branch not verified,nan,unverified,nan
random,R4_skewed_13,True,cap_receiver,2062.0,generated,nan,unverified,nan,nan,nan,nan,nan,2.3299999156733975e-05,Multiple excess rows after initialization: original dependency branch not verified,nan,unverified,nan
random,R4_skewed_13,True,net_tie,2062.0,generated,nan,unverified,nan,nan,nan,nan,nan,3.3399999665562063e-05,Multiple excess rows after initialization: original dependency branch not verified,nan,unverified,nan
random,R4_skewed_13,True,cap_net_tie,2062.0,generated,nan,unverified,nan,nan,nan,nan,nan,2.5299999833805487e-05,Multiple excess rows after initialization: original dependency branch not verified,nan,unverified,nan
random,R4_skewed_13,True,top2_completion,2062.0,generated,nan,unverified,nan,nan,nan,nan,nan,2.4600001779617742e-05,Multiple excess rows after initialization: original dependency branch not verified,nan,unverified,nan
random,R4_skewed_14,True,baseline,2062.0,generated,2080.0,ok,True,18.0,0.8729388942774006,99.13461538461539,False,0.00015889999849605374,nan,2080.0,ok,0.0
random,R4_skewed_14,True,cap_receiver,2062.0,generated,2062.0,ok,True,0.0,0.0,100.0,True,0.0002872000004572328,nan,2080.0,ok,18.0
random,R4_skewed_14,True,net_tie,2062.0,generated,2080.0,ok,True,18.0,0.8729388942774006,99.13461538461539,False,0.00021220000053290278,nan,2080.0,ok,0.0
random,R4_skewed_14,True,cap_net_tie,2062.0,generated,2062.0,ok,True,0.0,0.0,100.0,True,0.00026989999969373457,nan,2080.0,ok,18.0
random,R4_skewed_14,True,top2_completion,2062.0,generated,2062.0,ok,True,0.0,0.0,100.0,True,0.0006346999980451073,nan,2080.0,ok,18.0
random,R4_skewed_15,True,baseline,1648.0,generated,nan,unverified,nan,nan,nan,nan,nan,5.740000051446259e-05,Multiple excess rows after initialization: original dependency branch not verified,nan,unverified,nan
random,R4_skewed_15,True,cap_receiver,1648.0,generated,nan,unverified,nan,nan,nan,nan,nan,3.2099997042678297e-05,Multiple excess rows after initialization: original dependency branch not verified,nan,unverified,nan
random,R4_skewed_15,True,net_tie,1648.0,generated,nan,unverified,nan,nan,nan,nan,nan,3.909999941242859e-05,Multiple excess rows after initialization: original dependency branch not verified,nan,unverified,nan
random,R4_skewed_15,True,cap_net_tie,1648.0,generated,nan,unverified,nan,nan,nan,nan,nan,2.7999998565064743e-05,Multiple excess rows after initialization: original dependency branch not verified,nan,unverified,nan
random,R4_skewed_15,True,top2_completion,1648.0,generated,nan,unverified,nan,nan,nan,nan,nan,2.7300000510876998e-05,Multiple excess rows after initialization: original dependency branch not verified,nan,unverified,nan
random,R4_skewed_16,True,baseline,1917.0,generated,nan,unverified,nan,nan,nan,nan,nan,0.0001759999977366533,Multiple excess rows reached; no invented selection rule,nan,unverified,nan
random,R4_skewed_16,True,cap_receiver,1917.0,generated,1963.0,ok,True,46.0,2.3995826812728223,97.65664798777381,False,0.00026619999698596075,nan,nan,unverified,nan
random,R4_skewed_16,True,net_tie,1917.0,generated,nan,unverified,nan,nan,nan,nan,nan,0.0001779000012902543,Multiple excess rows reached; no invented selection rule,nan,unverified,nan
random,R4_skewed_16,True,cap_net_tie,1917.0,generated,1963.0,ok,True,46.0,2.3995826812728223,97.65664798777381,False,0.0002596000012999866,nan,nan,unverified,nan
random,R4_skewed_16,True,top2_completion,1917.0,generated,nan,unverified,nan,nan,nan,nan,nan,0.0001548000000184402,Multiple excess rows reached; no invented selection rule,nan,unverified,nan
random,R4_skewed_17,True,baseline,471.0,generated,nan,unverified,nan,nan,nan,nan,nan,3.179999839630909e-05,Multiple excess rows after initialization: original dependency branch not verified,nan,unverified,nan
random,R4_skewed_17,True,cap_receiver,471.0,generated,nan,unverified,nan,nan,nan,nan,nan,2.680000034160912e-05,Multiple excess rows after initialization: original dependency branch not verified,nan,unverified,nan
random,R4_skewed_17,True,net_tie,471.0,generated,nan,unverified,nan,nan,nan,nan,nan,2.6300000172341242e-05,Multiple excess rows after initialization: original dependency branch not verified,nan,unverified,nan
random,R4_skewed_17,True,cap_net_tie,471.0,generated,nan,unverified,nan,nan,nan,nan,nan,2.510000194888562e-05,Multiple excess rows after initialization: original dependency branch not verified,nan,unverified,nan
random,R4_skewed_17,True,top2_completion,471.0,generated,nan,unverified,nan,nan,nan,nan,nan,2.599999788799323e-05,Multiple excess rows after initialization: original dependency branch not verified,nan,unverified,nan
random,R4_skewed_18,True,baseline,2027.0,generated,nan,unverified,nan,nan,nan,nan,nan,2.4100001610349864e-05,Multiple excess rows after initialization: original dependency branch not verified,nan,unverified,nan
random,R4_skewed_18,True,cap_receiver,2027.0,generated,nan,unverified,nan,nan,nan,nan,nan,2.3699998564552516e-05,Multiple excess rows after initialization: original dependency branch not verified,nan,unverified,nan
random,R4_skewed_18,True,net_tie,2027.0,generated,nan,unverified,nan,nan,nan,nan,nan,2.3600001441081986e-05,Multiple excess rows after initialization: original dependency branch not verified,nan,unverified,nan
random,R4_skewed_18,True,cap_net_tie,2027.0,generated,nan,unverified,nan,nan,nan,nan,nan,2.42000023717992e-05,Multiple excess rows after initialization: original dependency branch not verified,nan,unverified,nan
random,R4_skewed_18,True,top2_completion,2027.0,generated,nan,unverified,nan,nan,nan,nan,nan,2.5000001187436283e-05,Multiple excess rows after initialization: original dependency branch not verified,nan,unverified,nan
random,R4_skewed_19,True,baseline,1454.0,generated,1457.0,ok,True,3.0,0.2063273727647868,99.79409746053534,False,0.00019699999756994657,nan,1457.0,ok,0.0
random,R4_skewed_19,True,cap_receiver,1454.0,generated,1454.0,ok,True,0.0,0.0,100.0,True,0.00015949999942677096,nan,1457.0,ok,3.0
random,R4_skewed_19,True,net_tie,1454.0,generated,1457.0,ok,True,3.0,0.2063273727647868,99.79409746053534,False,0.00020030000086990185,nan,1457.0,ok,0.0
random,R4_skewed_19,True,cap_net_tie,1454.0,generated,1454.0,ok,True,0.0,0.0,100.0,True,0.00016899999900488183,nan,1457.0,ok,3.0
random,R4_skewed_19,True,top2_completion,1454.0,generated,nan,unverified,nan,nan,nan,nan,nan,0.0007377000001724809,Multiple excess rows reached; no invented selection rule,1457.0,ok,nan
random,R5_uniform_00,True,baseline,8044.0,generated,nan,unverified,nan,nan,nan,nan,nan,6.410000059986487e-05,Multiple excess rows after initialization: original dependency branch not verified,nan,unverified,nan
random,R5_uniform_00,True,cap_receiver,8044.0,generated,nan,unverified,nan,nan,nan,nan,nan,3.190000279573724e-05,Multiple excess rows after initialization: original dependency branch not verified,nan,unverified,nan
random,R5_uniform_00,True,net_tie,8044.0,generated,nan,unverified,nan,nan,nan,nan,nan,2.600000152597204e-05,Multiple excess rows after initialization: original dependency branch not verified,nan,unverified,nan
random,R5_uniform_00,True,cap_net_tie,8044.0,generated,nan,unverified,nan,nan,nan,nan,nan,2.6300000172341242e-05,Multiple excess rows after initialization: original dependency branch not verified,nan,unverified,nan
random,R5_uniform_00,True,top2_completion,8044.0,generated,nan,unverified,nan,nan,nan,nan,nan,2.680000034160912e-05,Multiple excess rows after initialization: original dependency branch not verified,nan,unverified,nan
random,R5_uniform_01,True,baseline,9227.0,generated,nan,unverified,nan,nan,nan,nan,nan,2.6999998226528987e-05,Multiple excess rows after initialization: original dependency branch not verified,nan,unverified,nan
random,R5_uniform_01,True,cap_receiver,9227.0,generated,nan,unverified,nan,nan,nan,nan,nan,2.640000093379058e-05,Multiple excess rows after initialization: original dependency branch not verified,nan,unverified,nan
random,R5_uniform_01,True,net_tie,9227.0,generated,nan,unverified,nan,nan,nan,nan,nan,2.6699999580159783e-05,Multiple excess rows after initialization: original dependency branch not verified,nan,unverified,nan
random,R5_uniform_01,True,cap_net_tie,9227.0,generated,nan,unverified,nan,nan,nan,nan,nan,2.640000093379058e-05,Multiple excess rows after initialization: original dependency branch not verified,nan,unverified,nan
random,R5_uniform_01,True,top2_completion,9227.0,generated,nan,unverified,nan,nan,nan,nan,nan,2.640000093379058e-05,Multiple excess rows after initialization: original dependency branch not verified,nan,unverified,nan
random,R5_uniform_02,True,baseline,7910.0,generated,nan,unverified,nan,nan,nan,nan,nan,2.6599998818710446e-05,Multiple excess rows after initialization: original dependency branch not verified,nan,unverified,nan
random,R5_uniform_02,True,cap_receiver,7910.0,generated,nan,unverified,nan,nan,nan,nan,nan,2.640000093379058e-05,Multiple excess rows after initialization: original dependency branch not verified,nan,unverified,nan
random,R5_uniform_02,True,net_tie,7910.0,generated,nan,unverified,nan,nan,nan,nan,nan,2.6600002456689253e-05,Multiple excess rows after initialization: original dependency branch not verified,nan,unverified,nan
random,R5_uniform_02,True,cap_net_tie,7910.0,generated,nan,unverified,nan,nan,nan,nan,nan,2.6300000172341242e-05,Multiple excess rows after initialization: original dependency branch not verified,nan,unverified,nan
random,R5_uniform_02,True,top2_completion,7910.0,generated,nan,unverified,nan,nan,nan,nan,nan,2.6300000172341242e-05,Multiple excess rows after initialization: original dependency branch not verified,nan,unverified,nan
random,R5_uniform_03,True,baseline,6715.0,generated,nan,unverified,nan,nan,nan,nan,nan,2.7099998987978324e-05,Multiple excess rows after initialization: original dependency branch not verified,nan,unverified,nan
random,R5_uniform_03,True,cap_receiver,6715.0,generated,nan,unverified,nan,nan,nan,nan,nan,3.0800001695752144e-05,Multiple excess rows after initialization: original dependency branch not verified,nan,unverified,nan
random,R5_uniform_03,True,net_tie,6715.0,generated,nan,unverified,nan,nan,nan,nan,nan,2.8200000087963417e-05,Multiple excess rows after initialization: original dependency branch not verified,nan,unverified,nan
random,R5_uniform_03,True,cap_net_tie,6715.0,generated,nan,unverified,nan,nan,nan,nan,nan,2.7400001272326335e-05,Multiple excess rows after initialization: original dependency branch not verified,nan,unverified,nan
random,R5_uniform_03,True,top2_completion,6715.0,generated,nan,unverified,nan,nan,nan,nan,nan,2.640000093379058e-05,Multiple excess rows after initialization: original dependency branch not verified,nan,unverified,nan
random,R5_uniform_04,True,baseline,4499.0,generated,nan,unverified,nan,nan,nan,nan,nan,2.649999805726111e-05,Multiple excess rows after initialization: original dependency branch not verified,nan,unverified,nan
random,R5_uniform_04,True,cap_receiver,4499.0,generated,nan,unverified,nan,nan,nan,nan,nan,2.6500001695239916e-05,Multiple excess rows after initialization: original dependency branch not verified,nan,unverified,nan
random,R5_uniform_04,True,net_tie,4499.0,generated,nan,unverified,nan,nan,nan,nan,nan,2.6199999410891905e-05,Multiple excess rows after initialization: original dependency branch not verified,nan,unverified,nan
random,R5_uniform_04,True,cap_net_tie,4499.0,generated,nan,unverified,nan,nan,nan,nan,nan,2.7800000680144876e-05,Multiple excess rows after initialization: original dependency branch not verified,nan,unverified,nan
random,R5_uniform_04,True,top2_completion,4499.0,generated,nan,unverified,nan,nan,nan,nan,nan,2.6500001695239916e-05,Multiple excess rows after initialization: original dependency branch not verified,nan,unverified,nan
random,R5_uniform_05,True,baseline,4755.0,generated,nan,unverified,nan,nan,nan,nan,nan,2.680000034160912e-05,Multiple excess rows after initialization: original dependency branch not verified,nan,unverified,nan
random,R5_uniform_05,True,cap_receiver,4755.0,generated,nan,unverified,nan,nan,nan,nan,nan,2.6699999580159783e-05,Multiple excess rows after initialization: original dependency branch not verified,nan,unverified,nan
random,R5_uniform_05,True,net_tie,4755.0,generated,nan,unverified,nan,nan,nan,nan,nan,2.6300000172341242e-05,Multiple excess rows after initialization: original dependency branch not verified,nan,unverified,nan
random,R5_uniform_05,True,cap_net_tie,4755.0,generated,nan,unverified,nan,nan,nan,nan,nan,2.6200003048870713e-05,Multiple excess rows after initialization: original dependency branch not verified,nan,unverified,nan
random,R5_uniform_05,True,top2_completion,4755.0,generated,nan,unverified,nan,nan,nan,nan,nan,2.6300000172341242e-05,Multiple excess rows after initialization: original dependency branch not verified,nan,unverified,nan
random,R5_uniform_06,True,baseline,9515.0,generated,nan,unverified,nan,nan,nan,nan,nan,2.640000093379058e-05,Multiple excess rows after initialization: original dependency branch not verified,nan,unverified,nan
random,R5_uniform_06,True,cap_receiver,9515.0,generated,nan,unverified,nan,nan,nan,nan,nan,2.6300000172341242e-05,Multiple excess rows after initialization: original dependency branch not verified,nan,unverified,nan
random,R5_uniform_06,True,net_tie,9515.0,generated,nan,unverified,nan,nan,nan,nan,nan,2.6399997295811772e-05,Multiple excess rows after initialization: original dependency branch not verified,nan,unverified,nan
random,R5_uniform_06,True,cap_net_tie,9515.0,generated,nan,unverified,nan,nan,nan,nan,nan,2.640000093379058e-05,Multiple excess rows after initialization: original dependency branch not verified,nan,unverified,nan
random,R5_uniform_06,True,top2_completion,9515.0,generated,nan,unverified,nan,nan,nan,nan,nan,2.6300000172341242e-05,Multiple excess rows after initialization: original dependency branch not verified,nan,unverified,nan
random,R5_uniform_07,True,baseline,9829.0,generated,nan,unverified,nan,nan,nan,nan,nan,2.6699999580159783e-05,Multiple excess rows after initialization: original dependency branch not verified,nan,unverified,nan
random,R5_uniform_07,True,cap_receiver,9829.0,generated,nan,unverified,nan,nan,nan,nan,nan,2.640000093379058e-05,Multiple excess rows after initialization: original dependency branch not verified,nan,unverified,nan
random,R5_uniform_07,True,net_tie,9829.0,generated,nan,unverified,nan,nan,nan,nan,nan,2.6300000172341242e-05,Multiple excess rows after initialization: original dependency branch not verified,nan,unverified,nan
random,R5_uniform_07,True,cap_net_tie,9829.0,generated,nan,unverified,nan,nan,nan,nan,nan,2.6599998818710446e-05,Multiple excess rows after initialization: original dependency branch not verified,nan,unverified,nan
random,R5_uniform_07,True,top2_completion,9829.0,generated,nan,unverified,nan,nan,nan,nan,nan,2.6199999410891905e-05,Multiple excess rows after initialization: original dependency branch not verified,nan,unverified,nan
random,R5_uniform_08,True,baseline,8251.0,generated,nan,unverified,nan,nan,nan,nan,nan,2.6699999580159783e-05,Multiple excess rows after initialization: original dependency branch not verified,nan,unverified,nan
random,R5_uniform_08,True,cap_receiver,8251.0,generated,nan,unverified,nan,nan,nan,nan,nan,2.6300000172341242e-05,Multiple excess rows after initialization: original dependency branch not verified,nan,unverified,nan
random,R5_uniform_08,True,net_tie,8251.0,generated,nan,unverified,nan,nan,nan,nan,nan,2.6900001103058457e-05,Multiple excess rows after initialization: original dependency branch not verified,nan,unverified,nan
random,R5_uniform_08,True,cap_net_tie,8251.0,generated,nan,unverified,nan,nan,nan,nan,nan,2.7900001441594213e-05,Multiple excess rows after initialization: original dependency branch not verified,nan,unverified,nan
random,R5_uniform_08,True,top2_completion,8251.0,generated,nan,unverified,nan,nan,nan,nan,nan,2.640000093379058e-05,Multiple excess rows after initialization: original dependency branch not verified,nan,unverified,nan
random,R5_uniform_09,True,baseline,11798.0,generated,nan,unverified,nan,nan,nan,nan,nan,2.7400001272326335e-05,Multiple excess rows after initialization: original dependency branch not verified,nan,unverified,nan
random,R5_uniform_09,True,cap_receiver,11798.0,generated,nan,unverified,nan,nan,nan,nan,nan,2.4999997549457476e-05,Multiple excess rows after initialization: original dependency branch not verified,nan,unverified,nan
random,R5_uniform_09,True,net_tie,11798.0,generated,nan,unverified,nan,nan,nan,nan,nan,2.4900000425986946e-05,Multiple excess rows after initialization: original dependency branch not verified,nan,unverified,nan
random,R5_uniform_09,True,cap_net_tie,11798.0,generated,nan,unverified,nan,nan,nan,nan,nan,2.4900000425986946e-05,Multiple excess rows after initialization: original dependency branch not verified,nan,unverified,nan
random,R5_uniform_09,True,top2_completion,11798.0,generated,nan,unverified,nan,nan,nan,nan,nan,3.5000000934815034e-05,Multiple excess rows after initialization: original dependency branch not verified,nan,unverified,nan
random,R5_uniform_10,True,baseline,7008.0,generated,nan,unverified,nan,nan,nan,nan,nan,2.6500001695239916e-05,Multiple excess rows after initialization: original dependency branch not verified,nan,unverified,nan
random,R5_uniform_10,True,cap_receiver,7008.0,generated,nan,unverified,nan,nan,nan,nan,nan,2.559999848017469e-05,Multiple excess rows after initialization: original dependency branch not verified,nan,unverified,nan
random,R5_uniform_10,True,net_tie,7008.0,generated,nan,unverified,nan,nan,nan,nan,nan,2.6600002456689253e-05,Multiple excess rows after initialization: original dependency branch not verified,nan,unverified,nan
random,R5_uniform_10,True,cap_net_tie,7008.0,generated,nan,unverified,nan,nan,nan,nan,nan,2.640000093379058e-05,Multiple excess rows after initialization: original dependency branch not verified,nan,unverified,nan
random,R5_uniform_10,True,top2_completion,7008.0,generated,nan,unverified,nan,nan,nan,nan,nan,2.6699999580159783e-05,Multiple excess rows after initialization: original dependency branch not verified,nan,unverified,nan
random,R5_uniform_11,True,baseline,4684.0,generated,4931.0,ok,True,247.0,5.273270708795901,94.99087406205638,False,0.00022679999892716296,nan,4931.0,ok,0.0
random,R5_uniform_11,True,cap_receiver,4684.0,generated,4864.0,ok,True,180.0,3.842869342442357,96.29934210526316,False,0.00017490000027464703,nan,4931.0,ok,67.0
random,R5_uniform_11,True,net_tie,4684.0,generated,4931.0,ok,True,247.0,5.273270708795901,94.99087406205638,False,0.00019379999866941944,nan,4931.0,ok,0.0
random,R5_uniform_11,True,cap_net_tie,4684.0,generated,4864.0,ok,True,180.0,3.842869342442357,96.29934210526316,False,0.00016029999824240804,nan,4931.0,ok,67.0
random,R5_uniform_11,True,top2_completion,4684.0,generated,4931.0,ok,True,247.0,5.273270708795901,94.99087406205638,False,0.0007389999991573859,nan,4931.0,ok,0.0
random,R5_uniform_12,True,baseline,5093.0,generated,nan,unverified,nan,nan,nan,nan,nan,8.799999704933725e-05,Multiple excess rows reached; no invented selection rule,nan,unverified,nan
random,R5_uniform_12,True,cap_receiver,5093.0,generated,5985.0,ok,True,892.0,17.51423522481838,85.09607351712614,False,0.00018679999993764795,nan,nan,unverified,nan
random,R5_uniform_12,True,net_tie,5093.0,generated,nan,unverified,nan,nan,nan,nan,nan,9.760000102687627e-05,Multiple excess rows reached; no invented selection rule,nan,unverified,nan
random,R5_uniform_12,True,cap_net_tie,5093.0,generated,5985.0,ok,True,892.0,17.51423522481838,85.09607351712614,False,0.0003513999981805682,nan,nan,unverified,nan
random,R5_uniform_12,True,top2_completion,5093.0,generated,nan,unverified,nan,nan,nan,nan,nan,0.00010960000145132653,Multiple excess rows reached; no invented selection rule,nan,unverified,nan
random,R5_uniform_13,True,baseline,10365.0,generated,nan,unverified,nan,nan,nan,nan,nan,3.300000025774352e-05,Multiple excess rows after initialization: original dependency branch not verified,nan,unverified,nan
random,R5_uniform_13,True,cap_receiver,10365.0,generated,nan,unverified,nan,nan,nan,nan,nan,2.8500002372311428e-05,Multiple excess rows after initialization: original dependency branch not verified,nan,unverified,nan
random,R5_uniform_13,True,net_tie,10365.0,generated,nan,unverified,nan,nan,nan,nan,nan,0.0002142000012099743,Multiple excess rows after initialization: original dependency branch not verified,nan,unverified,nan
random,R5_uniform_13,True,cap_net_tie,10365.0,generated,nan,unverified,nan,nan,nan,nan,nan,2.719999974942766e-05,Multiple excess rows after initialization: original dependency branch not verified,nan,unverified,nan
random,R5_uniform_13,True,top2_completion,10365.0,generated,nan,unverified,nan,nan,nan,nan,nan,2.6999998226528987e-05,Multiple excess rows after initialization: original dependency branch not verified,nan,unverified,nan
random,R5_uniform_14,True,baseline,6506.0,generated,7076.0,ok,True,570.0,8.761143559790963,91.94460146975692,False,0.0003093999985139817,nan,7076.0,ok,0.0
random,R5_uniform_14,True,cap_receiver,6506.0,generated,6506.0,ok,True,0.0,0.0,100.0,True,0.00020290000247769058,nan,7076.0,ok,570.0
random,R5_uniform_14,True,net_tie,6506.0,generated,7076.0,ok,True,570.0,8.761143559790963,91.94460146975692,False,0.0003490999988571275,nan,7076.0,ok,0.0
random,R5_uniform_14,True,cap_net_tie,6506.0,generated,6506.0,ok,True,0.0,0.0,100.0,True,0.00020179999773972668,nan,7076.0,ok,570.0
random,R5_uniform_14,True,top2_completion,6506.0,generated,6776.0,ok,True,270.0,4.1500153704272975,96.01534828807556,False,0.0008082999993348494,nan,7076.0,ok,300.0
random,R5_uniform_15,True,baseline,6797.0,generated,nan,unverified,nan,nan,nan,nan,nan,3.780000042752363e-05,Multiple excess rows after initialization: original dependency branch not verified,nan,unverified,nan
random,R5_uniform_15,True,cap_receiver,6797.0,generated,nan,unverified,nan,nan,nan,nan,nan,3.1200001103570685e-05,Multiple excess rows after initialization: original dependency branch not verified,nan,unverified,nan
random,R5_uniform_15,True,net_tie,6797.0,generated,nan,unverified,nan,nan,nan,nan,nan,2.8799997380701825e-05,Multiple excess rows after initialization: original dependency branch not verified,nan,unverified,nan
random,R5_uniform_15,True,cap_net_tie,6797.0,generated,nan,unverified,nan,nan,nan,nan,nan,2.8299997211433947e-05,Multiple excess rows after initialization: original dependency branch not verified,nan,unverified,nan
random,R5_uniform_15,True,top2_completion,6797.0,generated,nan,unverified,nan,nan,nan,nan,nan,2.800000220304355e-05,Multiple excess rows after initialization: original dependency branch not verified,nan,unverified,nan
random,R5_uniform_16,True,baseline,10975.0,generated,12617.0,ok,True,1642.0,14.96127562642369,86.98581279226441,False,0.0001633000028959941,nan,12617.0,ok,0.0
random,R5_uniform_16,True,cap_receiver,10975.0,generated,12617.0,ok,True,1642.0,14.96127562642369,86.98581279226441,False,0.00015970000094966963,nan,12617.0,ok,0.0
random,R5_uniform_16,True,net_tie,10975.0,generated,12617.0,ok,True,1642.0,14.96127562642369,86.98581279226441,False,0.00015759999951114878,nan,12617.0,ok,0.0
random,R5_uniform_16,True,cap_net_tie,10975.0,generated,12617.0,ok,True,1642.0,14.96127562642369,86.98581279226441,False,0.0001419000000169035,nan,12617.0,ok,0.0
random,R5_uniform_16,True,top2_completion,10975.0,generated,12617.0,ok,True,1642.0,14.96127562642369,86.98581279226441,False,0.00037900000097579323,nan,12617.0,ok,0.0
random,R5_uniform_17,True,baseline,6733.0,generated,nan,unverified,nan,nan,nan,nan,nan,3.199999991920777e-05,Multiple excess rows after initialization: original dependency branch not verified,nan,unverified,nan
random,R5_uniform_17,True,cap_receiver,6733.0,generated,nan,unverified,nan,nan,nan,nan,nan,2.719999974942766e-05,Multiple excess rows after initialization: original dependency branch not verified,nan,unverified,nan
random,R5_uniform_17,True,net_tie,6733.0,generated,nan,unverified,nan,nan,nan,nan,nan,2.5699999241624027e-05,Multiple excess rows after initialization: original dependency branch not verified,nan,unverified,nan
random,R5_uniform_17,True,cap_net_tie,6733.0,generated,nan,unverified,nan,nan,nan,nan,nan,2.5099998310906813e-05,Multiple excess rows after initialization: original dependency branch not verified,nan,unverified,nan
random,R5_uniform_17,True,top2_completion,6733.0,generated,nan,unverified,nan,nan,nan,nan,nan,2.479999966453761e-05,Multiple excess rows after initialization: original dependency branch not verified,nan,unverified,nan
random,R5_uniform_18,True,baseline,10404.0,generated,nan,unverified,nan,nan,nan,nan,nan,2.5400000595254824e-05,Multiple excess rows after initialization: original dependency branch not verified,nan,unverified,nan
random,R5_uniform_18,True,cap_receiver,10404.0,generated,nan,unverified,nan,nan,nan,nan,nan,2.489999678800814e-05,Multiple excess rows after initialization: original dependency branch not verified,nan,unverified,nan
random,R5_uniform_18,True,net_tie,10404.0,generated,nan,unverified,nan,nan,nan,nan,nan,2.4900000425986946e-05,Multiple excess rows after initialization: original dependency branch not verified,nan,unverified,nan
random,R5_uniform_18,True,cap_net_tie,10404.0,generated,nan,unverified,nan,nan,nan,nan,nan,2.4800003302516416e-05,Multiple excess rows after initialization: original dependency branch not verified,nan,unverified,nan
random,R5_uniform_18,True,top2_completion,10404.0,generated,nan,unverified,nan,nan,nan,nan,nan,2.4900000425986946e-05,Multiple excess rows after initialization: original dependency branch not verified,nan,unverified,nan
random,R5_uniform_19,True,baseline,13975.0,generated,nan,unverified,nan,nan,nan,nan,nan,2.470000254106708e-05,Multiple excess rows after initialization: original dependency branch not verified,nan,unverified,nan
random,R5_uniform_19,True,cap_receiver,13975.0,generated,nan,unverified,nan,nan,nan,nan,nan,2.469999890308827e-05,Multiple excess rows after initialization: original dependency branch not verified,nan,unverified,nan
random,R5_uniform_19,True,net_tie,13975.0,generated,nan,unverified,nan,nan,nan,nan,nan,2.469999890308827e-05,Multiple excess rows after initialization: original dependency branch not verified,nan,unverified,nan
random,R5_uniform_19,True,cap_net_tie,13975.0,generated,nan,unverified,nan,nan,nan,nan,nan,2.469999890308827e-05,Multiple excess rows after initialization: original dependency branch not verified,nan,unverified,nan
random,R5_uniform_19,True,top2_completion,13975.0,generated,nan,unverified,nan,nan,nan,nan,nan,2.4600001779617742e-05,Multiple excess rows after initialization: original dependency branch not verified,nan,unverified,nan
random,R5_ties_00,True,baseline,1106.0,generated,nan,unverified,nan,nan,nan,nan,nan,2.5000001187436283e-05,Multiple excess rows after initialization: original dependency branch not verified,nan,unverified,nan
random,R5_ties_00,True,cap_receiver,1106.0,generated,nan,unverified,nan,nan,nan,nan,nan,2.469999890308827e-05,Multiple excess rows after initialization: original dependency branch not verified,nan,unverified,nan
random,R5_ties_00,True,net_tie,1106.0,generated,nan,unverified,nan,nan,nan,nan,nan,2.4900000425986946e-05,Multiple excess rows after initialization: original dependency branch not verified,nan,unverified,nan
random,R5_ties_00,True,cap_net_tie,1106.0,generated,nan,unverified,nan,nan,nan,nan,nan,2.479999966453761e-05,Multiple excess rows after initialization: original dependency branch not verified,nan,unverified,nan
random,R5_ties_00,True,top2_completion,1106.0,generated,nan,unverified,nan,nan,nan,nan,nan,2.489999678800814e-05,Multiple excess rows after initialization: original dependency branch not verified,nan,unverified,nan
random,R5_ties_01,True,baseline,570.0,generated,nan,unverified,nan,nan,nan,nan,nan,2.4900000425986946e-05,Multiple excess rows after initialization: original dependency branch not verified,nan,unverified,nan
random,R5_ties_01,True,cap_receiver,570.0,generated,nan,unverified,nan,nan,nan,nan,nan,2.4900000425986946e-05,Multiple excess rows after initialization: original dependency branch not verified,nan,unverified,nan
random,R5_ties_01,True,net_tie,570.0,generated,nan,unverified,nan,nan,nan,nan,nan,2.470000254106708e-05,Multiple excess rows after initialization: original dependency branch not verified,nan,unverified,nan
random,R5_ties_01,True,cap_net_tie,570.0,generated,nan,unverified,nan,nan,nan,nan,nan,2.510000194888562e-05,Multiple excess rows after initialization: original dependency branch not verified,nan,unverified,nan
random,R5_ties_01,True,top2_completion,570.0,generated,nan,unverified,nan,nan,nan,nan,nan,2.5000001187436283e-05,Multiple excess rows after initialization: original dependency branch not verified,nan,unverified,nan
random,R5_ties_02,True,baseline,1136.0,generated,nan,unverified,nan,nan,nan,nan,nan,2.479999966453761e-05,Multiple excess rows after initialization: original dependency branch not verified,nan,unverified,nan
random,R5_ties_02,True,cap_receiver,1136.0,generated,nan,unverified,nan,nan,nan,nan,nan,2.5000001187436283e-05,Multiple excess rows after initialization: original dependency branch not verified,nan,unverified,nan
random,R5_ties_02,True,net_tie,1136.0,generated,nan,unverified,nan,nan,nan,nan,nan,2.4900000425986946e-05,Multiple excess rows after initialization: original dependency branch not verified,nan,unverified,nan
random,R5_ties_02,True,cap_net_tie,1136.0,generated,nan,unverified,nan,nan,nan,nan,nan,2.479999966453761e-05,Multiple excess rows after initialization: original dependency branch not verified,nan,unverified,nan
random,R5_ties_02,True,top2_completion,1136.0,generated,nan,unverified,nan,nan,nan,nan,nan,2.4900000425986946e-05,Multiple excess rows after initialization: original dependency branch not verified,nan,unverified,nan
random,R5_ties_03,True,baseline,1279.0,generated,nan,unverified,nan,nan,nan,nan,nan,2.479999966453761e-05,Multiple excess rows after initialization: original dependency branch not verified,nan,unverified,nan
random,R5_ties_03,True,cap_receiver,1279.0,generated,nan,unverified,nan,nan,nan,nan,nan,2.469999890308827e-05,Multiple excess rows after initialization: original dependency branch not verified,nan,unverified,nan
random,R5_ties_03,True,net_tie,1279.0,generated,nan,unverified,nan,nan,nan,nan,nan,2.4900000425986946e-05,Multiple excess rows after initialization: original dependency branch not verified,nan,unverified,nan
random,R5_ties_03,True,cap_net_tie,1279.0,generated,nan,unverified,nan,nan,nan,nan,nan,2.4400000256719068e-05,Multiple excess rows after initialization: original dependency branch not verified,nan,unverified,nan
random,R5_ties_03,True,top2_completion,1279.0,generated,nan,unverified,nan,nan,nan,nan,nan,2.470000254106708e-05,Multiple excess rows after initialization: original dependency branch not verified,nan,unverified,nan
random,R5_ties_04,True,baseline,952.0,generated,nan,unverified,nan,nan,nan,nan,nan,2.4900000425986946e-05,Multiple excess rows after initialization: original dependency branch not verified,nan,unverified,nan
random,R5_ties_04,True,cap_receiver,952.0,generated,nan,unverified,nan,nan,nan,nan,nan,2.469999890308827e-05,Multiple excess rows after initialization: original dependency branch not verified,nan,unverified,nan
random,R5_ties_04,True,net_tie,952.0,generated,nan,unverified,nan,nan,nan,nan,nan,2.469999890308827e-05,Multiple excess rows after initialization: original dependency branch not verified,nan,unverified,nan
random,R5_ties_04,True,cap_net_tie,952.0,generated,nan,unverified,nan,nan,nan,nan,nan,2.479999966453761e-05,Multiple excess rows after initialization: original dependency branch not verified,nan,unverified,nan
random,R5_ties_04,True,top2_completion,952.0,generated,nan,unverified,nan,nan,nan,nan,nan,2.469999890308827e-05,Multiple excess rows after initialization: original dependency branch not verified,nan,unverified,nan
random,R5_ties_05,True,baseline,772.0,generated,nan,unverified,nan,nan,nan,nan,nan,2.4600001779617742e-05,Multiple excess rows after initialization: original dependency branch not verified,nan,unverified,nan
random,R5_ties_05,True,cap_receiver,772.0,generated,nan,unverified,nan,nan,nan,nan,nan,2.4900000425986946e-05,Multiple excess rows after initialization: original dependency branch not verified,nan,unverified,nan
random,R5_ties_05,True,net_tie,772.0,generated,nan,unverified,nan,nan,nan,nan,nan,2.470000254106708e-05,Multiple excess rows after initialization: original dependency branch not verified,nan,unverified,nan
random,R5_ties_05,True,cap_net_tie,772.0,generated,nan,unverified,nan,nan,nan,nan,nan,2.609999864944257e-05,Multiple excess rows after initialization: original dependency branch not verified,nan,unverified,nan
random,R5_ties_05,True,top2_completion,772.0,generated,nan,unverified,nan,nan,nan,nan,nan,2.469999890308827e-05,Multiple excess rows after initialization: original dependency branch not verified,nan,unverified,nan
random,R5_ties_06,True,baseline,793.0,generated,nan,unverified,nan,nan,nan,nan,nan,2.470000254106708e-05,Multiple excess rows after initialization: original dependency branch not verified,nan,unverified,nan
random,R5_ties_06,True,cap_receiver,793.0,generated,nan,unverified,nan,nan,nan,nan,nan,2.4900000425986946e-05,Multiple excess rows after initialization: original dependency branch not verified,nan,unverified,nan
random,R5_ties_06,True,net_tie,793.0,generated,nan,unverified,nan,nan,nan,nan,nan,2.469999890308827e-05,Multiple excess rows after initialization: original dependency branch not verified,nan,unverified,nan
random,R5_ties_06,True,cap_net_tie,793.0,generated,nan,unverified,nan,nan,nan,nan,nan,2.5000001187436283e-05,Multiple excess rows after initialization: original dependency branch not verified,nan,unverified,nan
random,R5_ties_06,True,top2_completion,793.0,generated,nan,unverified,nan,nan,nan,nan,nan,2.4599998141638935e-05,Multiple excess rows after initialization: original dependency branch not verified,nan,unverified,nan
random,R5_ties_07,True,baseline,580.0,generated,nan,unverified,nan,nan,nan,nan,nan,2.4900000425986946e-05,Multiple excess rows after initialization: original dependency branch not verified,nan,unverified,nan
random,R5_ties_07,True,cap_receiver,580.0,generated,nan,unverified,nan,nan,nan,nan,nan,2.59000007645227e-05,Multiple excess rows after initialization: original dependency branch not verified,nan,unverified,nan
random,R5_ties_07,True,net_tie,580.0,generated,nan,unverified,nan,nan,nan,nan,nan,2.4900000425986946e-05,Multiple excess rows after initialization: original dependency branch not verified,nan,unverified,nan
random,R5_ties_07,True,cap_net_tie,580.0,generated,nan,unverified,nan,nan,nan,nan,nan,2.5000001187436283e-05,Multiple excess rows after initialization: original dependency branch not verified,nan,unverified,nan
random,R5_ties_07,True,top2_completion,580.0,generated,nan,unverified,nan,nan,nan,nan,nan,2.510000194888562e-05,Multiple excess rows after initialization: original dependency branch not verified,nan,unverified,nan
random,R5_ties_08,True,baseline,546.0,generated,nan,unverified,nan,nan,nan,nan,nan,2.510000194888562e-05,Multiple excess rows after initialization: original dependency branch not verified,nan,unverified,nan
random,R5_ties_08,True,cap_receiver,546.0,generated,nan,unverified,nan,nan,nan,nan,nan,2.5099998310906813e-05,Multiple excess rows after initialization: original dependency branch not verified,nan,unverified,nan
random,R5_ties_08,True,net_tie,546.0,generated,nan,unverified,nan,nan,nan,nan,nan,2.4900000425986946e-05,Multiple excess rows after initialization: original dependency branch not verified,nan,unverified,nan
random,R5_ties_08,True,cap_net_tie,546.0,generated,nan,unverified,nan,nan,nan,nan,nan,2.479999966453761e-05,Multiple excess rows after initialization: original dependency branch not verified,nan,unverified,nan
random,R5_ties_08,True,top2_completion,546.0,generated,nan,unverified,nan,nan,nan,nan,nan,2.4599998141638935e-05,Multiple excess rows after initialization: original dependency branch not verified,nan,unverified,nan
random,R5_ties_09,True,baseline,658.0,generated,nan,unverified,nan,nan,nan,nan,nan,8.850000085658394e-05,Multiple excess rows reached; no invented selection rule,nan,unverified,nan
random,R5_ties_09,True,cap_receiver,658.0,generated,722.0,ok,True,64.0,9.72644376899696,91.13573407202216,False,0.0001956999985850416,nan,nan,unverified,nan
random,R5_ties_09,True,net_tie,658.0,generated,nan,unverified,nan,nan,nan,nan,nan,8.819999857223593e-05,Multiple excess rows reached; no invented selection rule,nan,unverified,nan
random,R5_ties_09,True,cap_net_tie,658.0,generated,722.0,ok,True,64.0,9.72644376899696,91.13573407202216,False,0.00018819999968400225,nan,nan,unverified,nan
random,R5_ties_09,True,top2_completion,658.0,generated,nan,unverified,nan,nan,nan,nan,nan,0.00023689999943599105,Multiple excess rows reached; no invented selection rule,nan,unverified,nan
random,R5_ties_10,True,baseline,632.0,generated,nan,unverified,nan,nan,nan,nan,nan,3.199999991920777e-05,Multiple excess rows after initialization: original dependency branch not verified,nan,unverified,nan
random,R5_ties_10,True,cap_receiver,632.0,generated,nan,unverified,nan,nan,nan,nan,nan,2.8200000087963417e-05,Multiple excess rows after initialization: original dependency branch not verified,nan,unverified,nan
random,R5_ties_10,True,net_tie,632.0,generated,nan,unverified,nan,nan,nan,nan,nan,2.6999998226528987e-05,Multiple excess rows after initialization: original dependency branch not verified,nan,unverified,nan
random,R5_ties_10,True,cap_net_tie,632.0,generated,nan,unverified,nan,nan,nan,nan,nan,2.680000034160912e-05,Multiple excess rows after initialization: original dependency branch not verified,nan,unverified,nan
random,R5_ties_10,True,top2_completion,632.0,generated,nan,unverified,nan,nan,nan,nan,nan,2.7000001864507794e-05,Multiple excess rows after initialization: original dependency branch not verified,nan,unverified,nan
random,R5_ties_11,True,baseline,598.0,generated,598.0,ok,True,0.0,0.0,100.0,True,0.000152900000102818,nan,598.0,ok,0.0
random,R5_ties_11,True,cap_receiver,598.0,generated,625.0,ok,True,27.0,4.51505016722408,95.68,False,0.00015209999764920212,nan,598.0,ok,-27.0
random,R5_ties_11,True,net_tie,598.0,generated,598.0,ok,True,0.0,0.0,100.0,True,0.00015730000086477958,nan,598.0,ok,0.0
random,R5_ties_11,True,cap_net_tie,598.0,generated,625.0,ok,True,27.0,4.51505016722408,95.68,False,0.0001517000018793624,nan,598.0,ok,-27.0
random,R5_ties_11,True,top2_completion,598.0,generated,598.0,ok,True,0.0,0.0,100.0,True,0.0005205999987083487,nan,598.0,ok,0.0
random,R5_ties_12,True,baseline,571.0,generated,578.0,ok,True,7.0,1.2259194395796849,98.78892733564014,False,0.00016490000052726828,nan,578.0,ok,0.0
random,R5_ties_12,True,cap_receiver,571.0,generated,630.0,ok,True,59.0,10.332749562171628,90.63492063492063,False,0.0001508999994257465,nan,578.0,ok,-52.0
random,R5_ties_12,True,net_tie,571.0,generated,578.0,ok,True,7.0,1.2259194395796849,98.78892733564014,False,0.0001573999979882501,nan,578.0,ok,0.0
random,R5_ties_12,True,cap_net_tie,571.0,generated,630.0,ok,True,59.0,10.332749562171628,90.63492063492063,False,0.0003357999994477723,nan,578.0,ok,-52.0
random,R5_ties_12,True,top2_completion,571.0,generated,578.0,ok,True,7.0,1.2259194395796849,98.78892733564014,False,0.00039230000038514845,nan,578.0,ok,0.0
random,R5_ties_13,True,baseline,889.0,generated,nan,unverified,nan,nan,nan,nan,nan,3.269999797339551e-05,Multiple excess rows after initialization: original dependency branch not verified,nan,unverified,nan
random,R5_ties_13,True,cap_receiver,889.0,generated,nan,unverified,nan,nan,nan,nan,nan,2.8399997972883284e-05,Multiple excess rows after initialization: original dependency branch not verified,nan,unverified,nan
random,R5_ties_13,True,net_tie,889.0,generated,nan,unverified,nan,nan,nan,nan,nan,2.8500002372311428e-05,Multiple excess rows after initialization: original dependency branch not verified,nan,unverified,nan
random,R5_ties_13,True,cap_net_tie,889.0,generated,nan,unverified,nan,nan,nan,nan,nan,2.6699999580159783e-05,Multiple excess rows after initialization: original dependency branch not verified,nan,unverified,nan
random,R5_ties_13,True,top2_completion,889.0,generated,nan,unverified,nan,nan,nan,nan,nan,2.6900001103058457e-05,Multiple excess rows after initialization: original dependency branch not verified,nan,unverified,nan
random,R5_ties_14,True,baseline,879.0,generated,nan,unverified,nan,nan,nan,nan,nan,8.099999831756577e-05,Multiple excess rows reached; no invented selection rule,nan,unverified,nan
random,R5_ties_14,True,cap_receiver,879.0,generated,955.0,ok,True,76.0,8.646188850967008,92.04188481675392,False,0.00017049999951268546,nan,nan,unverified,nan
random,R5_ties_14,True,net_tie,879.0,generated,nan,unverified,nan,nan,nan,nan,nan,8.850000085658394e-05,Multiple excess rows reached; no invented selection rule,nan,unverified,nan
random,R5_ties_14,True,cap_net_tie,879.0,generated,955.0,ok,True,76.0,8.646188850967008,92.04188481675392,False,0.00017860000298242085,nan,nan,unverified,nan
random,R5_ties_14,True,top2_completion,879.0,generated,nan,unverified,nan,nan,nan,nan,nan,8.650000017951243e-05,Multiple excess rows reached; no invented selection rule,nan,unverified,nan
random,R5_ties_15,True,baseline,473.0,generated,nan,unverified,nan,nan,nan,nan,nan,9.169999975711107e-05,Multiple excess rows reached; no invented selection rule,nan,unverified,nan
random,R5_ties_15,True,cap_receiver,473.0,generated,595.0,ok,True,122.0,25.792811839323466,79.49579831932773,False,0.00017419999858248048,nan,nan,unverified,nan
random,R5_ties_15,True,net_tie,473.0,generated,nan,unverified,nan,nan,nan,nan,nan,0.00018459999773767777,Multiple excess rows reached; no invented selection rule,nan,unverified,nan
random,R5_ties_15,True,cap_net_tie,473.0,generated,595.0,ok,True,122.0,25.792811839323466,79.49579831932773,False,0.0003052000029128976,nan,nan,unverified,nan
random,R5_ties_15,True,top2_completion,473.0,generated,nan,unverified,nan,nan,nan,nan,nan,8.650000017951243e-05,Multiple excess rows reached; no invented selection rule,nan,unverified,nan
random,R5_ties_16,True,baseline,812.0,generated,nan,unverified,nan,nan,nan,nan,nan,3.050000304938294e-05,Multiple excess rows after initialization: original dependency branch not verified,nan,unverified,nan
random,R5_ties_16,True,cap_receiver,812.0,generated,nan,unverified,nan,nan,nan,nan,nan,2.7900001441594213e-05,Multiple excess rows after initialization: original dependency branch not verified,nan,unverified,nan
random,R5_ties_16,True,net_tie,812.0,generated,nan,unverified,nan,nan,nan,nan,nan,2.719999974942766e-05,Multiple excess rows after initialization: original dependency branch not verified,nan,unverified,nan
random,R5_ties_16,True,cap_net_tie,812.0,generated,nan,unverified,nan,nan,nan,nan,nan,2.680000034160912e-05,Multiple excess rows after initialization: original dependency branch not verified,nan,unverified,nan
random,R5_ties_16,True,top2_completion,812.0,generated,nan,unverified,nan,nan,nan,nan,nan,2.719999974942766e-05,Multiple excess rows after initialization: original dependency branch not verified,nan,unverified,nan
random,R5_ties_17,True,baseline,1440.0,generated,1593.0,ok,True,153.0,10.625,90.3954802259887,False,0.0005200000014156103,nan,1593.0,ok,0.0
random,R5_ties_17,True,cap_receiver,1440.0,generated,1532.0,ok,True,92.0,6.388888888888889,93.99477806788512,False,0.00018930000078398734,nan,1593.0,ok,61.0
random,R5_ties_17,True,net_tie,1440.0,generated,1593.0,ok,True,153.0,10.625,90.3954802259887,False,0.00022629999875789508,nan,1593.0,ok,0.0
random,R5_ties_17,True,cap_net_tie,1440.0,generated,1532.0,ok,True,92.0,6.388888888888889,93.99477806788512,False,0.00016710000272723846,nan,1593.0,ok,61.0
random,R5_ties_17,True,top2_completion,1440.0,generated,1482.0,ok,True,42.0,2.9166666666666665,97.16599190283401,False,0.0010780000011436641,nan,1593.0,ok,111.0
random,R5_ties_18,True,baseline,532.0,generated,nan,unverified,nan,nan,nan,nan,nan,3.789999755099416e-05,Multiple excess rows after initialization: original dependency branch not verified,nan,unverified,nan
random,R5_ties_18,True,cap_receiver,532.0,generated,nan,unverified,nan,nan,nan,nan,nan,2.939999831141904e-05,Multiple excess rows after initialization: original dependency branch not verified,nan,unverified,nan
random,R5_ties_18,True,net_tie,532.0,generated,nan,unverified,nan,nan,nan,nan,nan,2.7800000680144876e-05,Multiple excess rows after initialization: original dependency branch not verified,nan,unverified,nan
random,R5_ties_18,True,cap_net_tie,532.0,generated,nan,unverified,nan,nan,nan,nan,nan,2.6799996703630313e-05,Multiple excess rows after initialization: original dependency branch not verified,nan,unverified,nan
random,R5_ties_18,True,top2_completion,532.0,generated,nan,unverified,nan,nan,nan,nan,nan,2.6600002456689253e-05,Multiple excess rows after initialization: original dependency branch not verified,nan,unverified,nan
random,R5_ties_19,True,baseline,745.0,generated,nan,unverified,nan,nan,nan,nan,nan,2.719999974942766e-05,Multiple excess rows after initialization: original dependency branch not verified,nan,unverified,nan
random,R5_ties_19,True,cap_receiver,745.0,generated,nan,unverified,nan,nan,nan,nan,nan,2.7000001864507794e-05,Multiple excess rows after initialization: original dependency branch not verified,nan,unverified,nan
random,R5_ties_19,True,net_tie,745.0,generated,nan,unverified,nan,nan,nan,nan,nan,2.680000034160912e-05,Multiple excess rows after initialization: original dependency branch not verified,nan,unverified,nan
random,R5_ties_19,True,cap_net_tie,745.0,generated,nan,unverified,nan,nan,nan,nan,nan,2.689999746507965e-05,Multiple excess rows after initialization: original dependency branch not verified,nan,unverified,nan
random,R5_ties_19,True,top2_completion,745.0,generated,nan,unverified,nan,nan,nan,nan,nan,2.6600002456689253e-05,Multiple excess rows after initialization: original dependency branch not verified,nan,unverified,nan
random,R5_skewed_00,True,baseline,910.0,generated,nan,unverified,nan,nan,nan,nan,nan,2.680000034160912e-05,Multiple excess rows after initialization: original dependency branch not verified,nan,unverified,nan
random,R5_skewed_00,True,cap_receiver,910.0,generated,nan,unverified,nan,nan,nan,nan,nan,2.649999805726111e-05,Multiple excess rows after initialization: original dependency branch not verified,nan,unverified,nan
random,R5_skewed_00,True,net_tie,910.0,generated,nan,unverified,nan,nan,nan,nan,nan,6.610000127693638e-05,Multiple excess rows after initialization: original dependency branch not verified,nan,unverified,nan
random,R5_skewed_00,True,cap_net_tie,910.0,generated,nan,unverified,nan,nan,nan,nan,nan,3.0399998649954796e-05,Multiple excess rows after initialization: original dependency branch not verified,nan,unverified,nan
random,R5_skewed_00,True,top2_completion,910.0,generated,nan,unverified,nan,nan,nan,nan,nan,2.6600002456689253e-05,Multiple excess rows after initialization: original dependency branch not verified,nan,unverified,nan
random,R5_skewed_01,True,baseline,1748.0,generated,1820.0,ok,True,72.0,4.118993135011442,96.04395604395604,False,0.00021689999994123355,nan,1820.0,ok,0.0
random,R5_skewed_01,True,cap_receiver,1748.0,generated,1776.0,ok,True,28.0,1.6018306636155606,98.42342342342343,False,0.00016710000272723846,nan,1820.0,ok,44.0
random,R5_skewed_01,True,net_tie,1748.0,generated,1820.0,ok,True,72.0,4.118993135011442,96.04395604395604,False,0.00019520000205375254,nan,1820.0,ok,0.0
random,R5_skewed_01,True,cap_net_tie,1748.0,generated,1776.0,ok,True,28.0,1.6018306636155606,98.42342342342343,False,0.00016649999815854244,nan,1820.0,ok,44.0
random,R5_skewed_01,True,top2_completion,1748.0,generated,1776.0,ok,True,28.0,1.6018306636155606,98.42342342342343,False,0.000637799999822164,nan,1820.0,ok,44.0
random,R5_skewed_02,True,baseline,1557.0,generated,nan,unverified,nan,nan,nan,nan,nan,3.110000034212135e-05,Multiple excess rows after initialization: original dependency branch not verified,nan,unverified,nan
random,R5_skewed_02,True,cap_receiver,1557.0,generated,nan,unverified,nan,nan,nan,nan,nan,2.649999805726111e-05,Multiple excess rows after initialization: original dependency branch not verified,nan,unverified,nan
random,R5_skewed_02,True,net_tie,1557.0,generated,nan,unverified,nan,nan,nan,nan,nan,2.550000135670416e-05,Multiple excess rows after initialization: original dependency branch not verified,nan,unverified,nan
random,R5_skewed_02,True,cap_net_tie,1557.0,generated,nan,unverified,nan,nan,nan,nan,nan,2.6600002456689253e-05,Multiple excess rows after initialization: original dependency branch not verified,nan,unverified,nan
random,R5_skewed_02,True,top2_completion,1557.0,generated,nan,unverified,nan,nan,nan,nan,nan,2.519999907235615e-05,Multiple excess rows after initialization: original dependency branch not verified,nan,unverified,nan
random,R5_skewed_03,True,baseline,967.0,generated,nan,unverified,nan,nan,nan,nan,nan,3.650000144261867e-05,Multiple excess rows after initialization: original dependency branch not verified,nan,unverified,nan
random,R5_skewed_03,True,cap_receiver,967.0,generated,nan,unverified,nan,nan,nan,nan,nan,2.5400000595254824e-05,Multiple excess rows after initialization: original dependency branch not verified,nan,unverified,nan
random,R5_skewed_03,True,net_tie,967.0,generated,nan,unverified,nan,nan,nan,nan,nan,2.4800003302516416e-05,Multiple excess rows after initialization: original dependency branch not verified,nan,unverified,nan
random,R5_skewed_03,True,cap_net_tie,967.0,generated,nan,unverified,nan,nan,nan,nan,nan,2.469999890308827e-05,Multiple excess rows after initialization: original dependency branch not verified,nan,unverified,nan
random,R5_skewed_03,True,top2_completion,967.0,generated,nan,unverified,nan,nan,nan,nan,nan,2.4900000425986946e-05,Multiple excess rows after initialization: original dependency branch not verified,nan,unverified,nan
random,R5_skewed_04,True,baseline,1053.0,generated,nan,unverified,nan,nan,nan,nan,nan,2.519999907235615e-05,Multiple excess rows after initialization: original dependency branch not verified,nan,unverified,nan
random,R5_skewed_04,True,cap_receiver,1053.0,generated,nan,unverified,nan,nan,nan,nan,nan,2.5200002710334957e-05,Multiple excess rows after initialization: original dependency branch not verified,nan,unverified,nan
random,R5_skewed_04,True,net_tie,1053.0,generated,nan,unverified,nan,nan,nan,nan,nan,2.479999966453761e-05,Multiple excess rows after initialization: original dependency branch not verified,nan,unverified,nan
random,R5_skewed_04,True,cap_net_tie,1053.0,generated,nan,unverified,nan,nan,nan,nan,nan,2.5000001187436283e-05,Multiple excess rows after initialization: original dependency branch not verified,nan,unverified,nan
random,R5_skewed_04,True,top2_completion,1053.0,generated,nan,unverified,nan,nan,nan,nan,nan,2.5000001187436283e-05,Multiple excess rows after initialization: original dependency branch not verified,nan,unverified,nan
random,R5_skewed_05,True,baseline,962.0,generated,nan,unverified,nan,nan,nan,nan,nan,2.5099998310906813e-05,Multiple excess rows after initialization: original dependency branch not verified,nan,unverified,nan
random,R5_skewed_05,True,cap_receiver,962.0,generated,nan,unverified,nan,nan,nan,nan,nan,2.5000001187436283e-05,Multiple excess rows after initialization: original dependency branch not verified,nan,unverified,nan
random,R5_skewed_05,True,net_tie,962.0,generated,nan,unverified,nan,nan,nan,nan,nan,2.4900000425986946e-05,Multiple excess rows after initialization: original dependency branch not verified,nan,unverified,nan
random,R5_skewed_05,True,cap_net_tie,962.0,generated,nan,unverified,nan,nan,nan,nan,nan,2.680000034160912e-05,Multiple excess rows after initialization: original dependency branch not verified,nan,unverified,nan
random,R5_skewed_05,True,top2_completion,962.0,generated,nan,unverified,nan,nan,nan,nan,nan,2.4600001779617742e-05,Multiple excess rows after initialization: original dependency branch not verified,nan,unverified,nan
random,R5_skewed_06,True,baseline,2018.0,generated,nan,unverified,nan,nan,nan,nan,nan,2.5400000595254824e-05,Multiple excess rows after initialization: original dependency branch not verified,nan,unverified,nan
random,R5_skewed_06,True,cap_receiver,2018.0,generated,nan,unverified,nan,nan,nan,nan,nan,2.479999966453761e-05,Multiple excess rows after initialization: original dependency branch not verified,nan,unverified,nan
random,R5_skewed_06,True,net_tie,2018.0,generated,nan,unverified,nan,nan,nan,nan,nan,2.5000001187436283e-05,Multiple excess rows after initialization: original dependency branch not verified,nan,unverified,nan
random,R5_skewed_06,True,cap_net_tie,2018.0,generated,nan,unverified,nan,nan,nan,nan,nan,2.4900000425986946e-05,Multiple excess rows after initialization: original dependency branch not verified,nan,unverified,nan
random,R5_skewed_06,True,top2_completion,2018.0,generated,nan,unverified,nan,nan,nan,nan,nan,2.479999966453761e-05,Multiple excess rows after initialization: original dependency branch not verified,nan,unverified,nan
random,R5_skewed_07,True,baseline,676.0,generated,nan,unverified,nan,nan,nan,nan,nan,2.4900000425986946e-05,Multiple excess rows after initialization: original dependency branch not verified,nan,unverified,nan
random,R5_skewed_07,True,cap_receiver,676.0,generated,nan,unverified,nan,nan,nan,nan,nan,2.469999890308827e-05,Multiple excess rows after initialization: original dependency branch not verified,nan,unverified,nan
random,R5_skewed_07,True,net_tie,676.0,generated,nan,unverified,nan,nan,nan,nan,nan,2.4800003302516416e-05,Multiple excess rows after initialization: original dependency branch not verified,nan,unverified,nan
random,R5_skewed_07,True,cap_net_tie,676.0,generated,nan,unverified,nan,nan,nan,nan,nan,2.4499997380189598e-05,Multiple excess rows after initialization: original dependency branch not verified,nan,unverified,nan
random,R5_skewed_07,True,top2_completion,676.0,generated,nan,unverified,nan,nan,nan,nan,nan,2.469999890308827e-05,Multiple excess rows after initialization: original dependency branch not verified,nan,unverified,nan
random,R5_skewed_08,True,baseline,1775.0,generated,nan,unverified,nan,nan,nan,nan,nan,2.479999966453761e-05,Multiple excess rows after initialization: original dependency branch not verified,nan,unverified,nan
random,R5_skewed_08,True,cap_receiver,1775.0,generated,nan,unverified,nan,nan,nan,nan,nan,2.4900000425986946e-05,Multiple excess rows after initialization: original dependency branch not verified,nan,unverified,nan
random,R5_skewed_08,True,net_tie,1775.0,generated,nan,unverified,nan,nan,nan,nan,nan,2.469999890308827e-05,Multiple excess rows after initialization: original dependency branch not verified,nan,unverified,nan
random,R5_skewed_08,True,cap_net_tie,1775.0,generated,nan,unverified,nan,nan,nan,nan,nan,2.5000001187436283e-05,Multiple excess rows after initialization: original dependency branch not verified,nan,unverified,nan
random,R5_skewed_08,True,top2_completion,1775.0,generated,nan,unverified,nan,nan,nan,nan,nan,2.479999966453761e-05,Multiple excess rows after initialization: original dependency branch not verified,nan,unverified,nan
random,R5_skewed_09,True,baseline,1565.0,generated,nan,unverified,nan,nan,nan,nan,nan,2.470000254106708e-05,Multiple excess rows after initialization: original dependency branch not verified,nan,unverified,nan
random,R5_skewed_09,True,cap_receiver,1565.0,generated,nan,unverified,nan,nan,nan,nan,nan,2.469999890308827e-05,Multiple excess rows after initialization: original dependency branch not verified,nan,unverified,nan
random,R5_skewed_09,True,net_tie,1565.0,generated,nan,unverified,nan,nan,nan,nan,nan,2.5200002710334957e-05,Multiple excess rows after initialization: original dependency branch not verified,nan,unverified,nan
random,R5_skewed_09,True,cap_net_tie,1565.0,generated,nan,unverified,nan,nan,nan,nan,nan,2.479999966453761e-05,Multiple excess rows after initialization: original dependency branch not verified,nan,unverified,nan
random,R5_skewed_09,True,top2_completion,1565.0,generated,nan,unverified,nan,nan,nan,nan,nan,2.4900000425986946e-05,Multiple excess rows after initialization: original dependency branch not verified,nan,unverified,nan
random,R5_skewed_10,True,baseline,793.0,generated,nan,unverified,nan,nan,nan,nan,nan,2.4900000425986946e-05,Multiple excess rows after initialization: original dependency branch not verified,nan,unverified,nan
random,R5_skewed_10,True,cap_receiver,793.0,generated,nan,unverified,nan,nan,nan,nan,nan,2.479999966453761e-05,Multiple excess rows after initialization: original dependency branch not verified,nan,unverified,nan
random,R5_skewed_10,True,net_tie,793.0,generated,nan,unverified,nan,nan,nan,nan,nan,2.479999966453761e-05,Multiple excess rows after initialization: original dependency branch not verified,nan,unverified,nan
random,R5_skewed_10,True,cap_net_tie,793.0,generated,nan,unverified,nan,nan,nan,nan,nan,2.4900000425986946e-05,Multiple excess rows after initialization: original dependency branch not verified,nan,unverified,nan
random,R5_skewed_10,True,top2_completion,793.0,generated,nan,unverified,nan,nan,nan,nan,nan,2.479999966453761e-05,Multiple excess rows after initialization: original dependency branch not verified,nan,unverified,nan
random,R5_skewed_11,True,baseline,1422.0,generated,nan,unverified,nan,nan,nan,nan,nan,2.4999997549457476e-05,Multiple excess rows after initialization: original dependency branch not verified,nan,unverified,nan
random,R5_skewed_11,True,cap_receiver,1422.0,generated,nan,unverified,nan,nan,nan,nan,nan,2.4999997549457476e-05,Multiple excess rows after initialization: original dependency branch not verified,nan,unverified,nan
random,R5_skewed_11,True,net_tie,1422.0,generated,nan,unverified,nan,nan,nan,nan,nan,2.489999678800814e-05,Multiple excess rows after initialization: original dependency branch not verified,nan,unverified,nan
random,R5_skewed_11,True,cap_net_tie,1422.0,generated,nan,unverified,nan,nan,nan,nan,nan,2.4999997549457476e-05,Multiple excess rows after initialization: original dependency branch not verified,nan,unverified,nan
random,R5_skewed_11,True,top2_completion,1422.0,generated,nan,unverified,nan,nan,nan,nan,nan,2.469999890308827e-05,Multiple excess rows after initialization: original dependency branch not verified,nan,unverified,nan
random,R5_skewed_12,True,baseline,1120.0,generated,nan,unverified,nan,nan,nan,nan,nan,2.479999966453761e-05,Multiple excess rows after initialization: original dependency branch not verified,nan,unverified,nan
random,R5_skewed_12,True,cap_receiver,1120.0,generated,nan,unverified,nan,nan,nan,nan,nan,2.4900000425986946e-05,Multiple excess rows after initialization: original dependency branch not verified,nan,unverified,nan
random,R5_skewed_12,True,net_tie,1120.0,generated,nan,unverified,nan,nan,nan,nan,nan,2.4900000425986946e-05,Multiple excess rows after initialization: original dependency branch not verified,nan,unverified,nan
random,R5_skewed_12,True,cap_net_tie,1120.0,generated,nan,unverified,nan,nan,nan,nan,nan,2.5099998310906813e-05,Multiple excess rows after initialization: original dependency branch not verified,nan,unverified,nan
random,R5_skewed_12,True,top2_completion,1120.0,generated,nan,unverified,nan,nan,nan,nan,nan,2.4900000425986946e-05,Multiple excess rows after initialization: original dependency branch not verified,nan,unverified,nan
random,R5_skewed_13,True,baseline,3547.0,generated,4015.0,ok,True,468.0,13.194248660840147,88.34371108343711,False,0.00019379999866941944,nan,4015.0,ok,0.0
random,R5_skewed_13,True,cap_receiver,3547.0,generated,4265.0,ok,True,718.0,20.242458415562446,83.16529894490036,False,0.000180200000613695,nan,4015.0,ok,-250.0
random,R5_skewed_13,True,net_tie,3547.0,generated,4015.0,ok,True,468.0,13.194248660840147,88.34371108343711,False,0.0002027000009547919,nan,4015.0,ok,0.0
random,R5_skewed_13,True,cap_net_tie,3547.0,generated,4265.0,ok,True,718.0,20.242458415562446,83.16529894490036,False,0.00017469999875174835,nan,4015.0,ok,-250.0
random,R5_skewed_13,True,top2_completion,3547.0,generated,3547.0,ok,True,0.0,0.0,100.0,True,0.0008516999987477902,nan,4015.0,ok,468.0
random,R5_skewed_14,True,baseline,2497.0,generated,2497.0,ok,True,0.0,0.0,100.0,True,0.00046799999836366624,nan,2497.0,ok,0.0
random,R5_skewed_14,True,cap_receiver,2497.0,generated,3953.0,ok,True,1456.0,58.30997196635963,63.16721477358968,False,0.00017560000196681358,nan,2497.0,ok,-1456.0
random,R5_skewed_14,True,net_tie,2497.0,generated,2497.0,ok,True,0.0,0.0,100.0,True,0.00024370000028284267,nan,2497.0,ok,0.0
random,R5_skewed_14,True,cap_net_tie,2497.0,generated,3953.0,ok,True,1456.0,58.30997196635963,63.16721477358968,False,0.00018280000222148374,nan,2497.0,ok,-1456.0
random,R5_skewed_14,True,top2_completion,2497.0,generated,2497.0,ok,True,0.0,0.0,100.0,True,0.0011449000012362376,nan,2497.0,ok,0.0
random,R5_skewed_15,True,baseline,1134.0,generated,nan,unverified,nan,nan,nan,nan,nan,0.00014870000086375512,Multiple excess rows reached; no invented selection rule,nan,unverified,nan
random,R5_skewed_15,True,cap_receiver,1134.0,generated,1743.0,ok,True,609.0,53.7037037037037,65.06024096385542,False,0.0002922000021499116,nan,nan,unverified,nan
random,R5_skewed_15,True,net_tie,1134.0,generated,nan,unverified,nan,nan,nan,nan,nan,0.00015889999849605374,Multiple excess rows reached; no invented selection rule,nan,unverified,nan
random,R5_skewed_15,True,cap_net_tie,1134.0,generated,1743.0,ok,True,609.0,53.7037037037037,65.06024096385542,False,0.00015329999951063655,nan,nan,unverified,nan
random,R5_skewed_15,True,top2_completion,1134.0,generated,nan,unverified,nan,nan,nan,nan,nan,0.00015740000162622891,Multiple excess rows reached; no invented selection rule,nan,unverified,nan
random,R5_skewed_16,True,baseline,1332.0,generated,1467.0,ok,True,135.0,10.135135135135135,90.79754601226993,False,0.00046020000081625767,nan,1467.0,ok,0.0
random,R5_skewed_16,True,cap_receiver,1332.0,generated,1467.0,ok,True,135.0,10.135135135135135,90.79754601226993,False,0.00017590000061318278,nan,1467.0,ok,0.0
random,R5_skewed_16,True,net_tie,1332.0,generated,1467.0,ok,True,135.0,10.135135135135135,90.79754601226993,False,0.00035489999936544336,nan,1467.0,ok,0.0
random,R5_skewed_16,True,cap_net_tie,1332.0,generated,1467.0,ok,True,135.0,10.135135135135135,90.79754601226993,False,0.00017529999968246557,nan,1467.0,ok,0.0
random,R5_skewed_16,True,top2_completion,1332.0,generated,1332.0,ok,True,0.0,0.0,100.0,True,0.000863299999764422,nan,1467.0,ok,135.0
random,R5_skewed_17,True,baseline,1808.0,generated,2424.0,ok,True,616.0,34.07079646017699,74.58745874587459,False,0.00022060000264900737,nan,2424.0,ok,0.0
random,R5_skewed_17,True,cap_receiver,1808.0,generated,3556.0,ok,True,1748.0,96.68141592920354,50.843644544431946,False,0.00018709999858401716,nan,2424.0,ok,-1132.0
random,R5_skewed_17,True,net_tie,1808.0,generated,nan,unverified,nan,nan,nan,nan,nan,0.0001269999993382953,Multiple excess rows reached; no invented selection rule,2424.0,ok,nan
random,R5_skewed_17,True,cap_net_tie,1808.0,generated,3556.0,ok,True,1748.0,96.68141592920354,50.843644544431946,False,0.0001630000006116461,nan,2424.0,ok,-1132.0
random,R5_skewed_17,True,top2_completion,1808.0,generated,nan,unverified,nan,nan,nan,nan,nan,0.0004673000003094785,Multiple excess rows reached; no invented selection rule,2424.0,ok,nan
random,R5_skewed_18,True,baseline,616.0,generated,nan,unverified,nan,nan,nan,nan,nan,3.310000101919286e-05,Multiple excess rows after initialization: original dependency branch not verified,nan,unverified,nan
random,R5_skewed_18,True,cap_receiver,616.0,generated,nan,unverified,nan,nan,nan,nan,nan,3.0499999411404133e-05,Multiple excess rows after initialization: original dependency branch not verified,nan,unverified,nan
random,R5_skewed_18,True,net_tie,616.0,generated,nan,unverified,nan,nan,nan,nan,nan,2.519999907235615e-05,Multiple excess rows after initialization: original dependency branch not verified,nan,unverified,nan
random,R5_skewed_18,True,cap_net_tie,616.0,generated,nan,unverified,nan,nan,nan,nan,nan,2.479999966453761e-05,Multiple excess rows after initialization: original dependency branch not verified,nan,unverified,nan
random,R5_skewed_18,True,top2_completion,616.0,generated,nan,unverified,nan,nan,nan,nan,nan,2.4600001779617742e-05,Multiple excess rows after initialization: original dependency branch not verified,nan,unverified,nan
random,R5_skewed_19,True,baseline,2315.0,generated,nan,unverified,nan,nan,nan,nan,nan,2.4900000425986946e-05,Multiple excess rows after initialization: original dependency branch not verified,nan,unverified,nan
random,R5_skewed_19,True,cap_receiver,2315.0,generated,nan,unverified,nan,nan,nan,nan,nan,2.640000093379058e-05,Multiple excess rows after initialization: original dependency branch not verified,nan,unverified,nan
random,R5_skewed_19,True,net_tie,2315.0,generated,nan,unverified,nan,nan,nan,nan,nan,2.479999966453761e-05,Multiple excess rows after initialization: original dependency branch not verified,nan,unverified,nan
random,R5_skewed_19,True,cap_net_tie,2315.0,generated,nan,unverified,nan,nan,nan,nan,nan,2.4500001018168405e-05,Multiple excess rows after initialization: original dependency branch not verified,nan,unverified,nan
random,R5_skewed_19,True,top2_completion,2315.0,generated,nan,unverified,nan,nan,nan,nan,nan,2.470000254106708e-05,Multiple excess rows after initialization: original dependency branch not verified,nan,unverified,nan
random,R6_uniform_00,True,baseline,11476.0,generated,nan,unverified,nan,nan,nan,nan,nan,2.9299997549969703e-05,Multiple excess rows after initialization: original dependency branch not verified,nan,unverified,nan
random,R6_uniform_00,True,cap_receiver,11476.0,generated,nan,unverified,nan,nan,nan,nan,nan,2.6699999580159783e-05,Multiple excess rows after initialization: original dependency branch not verified,nan,unverified,nan
random,R6_uniform_00,True,net_tie,11476.0,generated,nan,unverified,nan,nan,nan,nan,nan,2.680000034160912e-05,Multiple excess rows after initialization: original dependency branch not verified,nan,unverified,nan
random,R6_uniform_00,True,cap_net_tie,11476.0,generated,nan,unverified,nan,nan,nan,nan,nan,2.670000321813859e-05,Multiple excess rows after initialization: original dependency branch not verified,nan,unverified,nan
random,R6_uniform_00,True,top2_completion,11476.0,generated,nan,unverified,nan,nan,nan,nan,nan,2.680000034160912e-05,Multiple excess rows after initialization: original dependency branch not verified,nan,unverified,nan
random,R6_uniform_01,True,baseline,7380.0,generated,nan,unverified,nan,nan,nan,nan,nan,2.670000321813859e-05,Multiple excess rows after initialization: original dependency branch not verified,nan,unverified,nan
random,R6_uniform_01,True,cap_receiver,7380.0,generated,nan,unverified,nan,nan,nan,nan,nan,2.6399997295811772e-05,Multiple excess rows after initialization: original dependency branch not verified,nan,unverified,nan
random,R6_uniform_01,True,net_tie,7380.0,generated,nan,unverified,nan,nan,nan,nan,nan,2.6399997295811772e-05,Multiple excess rows after initialization: original dependency branch not verified,nan,unverified,nan
random,R6_uniform_01,True,cap_net_tie,7380.0,generated,nan,unverified,nan,nan,nan,nan,nan,2.6599998818710446e-05,Multiple excess rows after initialization: original dependency branch not verified,nan,unverified,nan
random,R6_uniform_01,True,top2_completion,7380.0,generated,nan,unverified,nan,nan,nan,nan,nan,2.6500001695239916e-05,Multiple excess rows after initialization: original dependency branch not verified,nan,unverified,nan
random,R6_uniform_02,True,baseline,3464.0,generated,nan,unverified,nan,nan,nan,nan,nan,2.6699999580159783e-05,Multiple excess rows after initialization: original dependency branch not verified,nan,unverified,nan
random,R6_uniform_02,True,cap_receiver,3464.0,generated,nan,unverified,nan,nan,nan,nan,nan,2.6599998818710446e-05,Multiple excess rows after initialization: original dependency branch not verified,nan,unverified,nan
random,R6_uniform_02,True,net_tie,3464.0,generated,nan,unverified,nan,nan,nan,nan,nan,2.670000321813859e-05,Multiple excess rows after initialization: original dependency branch not verified,nan,unverified,nan
random,R6_uniform_02,True,cap_net_tie,3464.0,generated,nan,unverified,nan,nan,nan,nan,nan,2.6300000172341242e-05,Multiple excess rows after initialization: original dependency branch not verified,nan,unverified,nan
random,R6_uniform_02,True,top2_completion,3464.0,generated,nan,unverified,nan,nan,nan,nan,nan,2.6599998818710446e-05,Multiple excess rows after initialization: original dependency branch not verified,nan,unverified,nan
random,R6_uniform_03,True,baseline,8691.0,generated,nan,unverified,nan,nan,nan,nan,nan,2.6799996703630313e-05,Multiple excess rows after initialization: original dependency branch not verified,nan,unverified,nan
random,R6_uniform_03,True,cap_receiver,8691.0,generated,nan,unverified,nan,nan,nan,nan,nan,2.689999746507965e-05,Multiple excess rows after initialization: original dependency branch not verified,nan,unverified,nan
random,R6_uniform_03,True,net_tie,8691.0,generated,nan,unverified,nan,nan,nan,nan,nan,2.6399997295811772e-05,Multiple excess rows after initialization: original dependency branch not verified,nan,unverified,nan
random,R6_uniform_03,True,cap_net_tie,8691.0,generated,nan,unverified,nan,nan,nan,nan,nan,2.670000321813859e-05,Multiple excess rows after initialization: original dependency branch not verified,nan,unverified,nan
random,R6_uniform_03,True,top2_completion,8691.0,generated,nan,unverified,nan,nan,nan,nan,nan,2.649999805726111e-05,Multiple excess rows after initialization: original dependency branch not verified,nan,unverified,nan
random,R6_uniform_04,True,baseline,15207.0,generated,15207.0,ok,True,0.0,0.0,100.0,True,0.0002195999986724928,nan,15207.0,ok,0.0
random,R6_uniform_04,True,cap_receiver,15207.0,generated,16179.0,ok,True,972.0,6.391793253107122,93.99221212683108,False,0.00018039999849861488,nan,15207.0,ok,-972.0
random,R6_uniform_04,True,net_tie,15207.0,generated,15207.0,ok,True,0.0,0.0,100.0,True,0.00022950000129640102,nan,15207.0,ok,0.0
random,R6_uniform_04,True,cap_net_tie,15207.0,generated,16179.0,ok,True,972.0,6.391793253107122,93.99221212683108,False,0.00016390000018873252,nan,15207.0,ok,-972.0
random,R6_uniform_04,True,top2_completion,15207.0,generated,15207.0,ok,True,0.0,0.0,100.0,True,0.0011725000003934838,nan,15207.0,ok,0.0
random,R6_uniform_05,True,baseline,9281.0,generated,nan,unverified,nan,nan,nan,nan,nan,0.0005258000019239262,Multiple excess rows after initialization: original dependency branch not verified,nan,unverified,nan
random,R6_uniform_05,True,cap_receiver,9281.0,generated,nan,unverified,nan,nan,nan,nan,nan,4.1799998143687844e-05,Multiple excess rows after initialization: original dependency branch not verified,nan,unverified,nan
random,R6_uniform_05,True,net_tie,9281.0,generated,nan,unverified,nan,nan,nan,nan,nan,3.229999856557697e-05,Multiple excess rows after initialization: original dependency branch not verified,nan,unverified,nan
random,R6_uniform_05,True,cap_net_tie,9281.0,generated,nan,unverified,nan,nan,nan,nan,nan,3.079999805777334e-05,Multiple excess rows after initialization: original dependency branch not verified,nan,unverified,nan
random,R6_uniform_05,True,top2_completion,9281.0,generated,nan,unverified,nan,nan,nan,nan,nan,2.8700000257231295e-05,Multiple excess rows after initialization: original dependency branch not verified,nan,unverified,nan
random,R6_uniform_06,True,baseline,8111.0,generated,nan,unverified,nan,nan,nan,nan,nan,2.8700000257231295e-05,Multiple excess rows after initialization: original dependency branch not verified,nan,unverified,nan
random,R6_uniform_06,True,cap_receiver,8111.0,generated,nan,unverified,nan,nan,nan,nan,nan,2.8599999495781958e-05,Multiple excess rows after initialization: original dependency branch not verified,nan,unverified,nan
random,R6_uniform_06,True,net_tie,8111.0,generated,nan,unverified,nan,nan,nan,nan,nan,3.269999797339551e-05,Multiple excess rows after initialization: original dependency branch not verified,nan,unverified,nan
random,R6_uniform_06,True,cap_net_tie,8111.0,generated,nan,unverified,nan,nan,nan,nan,nan,2.840000161086209e-05,Multiple excess rows after initialization: original dependency branch not verified,nan,unverified,nan
random,R6_uniform_06,True,top2_completion,8111.0,generated,nan,unverified,nan,nan,nan,nan,nan,2.8200000087963417e-05,Multiple excess rows after initialization: original dependency branch not verified,nan,unverified,nan
random,R6_uniform_07,True,baseline,11899.0,generated,nan,unverified,nan,nan,nan,nan,nan,2.8800001018680632e-05,Multiple excess rows after initialization: original dependency branch not verified,nan,unverified,nan
random,R6_uniform_07,True,cap_receiver,11899.0,generated,nan,unverified,nan,nan,nan,nan,nan,2.8399997972883284e-05,Multiple excess rows after initialization: original dependency branch not verified,nan,unverified,nan
random,R6_uniform_07,True,net_tie,11899.0,generated,nan,unverified,nan,nan,nan,nan,nan,0.00021380000180215575,Multiple excess rows after initialization: original dependency branch not verified,nan,unverified,nan
random,R6_uniform_07,True,cap_net_tie,11899.0,generated,nan,unverified,nan,nan,nan,nan,nan,2.9900002118665725e-05,Multiple excess rows after initialization: original dependency branch not verified,nan,unverified,nan
random,R6_uniform_07,True,top2_completion,11899.0,generated,nan,unverified,nan,nan,nan,nan,nan,2.8500002372311428e-05,Multiple excess rows after initialization: original dependency branch not verified,nan,unverified,nan
random,R6_uniform_08,True,baseline,8793.0,generated,nan,unverified,nan,nan,nan,nan,nan,2.89999989036005e-05,Multiple excess rows after initialization: original dependency branch not verified,nan,unverified,nan
random,R6_uniform_08,True,cap_receiver,8793.0,generated,nan,unverified,nan,nan,nan,nan,nan,2.849999873433262e-05,Multiple excess rows after initialization: original dependency branch not verified,nan,unverified,nan
random,R6_uniform_08,True,net_tie,8793.0,generated,nan,unverified,nan,nan,nan,nan,nan,2.840000161086209e-05,Multiple excess rows after initialization: original dependency branch not verified,nan,unverified,nan
random,R6_uniform_08,True,cap_net_tie,8793.0,generated,nan,unverified,nan,nan,nan,nan,nan,2.8300000849412754e-05,Multiple excess rows after initialization: original dependency branch not verified,nan,unverified,nan
random,R6_uniform_08,True,top2_completion,8793.0,generated,nan,unverified,nan,nan,nan,nan,nan,2.840000161086209e-05,Multiple excess rows after initialization: original dependency branch not verified,nan,unverified,nan
random,R6_uniform_09,True,baseline,6087.0,generated,nan,unverified,nan,nan,nan,nan,nan,2.8200000087963417e-05,Multiple excess rows after initialization: original dependency branch not verified,nan,unverified,nan
random,R6_uniform_09,True,cap_receiver,6087.0,generated,nan,unverified,nan,nan,nan,nan,nan,2.849999873433262e-05,Multiple excess rows after initialization: original dependency branch not verified,nan,unverified,nan
random,R6_uniform_09,True,net_tie,6087.0,generated,nan,unverified,nan,nan,nan,nan,nan,2.8800001018680632e-05,Multiple excess rows after initialization: original dependency branch not verified,nan,unverified,nan
random,R6_uniform_09,True,cap_net_tie,6087.0,generated,nan,unverified,nan,nan,nan,nan,nan,2.6500001695239916e-05,Multiple excess rows after initialization: original dependency branch not verified,nan,unverified,nan
random,R6_uniform_09,True,top2_completion,6087.0,generated,nan,unverified,nan,nan,nan,nan,nan,2.6300000172341242e-05,Multiple excess rows after initialization: original dependency branch not verified,nan,unverified,nan
random,R6_uniform_10,True,baseline,13368.0,generated,nan,unverified,nan,nan,nan,nan,nan,2.6500001695239916e-05,Multiple excess rows after initialization: original dependency branch not verified,nan,unverified,nan
random,R6_uniform_10,True,cap_receiver,13368.0,generated,nan,unverified,nan,nan,nan,nan,nan,2.649999805726111e-05,Multiple excess rows after initialization: original dependency branch not verified,nan,unverified,nan
random,R6_uniform_10,True,net_tie,13368.0,generated,nan,unverified,nan,nan,nan,nan,nan,2.6199999410891905e-05,Multiple excess rows after initialization: original dependency branch not verified,nan,unverified,nan
random,R6_uniform_10,True,cap_net_tie,13368.0,generated,nan,unverified,nan,nan,nan,nan,nan,2.6300000172341242e-05,Multiple excess rows after initialization: original dependency branch not verified,nan,unverified,nan
random,R6_uniform_10,True,top2_completion,13368.0,generated,nan,unverified,nan,nan,nan,nan,nan,2.649999805726111e-05,Multiple excess rows after initialization: original dependency branch not verified,nan,unverified,nan
random,R6_uniform_11,True,baseline,5020.0,generated,nan,unverified,nan,nan,nan,nan,nan,2.6599998818710446e-05,Multiple excess rows after initialization: original dependency branch not verified,nan,unverified,nan
random,R6_uniform_11,True,cap_receiver,5020.0,generated,nan,unverified,nan,nan,nan,nan,nan,2.640000093379058e-05,Multiple excess rows after initialization: original dependency branch not verified,nan,unverified,nan
random,R6_uniform_11,True,net_tie,5020.0,generated,nan,unverified,nan,nan,nan,nan,nan,2.6500001695239916e-05,Multiple excess rows after initialization: original dependency branch not verified,nan,unverified,nan
random,R6_uniform_11,True,cap_net_tie,5020.0,generated,nan,unverified,nan,nan,nan,nan,nan,2.800000220304355e-05,Multiple excess rows after initialization: original dependency branch not verified,nan,unverified,nan
random,R6_uniform_11,True,top2_completion,5020.0,generated,nan,unverified,nan,nan,nan,nan,nan,2.6599998818710446e-05,Multiple excess rows after initialization: original dependency branch not verified,nan,unverified,nan
random,R6_uniform_12,True,baseline,8814.0,generated,nan,unverified,nan,nan,nan,nan,nan,0.00013389999730861746,Multiple excess rows reached; no invented selection rule,nan,unverified,nan
random,R6_uniform_12,True,cap_receiver,8814.0,generated,9056.0,ok,True,242.0,2.7456319491717722,97.32773851590106,False,0.00023750000036670826,nan,nan,unverified,nan
random,R6_uniform_12,True,net_tie,8814.0,generated,nan,unverified,nan,nan,nan,nan,nan,0.00011330000052112155,Multiple excess rows reached; no invented selection rule,nan,unverified,nan
random,R6_uniform_12,True,cap_net_tie,8814.0,generated,9056.0,ok,True,242.0,2.7456319491717722,97.32773851590106,False,0.00023040000087348744,nan,nan,unverified,nan
random,R6_uniform_12,True,top2_completion,8814.0,generated,nan,unverified,nan,nan,nan,nan,nan,0.00011680000170599669,Multiple excess rows reached; no invented selection rule,nan,unverified,nan
random,R6_uniform_13,True,baseline,7468.0,generated,nan,unverified,nan,nan,nan,nan,nan,3.230000220355578e-05,Multiple excess rows after initialization: original dependency branch not verified,nan,unverified,nan
random,R6_uniform_13,True,cap_receiver,7468.0,generated,nan,unverified,nan,nan,nan,nan,nan,2.7900001441594213e-05,Multiple excess rows after initialization: original dependency branch not verified,nan,unverified,nan
random,R6_uniform_13,True,net_tie,7468.0,generated,nan,unverified,nan,nan,nan,nan,nan,2.8200000087963417e-05,Multiple excess rows after initialization: original dependency branch not verified,nan,unverified,nan
random,R6_uniform_13,True,cap_net_tie,7468.0,generated,nan,unverified,nan,nan,nan,nan,nan,2.7300000510876998e-05,Multiple excess rows after initialization: original dependency branch not verified,nan,unverified,nan
random,R6_uniform_13,True,top2_completion,7468.0,generated,nan,unverified,nan,nan,nan,nan,nan,2.640000093379058e-05,Multiple excess rows after initialization: original dependency branch not verified,nan,unverified,nan
random,R6_uniform_14,True,baseline,10842.0,generated,nan,unverified,nan,nan,nan,nan,nan,2.6599998818710446e-05,Multiple excess rows after initialization: original dependency branch not verified,nan,unverified,nan
random,R6_uniform_14,True,cap_receiver,10842.0,generated,nan,unverified,nan,nan,nan,nan,nan,2.6600002456689253e-05,Multiple excess rows after initialization: original dependency branch not verified,nan,unverified,nan
random,R6_uniform_14,True,net_tie,10842.0,generated,nan,unverified,nan,nan,nan,nan,nan,2.6599998818710446e-05,Multiple excess rows after initialization: original dependency branch not verified,nan,unverified,nan
random,R6_uniform_14,True,cap_net_tie,10842.0,generated,nan,unverified,nan,nan,nan,nan,nan,2.6799996703630313e-05,Multiple excess rows after initialization: original dependency branch not verified,nan,unverified,nan
random,R6_uniform_14,True,top2_completion,10842.0,generated,nan,unverified,nan,nan,nan,nan,nan,2.6399997295811772e-05,Multiple excess rows after initialization: original dependency branch not verified,nan,unverified,nan
random,R6_uniform_15,True,baseline,9720.0,generated,nan,unverified,nan,nan,nan,nan,nan,2.710000262595713e-05,Multiple excess rows after initialization: original dependency branch not verified,nan,unverified,nan
random,R6_uniform_15,True,cap_receiver,9720.0,generated,nan,unverified,nan,nan,nan,nan,nan,2.640000093379058e-05,Multiple excess rows after initialization: original dependency branch not verified,nan,unverified,nan
random,R6_uniform_15,True,net_tie,9720.0,generated,nan,unverified,nan,nan,nan,nan,nan,2.6699999580159783e-05,Multiple excess rows after initialization: original dependency branch not verified,nan,unverified,nan
random,R6_uniform_15,True,cap_net_tie,9720.0,generated,nan,unverified,nan,nan,nan,nan,nan,2.640000093379058e-05,Multiple excess rows after initialization: original dependency branch not verified,nan,unverified,nan
random,R6_uniform_15,True,top2_completion,9720.0,generated,nan,unverified,nan,nan,nan,nan,nan,2.649999805726111e-05,Multiple excess rows after initialization: original dependency branch not verified,nan,unverified,nan
random,R6_uniform_16,True,baseline,6159.0,generated,nan,unverified,nan,nan,nan,nan,nan,2.670000321813859e-05,Multiple excess rows after initialization: original dependency branch not verified,nan,unverified,nan
random,R6_uniform_16,True,cap_receiver,6159.0,generated,nan,unverified,nan,nan,nan,nan,nan,2.6699999580159783e-05,Multiple excess rows after initialization: original dependency branch not verified,nan,unverified,nan
random,R6_uniform_16,True,net_tie,6159.0,generated,nan,unverified,nan,nan,nan,nan,nan,2.6600002456689253e-05,Multiple excess rows after initialization: original dependency branch not verified,nan,unverified,nan
random,R6_uniform_16,True,cap_net_tie,6159.0,generated,nan,unverified,nan,nan,nan,nan,nan,2.7800000680144876e-05,Multiple excess rows after initialization: original dependency branch not verified,nan,unverified,nan
random,R6_uniform_16,True,top2_completion,6159.0,generated,nan,unverified,nan,nan,nan,nan,nan,2.6699999580159783e-05,Multiple excess rows after initialization: original dependency branch not verified,nan,unverified,nan
random,R6_uniform_17,True,baseline,10409.0,generated,nan,unverified,nan,nan,nan,nan,nan,2.6999998226528987e-05,Multiple excess rows after initialization: original dependency branch not verified,nan,unverified,nan
random,R6_uniform_17,True,cap_receiver,10409.0,generated,nan,unverified,nan,nan,nan,nan,nan,2.7000001864507794e-05,Multiple excess rows after initialization: original dependency branch not verified,nan,unverified,nan
random,R6_uniform_17,True,net_tie,10409.0,generated,nan,unverified,nan,nan,nan,nan,nan,2.6999998226528987e-05,Multiple excess rows after initialization: original dependency branch not verified,nan,unverified,nan
random,R6_uniform_17,True,cap_net_tie,10409.0,generated,nan,unverified,nan,nan,nan,nan,nan,2.6900001103058457e-05,Multiple excess rows after initialization: original dependency branch not verified,nan,unverified,nan
random,R6_uniform_17,True,top2_completion,10409.0,generated,nan,unverified,nan,nan,nan,nan,nan,2.6699999580159783e-05,Multiple excess rows after initialization: original dependency branch not verified,nan,unverified,nan
random,R6_uniform_18,True,baseline,5153.0,generated,nan,unverified,nan,nan,nan,nan,nan,4.6299999667098746e-05,Multiple excess rows after initialization: original dependency branch not verified,nan,unverified,nan
random,R6_uniform_18,True,cap_receiver,5153.0,generated,nan,unverified,nan,nan,nan,nan,nan,2.9999999242136255e-05,Multiple excess rows after initialization: original dependency branch not verified,nan,unverified,nan
random,R6_uniform_18,True,net_tie,5153.0,generated,nan,unverified,nan,nan,nan,nan,nan,0.0001483999985794071,Multiple excess rows after initialization: original dependency branch not verified,nan,unverified,nan
random,R6_uniform_18,True,cap_net_tie,5153.0,generated,nan,unverified,nan,nan,nan,nan,nan,3.070000093430281e-05,Multiple excess rows after initialization: original dependency branch not verified,nan,unverified,nan
random,R6_uniform_18,True,top2_completion,5153.0,generated,nan,unverified,nan,nan,nan,nan,nan,3.0300001526484266e-05,Multiple excess rows after initialization: original dependency branch not verified,nan,unverified,nan
random,R6_uniform_19,True,baseline,9948.0,generated,nan,unverified,nan,nan,nan,nan,nan,2.89999989036005e-05,Multiple excess rows after initialization: original dependency branch not verified,nan,unverified,nan
random,R6_uniform_19,True,cap_receiver,9948.0,generated,nan,unverified,nan,nan,nan,nan,nan,2.9099999665049836e-05,Multiple excess rows after initialization: original dependency branch not verified,nan,unverified,nan
random,R6_uniform_19,True,net_tie,9948.0,generated,nan,unverified,nan,nan,nan,nan,nan,2.89999989036005e-05,Multiple excess rows after initialization: original dependency branch not verified,nan,unverified,nan
random,R6_uniform_19,True,cap_net_tie,9948.0,generated,nan,unverified,nan,nan,nan,nan,nan,2.9000002541579306e-05,Multiple excess rows after initialization: original dependency branch not verified,nan,unverified,nan
random,R6_uniform_19,True,top2_completion,9948.0,generated,nan,unverified,nan,nan,nan,nan,nan,2.849999873433262e-05,Multiple excess rows after initialization: original dependency branch not verified,nan,unverified,nan
random,R6_ties_00,True,baseline,946.0,generated,nan,unverified,nan,nan,nan,nan,nan,2.9200000426499173e-05,Multiple excess rows after initialization: original dependency branch not verified,nan,unverified,nan
random,R6_ties_00,True,cap_receiver,946.0,generated,nan,unverified,nan,nan,nan,nan,nan,2.8800001018680632e-05,Multiple excess rows after initialization: original dependency branch not verified,nan,unverified,nan
random,R6_ties_00,True,net_tie,946.0,generated,nan,unverified,nan,nan,nan,nan,nan,2.8700000257231295e-05,Multiple excess rows after initialization: original dependency branch not verified,nan,unverified,nan
random,R6_ties_00,True,cap_net_tie,946.0,generated,nan,unverified,nan,nan,nan,nan,nan,2.9200000426499173e-05,Multiple excess rows after initialization: original dependency branch not verified,nan,unverified,nan
random,R6_ties_00,True,top2_completion,946.0,generated,nan,unverified,nan,nan,nan,nan,nan,2.9499999072868377e-05,Multiple excess rows after initialization: original dependency branch not verified,nan,unverified,nan
random,R6_ties_01,True,baseline,1139.0,generated,nan,unverified,nan,nan,nan,nan,nan,0.00010939999992842786,Multiple excess rows reached; no invented selection rule,nan,unverified,nan
random,R6_ties_01,True,cap_receiver,1139.0,generated,1259.0,ok,True,120.0,10.535557506584723,90.46862589356633,False,0.000628499998128973,nan,nan,unverified,nan
random,R6_ties_01,True,net_tie,1139.0,generated,nan,unverified,nan,nan,nan,nan,nan,0.00012009999772999436,Multiple excess rows reached; no invented selection rule,nan,unverified,nan
random,R6_ties_01,True,cap_net_tie,1139.0,generated,1259.0,ok,True,120.0,10.535557506584723,90.46862589356633,False,0.00041449999844189733,nan,nan,unverified,nan
random,R6_ties_01,True,top2_completion,1139.0,generated,nan,unverified,nan,nan,nan,nan,nan,9.280000085709617e-05,Multiple excess rows reached; no invented selection rule,nan,unverified,nan
random,R6_ties_02,True,baseline,1101.0,generated,nan,unverified,nan,nan,nan,nan,nan,3.870000000461005e-05,Multiple excess rows after initialization: original dependency branch not verified,nan,unverified,nan
random,R6_ties_02,True,cap_receiver,1101.0,generated,nan,unverified,nan,nan,nan,nan,nan,2.8200000087963417e-05,Multiple excess rows after initialization: original dependency branch not verified,nan,unverified,nan
random,R6_ties_02,True,net_tie,1101.0,generated,nan,unverified,nan,nan,nan,nan,nan,2.7400001272326335e-05,Multiple excess rows after initialization: original dependency branch not verified,nan,unverified,nan
random,R6_ties_02,True,cap_net_tie,1101.0,generated,nan,unverified,nan,nan,nan,nan,nan,2.680000034160912e-05,Multiple excess rows after initialization: original dependency branch not verified,nan,unverified,nan
random,R6_ties_02,True,top2_completion,1101.0,generated,nan,unverified,nan,nan,nan,nan,nan,0.00015329999951063655,Multiple excess rows after initialization: original dependency branch not verified,nan,unverified,nan
random,R6_ties_03,True,baseline,777.0,generated,nan,unverified,nan,nan,nan,nan,nan,2.9800001357216388e-05,Multiple excess rows after initialization: original dependency branch not verified,nan,unverified,nan
random,R6_ties_03,True,cap_receiver,777.0,generated,nan,unverified,nan,nan,nan,nan,nan,2.89999989036005e-05,Multiple excess rows after initialization: original dependency branch not verified,nan,unverified,nan
random,R6_ties_03,True,net_tie,777.0,generated,nan,unverified,nan,nan,nan,nan,nan,2.840000161086209e-05,Multiple excess rows after initialization: original dependency branch not verified,nan,unverified,nan
random,R6_ties_03,True,cap_net_tie,777.0,generated,nan,unverified,nan,nan,nan,nan,nan,2.9299997549969703e-05,Multiple excess rows after initialization: original dependency branch not verified,nan,unverified,nan
random,R6_ties_03,True,top2_completion,777.0,generated,nan,unverified,nan,nan,nan,nan,nan,3.0499999411404133e-05,Multiple excess rows after initialization: original dependency branch not verified,nan,unverified,nan
random,R6_ties_04,True,baseline,430.0,generated,nan,unverified,nan,nan,nan,nan,nan,2.970000059576705e-05,Multiple excess rows after initialization: original dependency branch not verified,nan,unverified,nan
random,R6_ties_04,True,cap_receiver,430.0,generated,nan,unverified,nan,nan,nan,nan,nan,2.930000118794851e-05,Multiple excess rows after initialization: original dependency branch not verified,nan,unverified,nan
random,R6_ties_04,True,net_tie,430.0,generated,nan,unverified,nan,nan,nan,nan,nan,2.9200000426499173e-05,Multiple excess rows after initialization: original dependency branch not verified,nan,unverified,nan
random,R6_ties_04,True,cap_net_tie,430.0,generated,nan,unverified,nan,nan,nan,nan,nan,2.8599999495781958e-05,Multiple excess rows after initialization: original dependency branch not verified,nan,unverified,nan
random,R6_ties_04,True,top2_completion,430.0,generated,nan,unverified,nan,nan,nan,nan,nan,2.8599999495781958e-05,Multiple excess rows after initialization: original dependency branch not verified,nan,unverified,nan
random,R6_ties_05,True,baseline,734.0,generated,nan,unverified,nan,nan,nan,nan,nan,2.9000002541579306e-05,Multiple excess rows after initialization: original dependency branch not verified,nan,unverified,nan
random,R6_ties_05,True,cap_receiver,734.0,generated,nan,unverified,nan,nan,nan,nan,nan,2.970000059576705e-05,Multiple excess rows after initialization: original dependency branch not verified,nan,unverified,nan
random,R6_ties_05,True,net_tie,734.0,generated,nan,unverified,nan,nan,nan,nan,nan,3.0399998649954796e-05,Multiple excess rows after initialization: original dependency branch not verified,nan,unverified,nan
random,R6_ties_05,True,cap_net_tie,734.0,generated,nan,unverified,nan,nan,nan,nan,nan,3.0100000003585592e-05,Multiple excess rows after initialization: original dependency branch not verified,nan,unverified,nan
random,R6_ties_05,True,top2_completion,734.0,generated,nan,unverified,nan,nan,nan,nan,nan,2.8700000257231295e-05,Multiple excess rows after initialization: original dependency branch not verified,nan,unverified,nan
random,R6_ties_06,True,baseline,912.0,generated,nan,unverified,nan,nan,nan,nan,nan,3.099999958067201e-05,Multiple excess rows after initialization: original dependency branch not verified,nan,unverified,nan
random,R6_ties_06,True,cap_receiver,912.0,generated,nan,unverified,nan,nan,nan,nan,nan,2.8799997380701825e-05,Multiple excess rows after initialization: original dependency branch not verified,nan,unverified,nan
random,R6_ties_06,True,net_tie,912.0,generated,nan,unverified,nan,nan,nan,nan,nan,0.00011089999679825269,Multiple excess rows after initialization: original dependency branch not verified,nan,unverified,nan
random,R6_ties_06,True,cap_net_tie,912.0,generated,nan,unverified,nan,nan,nan,nan,nan,5.0400001782691106e-05,Multiple excess rows after initialization: original dependency branch not verified,nan,unverified,nan
random,R6_ties_06,True,top2_completion,912.0,generated,nan,unverified,nan,nan,nan,nan,nan,3.3799999073380604e-05,Multiple excess rows after initialization: original dependency branch not verified,nan,unverified,nan
random,R6_ties_07,True,baseline,1279.0,generated,nan,unverified,nan,nan,nan,nan,nan,3.0300001526484266e-05,Multiple excess rows after initialization: original dependency branch not verified,nan,unverified,nan
random,R6_ties_07,True,cap_receiver,1279.0,generated,nan,unverified,nan,nan,nan,nan,nan,2.9500002710847184e-05,Multiple excess rows after initialization: original dependency branch not verified,nan,unverified,nan
random,R6_ties_07,True,net_tie,1279.0,generated,nan,unverified,nan,nan,nan,nan,nan,2.8799997380701825e-05,Multiple excess rows after initialization: original dependency branch not verified,nan,unverified,nan
random,R6_ties_07,True,cap_net_tie,1279.0,generated,nan,unverified,nan,nan,nan,nan,nan,2.9200000426499173e-05,Multiple excess rows after initialization: original dependency branch not verified,nan,unverified,nan
random,R6_ties_07,True,top2_completion,1279.0,generated,nan,unverified,nan,nan,nan,nan,nan,2.9099999665049836e-05,Multiple excess rows after initialization: original dependency branch not verified,nan,unverified,nan
random,R6_ties_08,True,baseline,819.0,generated,nan,unverified,nan,nan,nan,nan,nan,2.89999989036005e-05,Multiple excess rows after initialization: original dependency branch not verified,nan,unverified,nan
random,R6_ties_08,True,cap_receiver,819.0,generated,nan,unverified,nan,nan,nan,nan,nan,2.9099999665049836e-05,Multiple excess rows after initialization: original dependency branch not verified,nan,unverified,nan
random,R6_ties_08,True,net_tie,819.0,generated,nan,unverified,nan,nan,nan,nan,nan,3.099999958067201e-05,Multiple excess rows after initialization: original dependency branch not verified,nan,unverified,nan
random,R6_ties_08,True,cap_net_tie,819.0,generated,nan,unverified,nan,nan,nan,nan,nan,2.89999989036005e-05,Multiple excess rows after initialization: original dependency branch not verified,nan,unverified,nan
random,R6_ties_08,True,top2_completion,819.0,generated,nan,unverified,nan,nan,nan,nan,nan,2.849999873433262e-05,Multiple excess rows after initialization: original dependency branch not verified,nan,unverified,nan
random,R6_ties_09,True,baseline,817.0,generated,nan,unverified,nan,nan,nan,nan,nan,2.9200000426499173e-05,Multiple excess rows after initialization: original dependency branch not verified,nan,unverified,nan
random,R6_ties_09,True,cap_receiver,817.0,generated,nan,unverified,nan,nan,nan,nan,nan,2.8700000257231295e-05,Multiple excess rows after initialization: original dependency branch not verified,nan,unverified,nan
random,R6_ties_09,True,net_tie,817.0,generated,nan,unverified,nan,nan,nan,nan,nan,2.840000161086209e-05,Multiple excess rows after initialization: original dependency branch not verified,nan,unverified,nan
random,R6_ties_09,True,cap_net_tie,817.0,generated,nan,unverified,nan,nan,nan,nan,nan,2.849999873433262e-05,Multiple excess rows after initialization: original dependency branch not verified,nan,unverified,nan
random,R6_ties_09,True,top2_completion,817.0,generated,nan,unverified,nan,nan,nan,nan,nan,2.9499999072868377e-05,Multiple excess rows after initialization: original dependency branch not verified,nan,unverified,nan
random,R6_ties_10,True,baseline,506.0,generated,nan,unverified,nan,nan,nan,nan,nan,2.9200000426499173e-05,Multiple excess rows after initialization: original dependency branch not verified,nan,unverified,nan
random,R6_ties_10,True,cap_receiver,506.0,generated,nan,unverified,nan,nan,nan,nan,nan,2.849999873433262e-05,Multiple excess rows after initialization: original dependency branch not verified,nan,unverified,nan
random,R6_ties_10,True,net_tie,506.0,generated,nan,unverified,nan,nan,nan,nan,nan,2.849999873433262e-05,Multiple excess rows after initialization: original dependency branch not verified,nan,unverified,nan
random,R6_ties_10,True,cap_net_tie,506.0,generated,nan,unverified,nan,nan,nan,nan,nan,2.8600003133760765e-05,Multiple excess rows after initialization: original dependency branch not verified,nan,unverified,nan
random,R6_ties_10,True,top2_completion,506.0,generated,nan,unverified,nan,nan,nan,nan,nan,2.8899998142151162e-05,Multiple excess rows after initialization: original dependency branch not verified,nan,unverified,nan
random,R6_ties_11,True,baseline,1660.0,generated,nan,unverified,nan,nan,nan,nan,nan,2.8899998142151162e-05,Multiple excess rows after initialization: original dependency branch not verified,nan,unverified,nan
random,R6_ties_11,True,cap_receiver,1660.0,generated,nan,unverified,nan,nan,nan,nan,nan,2.8599999495781958e-05,Multiple excess rows after initialization: original dependency branch not verified,nan,unverified,nan
random,R6_ties_11,True,net_tie,1660.0,generated,nan,unverified,nan,nan,nan,nan,nan,2.849999873433262e-05,Multiple excess rows after initialization: original dependency branch not verified,nan,unverified,nan
random,R6_ties_11,True,cap_net_tie,1660.0,generated,nan,unverified,nan,nan,nan,nan,nan,2.8300000849412754e-05,Multiple excess rows after initialization: original dependency branch not verified,nan,unverified,nan
random,R6_ties_11,True,top2_completion,1660.0,generated,nan,unverified,nan,nan,nan,nan,nan,2.8599999495781958e-05,Multiple excess rows after initialization: original dependency branch not verified,nan,unverified,nan
random,R6_ties_12,True,baseline,988.0,generated,nan,unverified,nan,nan,nan,nan,nan,2.8599999495781958e-05,Multiple excess rows after initialization: original dependency branch not verified,nan,unverified,nan
random,R6_ties_12,True,cap_receiver,988.0,generated,nan,unverified,nan,nan,nan,nan,nan,2.8200000087963417e-05,Multiple excess rows after initialization: original dependency branch not verified,nan,unverified,nan
random,R6_ties_12,True,net_tie,988.0,generated,nan,unverified,nan,nan,nan,nan,nan,2.840000161086209e-05,Multiple excess rows after initialization: original dependency branch not verified,nan,unverified,nan
random,R6_ties_12,True,cap_net_tie,988.0,generated,nan,unverified,nan,nan,nan,nan,nan,2.8300000849412754e-05,Multiple excess rows after initialization: original dependency branch not verified,nan,unverified,nan
random,R6_ties_12,True,top2_completion,988.0,generated,nan,unverified,nan,nan,nan,nan,nan,2.8599999495781958e-05,Multiple excess rows after initialization: original dependency branch not verified,nan,unverified,nan
random,R6_ties_13,True,baseline,1259.0,generated,1542.0,ok,True,283.0,22.478157267672756,81.64721141374838,False,0.000370699999621138,nan,1542.0,ok,0.0
random,R6_ties_13,True,cap_receiver,1259.0,generated,1289.0,ok,True,30.0,2.3828435266084194,97.67261442979054,False,0.00022479999825009145,nan,1542.0,ok,253.0
random,R6_ties_13,True,net_tie,1259.0,generated,1542.0,ok,True,283.0,22.478157267672756,81.64721141374838,False,0.00027290000070934184,nan,1542.0,ok,0.0
random,R6_ties_13,True,cap_net_tie,1259.0,generated,1289.0,ok,True,30.0,2.3828435266084194,97.67261442979054,False,0.0003720999993674923,nan,1542.0,ok,253.0
random,R6_ties_13,True,top2_completion,1259.0,generated,1425.0,ok,True,166.0,13.18506751389992,88.35087719298245,False,0.0014119999977992848,nan,1542.0,ok,117.0
random,R6_ties_14,True,baseline,876.0,generated,nan,unverified,nan,nan,nan,nan,nan,5.499999679159373e-05,Multiple excess rows after initialization: original dependency branch not verified,nan,unverified,nan
random,R6_ties_14,True,cap_receiver,876.0,generated,nan,unverified,nan,nan,nan,nan,nan,3.260000084992498e-05,Multiple excess rows after initialization: original dependency branch not verified,nan,unverified,nan
random,R6_ties_14,True,net_tie,876.0,generated,nan,unverified,nan,nan,nan,nan,nan,3.1699997634859756e-05,Multiple excess rows after initialization: original dependency branch not verified,nan,unverified,nan
random,R6_ties_14,True,cap_net_tie,876.0,generated,nan,unverified,nan,nan,nan,nan,nan,2.8600003133760765e-05,Multiple excess rows after initialization: original dependency branch not verified,nan,unverified,nan
random,R6_ties_14,True,top2_completion,876.0,generated,nan,unverified,nan,nan,nan,nan,nan,2.8399997972883284e-05,Multiple excess rows after initialization: original dependency branch not verified,nan,unverified,nan
random,R6_ties_15,True,baseline,928.0,generated,nan,unverified,nan,nan,nan,nan,nan,2.9099999665049836e-05,Multiple excess rows after initialization: original dependency branch not verified,nan,unverified,nan
random,R6_ties_15,True,cap_receiver,928.0,generated,nan,unverified,nan,nan,nan,nan,nan,2.8599999495781958e-05,Multiple excess rows after initialization: original dependency branch not verified,nan,unverified,nan
random,R6_ties_15,True,net_tie,928.0,generated,nan,unverified,nan,nan,nan,nan,nan,2.8599999495781958e-05,Multiple excess rows after initialization: original dependency branch not verified,nan,unverified,nan
random,R6_ties_15,True,cap_net_tie,928.0,generated,nan,unverified,nan,nan,nan,nan,nan,0.00038860000131535344,Multiple excess rows after initialization: original dependency branch not verified,nan,unverified,nan
random,R6_ties_15,True,top2_completion,928.0,generated,nan,unverified,nan,nan,nan,nan,nan,2.979999771923758e-05,Multiple excess rows after initialization: original dependency branch not verified,nan,unverified,nan
random,R6_ties_16,True,baseline,1000.0,generated,nan,unverified,nan,nan,nan,nan,nan,2.9099999665049836e-05,Multiple excess rows after initialization: original dependency branch not verified,nan,unverified,nan
random,R6_ties_16,True,cap_receiver,1000.0,generated,nan,unverified,nan,nan,nan,nan,nan,2.8700000257231295e-05,Multiple excess rows after initialization: original dependency branch not verified,nan,unverified,nan
random,R6_ties_16,True,net_tie,1000.0,generated,nan,unverified,nan,nan,nan,nan,nan,2.8599999495781958e-05,Multiple excess rows after initialization: original dependency branch not verified,nan,unverified,nan
random,R6_ties_16,True,cap_net_tie,1000.0,generated,nan,unverified,nan,nan,nan,nan,nan,2.8800001018680632e-05,Multiple excess rows after initialization: original dependency branch not verified,nan,unverified,nan
random,R6_ties_16,True,top2_completion,1000.0,generated,nan,unverified,nan,nan,nan,nan,nan,2.8799997380701825e-05,Multiple excess rows after initialization: original dependency branch not verified,nan,unverified,nan
random,R6_ties_17,True,baseline,910.0,generated,nan,unverified,nan,nan,nan,nan,nan,2.9899998480686918e-05,Multiple excess rows after initialization: original dependency branch not verified,nan,unverified,nan
random,R6_ties_17,True,cap_receiver,910.0,generated,nan,unverified,nan,nan,nan,nan,nan,2.6500001695239916e-05,Multiple excess rows after initialization: original dependency branch not verified,nan,unverified,nan
random,R6_ties_17,True,net_tie,910.0,generated,nan,unverified,nan,nan,nan,nan,nan,2.6599998818710446e-05,Multiple excess rows after initialization: original dependency branch not verified,nan,unverified,nan
random,R6_ties_17,True,cap_net_tie,910.0,generated,nan,unverified,nan,nan,nan,nan,nan,2.6699999580159783e-05,Multiple excess rows after initialization: original dependency branch not verified,nan,unverified,nan
random,R6_ties_17,True,top2_completion,910.0,generated,nan,unverified,nan,nan,nan,nan,nan,2.7900001441594213e-05,Multiple excess rows after initialization: original dependency branch not verified,nan,unverified,nan
random,R6_ties_18,True,baseline,971.0,generated,nan,unverified,nan,nan,nan,nan,nan,0.000216199998249067,Multiple excess rows after initialization: original dependency branch not verified,nan,unverified,nan
random,R6_ties_18,True,cap_receiver,971.0,generated,nan,unverified,nan,nan,nan,nan,nan,2.939999831141904e-05,Multiple excess rows after initialization: original dependency branch not verified,nan,unverified,nan
random,R6_ties_18,True,net_tie,971.0,generated,nan,unverified,nan,nan,nan,nan,nan,2.849999873433262e-05,Multiple excess rows after initialization: original dependency branch not verified,nan,unverified,nan
random,R6_ties_18,True,cap_net_tie,971.0,generated,nan,unverified,nan,nan,nan,nan,nan,2.8599999495781958e-05,Multiple excess rows after initialization: original dependency branch not verified,nan,unverified,nan
random,R6_ties_18,True,top2_completion,971.0,generated,nan,unverified,nan,nan,nan,nan,nan,2.8399997972883284e-05,Multiple excess rows after initialization: original dependency branch not verified,nan,unverified,nan
random,R6_ties_19,True,baseline,1685.0,generated,nan,unverified,nan,nan,nan,nan,nan,2.89999989036005e-05,Multiple excess rows after initialization: original dependency branch not verified,nan,unverified,nan
random,R6_ties_19,True,cap_receiver,1685.0,generated,nan,unverified,nan,nan,nan,nan,nan,2.8300000849412754e-05,Multiple excess rows after initialization: original dependency branch not verified,nan,unverified,nan
random,R6_ties_19,True,net_tie,1685.0,generated,nan,unverified,nan,nan,nan,nan,nan,2.840000161086209e-05,Multiple excess rows after initialization: original dependency branch not verified,nan,unverified,nan
random,R6_ties_19,True,cap_net_tie,1685.0,generated,nan,unverified,nan,nan,nan,nan,nan,2.8300000849412754e-05,Multiple excess rows after initialization: original dependency branch not verified,nan,unverified,nan
random,R6_ties_19,True,top2_completion,1685.0,generated,nan,unverified,nan,nan,nan,nan,nan,2.849999873433262e-05,Multiple excess rows after initialization: original dependency branch not verified,nan,unverified,nan
random,R6_skewed_00,True,baseline,1429.0,generated,nan,unverified,nan,nan,nan,nan,nan,2.8599999495781958e-05,Multiple excess rows after initialization: original dependency branch not verified,nan,unverified,nan
random,R6_skewed_00,True,cap_receiver,1429.0,generated,nan,unverified,nan,nan,nan,nan,nan,2.6699999580159783e-05,Multiple excess rows after initialization: original dependency branch not verified,nan,unverified,nan
random,R6_skewed_00,True,net_tie,1429.0,generated,nan,unverified,nan,nan,nan,nan,nan,2.6699999580159783e-05,Multiple excess rows after initialization: original dependency branch not verified,nan,unverified,nan
random,R6_skewed_00,True,cap_net_tie,1429.0,generated,nan,unverified,nan,nan,nan,nan,nan,3.5300003219163045e-05,Multiple excess rows after initialization: original dependency branch not verified,nan,unverified,nan
random,R6_skewed_00,True,top2_completion,1429.0,generated,nan,unverified,nan,nan,nan,nan,nan,2.779999704216607e-05,Multiple excess rows after initialization: original dependency branch not verified,nan,unverified,nan
random,R6_skewed_01,True,baseline,992.0,generated,nan,unverified,nan,nan,nan,nan,nan,2.710000262595713e-05,Multiple excess rows after initialization: original dependency branch not verified,nan,unverified,nan
random,R6_skewed_01,True,cap_receiver,992.0,generated,nan,unverified,nan,nan,nan,nan,nan,2.689999746507965e-05,Multiple excess rows after initialization: original dependency branch not verified,nan,unverified,nan
random,R6_skewed_01,True,net_tie,992.0,generated,nan,unverified,nan,nan,nan,nan,nan,2.6900001103058457e-05,Multiple excess rows after initialization: original dependency branch not verified,nan,unverified,nan
random,R6_skewed_01,True,cap_net_tie,992.0,generated,nan,unverified,nan,nan,nan,nan,nan,2.6699999580159783e-05,Multiple excess rows after initialization: original dependency branch not verified,nan,unverified,nan
random,R6_skewed_01,True,top2_completion,992.0,generated,nan,unverified,nan,nan,nan,nan,nan,2.680000034160912e-05,Multiple excess rows after initialization: original dependency branch not verified,nan,unverified,nan
random,R6_skewed_02,True,baseline,2201.0,generated,nan,unverified,nan,nan,nan,nan,nan,2.729999687289819e-05,Multiple excess rows after initialization: original dependency branch not verified,nan,unverified,nan
random,R6_skewed_02,True,cap_receiver,2201.0,generated,nan,unverified,nan,nan,nan,nan,nan,2.6699999580159783e-05,Multiple excess rows after initialization: original dependency branch not verified,nan,unverified,nan
random,R6_skewed_02,True,net_tie,2201.0,generated,nan,unverified,nan,nan,nan,nan,nan,2.640000093379058e-05,Multiple excess rows after initialization: original dependency branch not verified,nan,unverified,nan
random,R6_skewed_02,True,cap_net_tie,2201.0,generated,nan,unverified,nan,nan,nan,nan,nan,2.640000093379058e-05,Multiple excess rows after initialization: original dependency branch not verified,nan,unverified,nan
random,R6_skewed_02,True,top2_completion,2201.0,generated,nan,unverified,nan,nan,nan,nan,nan,2.6599998818710446e-05,Multiple excess rows after initialization: original dependency branch not verified,nan,unverified,nan
random,R6_skewed_03,True,baseline,1503.0,generated,nan,unverified,nan,nan,nan,nan,nan,2.6299996534362435e-05,Multiple excess rows after initialization: original dependency branch not verified,nan,unverified,nan
random,R6_skewed_03,True,cap_receiver,1503.0,generated,nan,unverified,nan,nan,nan,nan,nan,2.7099998987978324e-05,Multiple excess rows after initialization: original dependency branch not verified,nan,unverified,nan
random,R6_skewed_03,True,net_tie,1503.0,generated,nan,unverified,nan,nan,nan,nan,nan,2.6699999580159783e-05,Multiple excess rows after initialization: original dependency branch not verified,nan,unverified,nan
random,R6_skewed_03,True,cap_net_tie,1503.0,generated,nan,unverified,nan,nan,nan,nan,nan,2.6900001103058457e-05,Multiple excess rows after initialization: original dependency branch not verified,nan,unverified,nan
random,R6_skewed_03,True,top2_completion,1503.0,generated,nan,unverified,nan,nan,nan,nan,nan,2.640000093379058e-05,Multiple excess rows after initialization: original dependency branch not verified,nan,unverified,nan
random,R6_skewed_04,True,baseline,1626.0,generated,nan,unverified,nan,nan,nan,nan,nan,2.6900001103058457e-05,Multiple excess rows after initialization: original dependency branch not verified,nan,unverified,nan
random,R6_skewed_04,True,cap_receiver,1626.0,generated,nan,unverified,nan,nan,nan,nan,nan,2.6500001695239916e-05,Multiple excess rows after initialization: original dependency branch not verified,nan,unverified,nan
random,R6_skewed_04,True,net_tie,1626.0,generated,nan,unverified,nan,nan,nan,nan,nan,2.6599998818710446e-05,Multiple excess rows after initialization: original dependency branch not verified,nan,unverified,nan
random,R6_skewed_04,True,cap_net_tie,1626.0,generated,nan,unverified,nan,nan,nan,nan,nan,0.00013949999993201345,Multiple excess rows after initialization: original dependency branch not verified,nan,unverified,nan
random,R6_skewed_04,True,top2_completion,1626.0,generated,nan,unverified,nan,nan,nan,nan,nan,3.269999797339551e-05,Multiple excess rows after initialization: original dependency branch not verified,nan,unverified,nan
random,R6_skewed_05,True,baseline,1554.0,generated,nan,unverified,nan,nan,nan,nan,nan,2.7400001272326335e-05,Multiple excess rows after initialization: original dependency branch not verified,nan,unverified,nan
random,R6_skewed_05,True,cap_receiver,1554.0,generated,nan,unverified,nan,nan,nan,nan,nan,2.6699999580159783e-05,Multiple excess rows after initialization: original dependency branch not verified,nan,unverified,nan
random,R6_skewed_05,True,net_tie,1554.0,generated,nan,unverified,nan,nan,nan,nan,nan,2.6600002456689253e-05,Multiple excess rows after initialization: original dependency branch not verified,nan,unverified,nan
random,R6_skewed_05,True,cap_net_tie,1554.0,generated,nan,unverified,nan,nan,nan,nan,nan,2.680000034160912e-05,Multiple excess rows after initialization: original dependency branch not verified,nan,unverified,nan
random,R6_skewed_05,True,top2_completion,1554.0,generated,nan,unverified,nan,nan,nan,nan,nan,2.640000093379058e-05,Multiple excess rows after initialization: original dependency branch not verified,nan,unverified,nan
random,R6_skewed_06,True,baseline,1228.0,generated,nan,unverified,nan,nan,nan,nan,nan,2.6699999580159783e-05,Multiple excess rows after initialization: original dependency branch not verified,nan,unverified,nan
random,R6_skewed_06,True,cap_receiver,1228.0,generated,nan,unverified,nan,nan,nan,nan,nan,2.6599998818710446e-05,Multiple excess rows after initialization: original dependency branch not verified,nan,unverified,nan
random,R6_skewed_06,True,net_tie,1228.0,generated,nan,unverified,nan,nan,nan,nan,nan,2.640000093379058e-05,Multiple excess rows after initialization: original dependency branch not verified,nan,unverified,nan
random,R6_skewed_06,True,cap_net_tie,1228.0,generated,nan,unverified,nan,nan,nan,nan,nan,2.680000034160912e-05,Multiple excess rows after initialization: original dependency branch not verified,nan,unverified,nan
random,R6_skewed_06,True,top2_completion,1228.0,generated,nan,unverified,nan,nan,nan,nan,nan,2.649999805726111e-05,Multiple excess rows after initialization: original dependency branch not verified,nan,unverified,nan
random,R6_skewed_07,True,baseline,1593.0,generated,nan,unverified,nan,nan,nan,nan,nan,2.640000093379058e-05,Multiple excess rows after initialization: original dependency branch not verified,nan,unverified,nan
random,R6_skewed_07,True,cap_receiver,1593.0,generated,nan,unverified,nan,nan,nan,nan,nan,2.6500001695239916e-05,Multiple excess rows after initialization: original dependency branch not verified,nan,unverified,nan
random,R6_skewed_07,True,net_tie,1593.0,generated,nan,unverified,nan,nan,nan,nan,nan,2.640000093379058e-05,Multiple excess rows after initialization: original dependency branch not verified,nan,unverified,nan
random,R6_skewed_07,True,cap_net_tie,1593.0,generated,nan,unverified,nan,nan,nan,nan,nan,2.6399997295811772e-05,Multiple excess rows after initialization: original dependency branch not verified,nan,unverified,nan
random,R6_skewed_07,True,top2_completion,1593.0,generated,nan,unverified,nan,nan,nan,nan,nan,2.6600002456689253e-05,Multiple excess rows after initialization: original dependency branch not verified,nan,unverified,nan
random,R6_skewed_08,True,baseline,1339.0,generated,nan,unverified,nan,nan,nan,nan,nan,2.6699999580159783e-05,Multiple excess rows after initialization: original dependency branch not verified,nan,unverified,nan
random,R6_skewed_08,True,cap_receiver,1339.0,generated,nan,unverified,nan,nan,nan,nan,nan,2.640000093379058e-05,Multiple excess rows after initialization: original dependency branch not verified,nan,unverified,nan
random,R6_skewed_08,True,net_tie,1339.0,generated,nan,unverified,nan,nan,nan,nan,nan,2.6300000172341242e-05,Multiple excess rows after initialization: original dependency branch not verified,nan,unverified,nan
random,R6_skewed_08,True,cap_net_tie,1339.0,generated,nan,unverified,nan,nan,nan,nan,nan,2.6599998818710446e-05,Multiple excess rows after initialization: original dependency branch not verified,nan,unverified,nan
random,R6_skewed_08,True,top2_completion,1339.0,generated,nan,unverified,nan,nan,nan,nan,nan,2.649999805726111e-05,Multiple excess rows after initialization: original dependency branch not verified,nan,unverified,nan
random,R6_skewed_09,True,baseline,774.0,generated,nan,unverified,nan,nan,nan,nan,nan,2.9000002541579306e-05,Multiple excess rows after initialization: original dependency branch not verified,nan,unverified,nan
random,R6_skewed_09,True,cap_receiver,774.0,generated,nan,unverified,nan,nan,nan,nan,nan,2.809999932651408e-05,Multiple excess rows after initialization: original dependency branch not verified,nan,unverified,nan
random,R6_skewed_09,True,net_tie,774.0,generated,nan,unverified,nan,nan,nan,nan,nan,2.8200000087963417e-05,Multiple excess rows after initialization: original dependency branch not verified,nan,unverified,nan
random,R6_skewed_09,True,cap_net_tie,774.0,generated,nan,unverified,nan,nan,nan,nan,nan,2.8200000087963417e-05,Multiple excess rows after initialization: original dependency branch not verified,nan,unverified,nan
random,R6_skewed_09,True,top2_completion,774.0,generated,nan,unverified,nan,nan,nan,nan,nan,2.809999932651408e-05,Multiple excess rows after initialization: original dependency branch not verified,nan,unverified,nan
random,R6_skewed_10,True,baseline,956.0,generated,nan,unverified,nan,nan,nan,nan,nan,2.849999873433262e-05,Multiple excess rows after initialization: original dependency branch not verified,nan,unverified,nan
random,R6_skewed_10,True,cap_receiver,956.0,generated,nan,unverified,nan,nan,nan,nan,nan,2.840000161086209e-05,Multiple excess rows after initialization: original dependency branch not verified,nan,unverified,nan
random,R6_skewed_10,True,net_tie,956.0,generated,nan,unverified,nan,nan,nan,nan,nan,2.849999873433262e-05,Multiple excess rows after initialization: original dependency branch not verified,nan,unverified,nan
random,R6_skewed_10,True,cap_net_tie,956.0,generated,nan,unverified,nan,nan,nan,nan,nan,2.9800001357216388e-05,Multiple excess rows after initialization: original dependency branch not verified,nan,unverified,nan
random,R6_skewed_10,True,top2_completion,956.0,generated,nan,unverified,nan,nan,nan,nan,nan,3.020000076503493e-05,Multiple excess rows after initialization: original dependency branch not verified,nan,unverified,nan
random,R6_skewed_11,True,baseline,2152.0,generated,nan,unverified,nan,nan,nan,nan,nan,3.0100000003585592e-05,Multiple excess rows after initialization: original dependency branch not verified,nan,unverified,nan
random,R6_skewed_11,True,cap_receiver,2152.0,generated,nan,unverified,nan,nan,nan,nan,nan,2.670000321813859e-05,Multiple excess rows after initialization: original dependency branch not verified,nan,unverified,nan
random,R6_skewed_11,True,net_tie,2152.0,generated,nan,unverified,nan,nan,nan,nan,nan,2.649999805726111e-05,Multiple excess rows after initialization: original dependency branch not verified,nan,unverified,nan
random,R6_skewed_11,True,cap_net_tie,2152.0,generated,nan,unverified,nan,nan,nan,nan,nan,2.6599998818710446e-05,Multiple excess rows after initialization: original dependency branch not verified,nan,unverified,nan
random,R6_skewed_11,True,top2_completion,2152.0,generated,nan,unverified,nan,nan,nan,nan,nan,2.6699999580159783e-05,Multiple excess rows after initialization: original dependency branch not verified,nan,unverified,nan
random,R6_skewed_12,True,baseline,1132.0,generated,nan,unverified,nan,nan,nan,nan,nan,2.649999805726111e-05,Multiple excess rows after initialization: original dependency branch not verified,nan,unverified,nan
random,R6_skewed_12,True,cap_receiver,1132.0,generated,nan,unverified,nan,nan,nan,nan,nan,2.649999805726111e-05,Multiple excess rows after initialization: original dependency branch not verified,nan,unverified,nan
random,R6_skewed_12,True,net_tie,1132.0,generated,nan,unverified,nan,nan,nan,nan,nan,2.640000093379058e-05,Multiple excess rows after initialization: original dependency branch not verified,nan,unverified,nan
random,R6_skewed_12,True,cap_net_tie,1132.0,generated,nan,unverified,nan,nan,nan,nan,nan,2.6599998818710446e-05,Multiple excess rows after initialization: original dependency branch not verified,nan,unverified,nan
random,R6_skewed_12,True,top2_completion,1132.0,generated,nan,unverified,nan,nan,nan,nan,nan,2.6399997295811772e-05,Multiple excess rows after initialization: original dependency branch not verified,nan,unverified,nan
random,R6_skewed_13,True,baseline,813.0,generated,nan,unverified,nan,nan,nan,nan,nan,2.649999805726111e-05,Multiple excess rows after initialization: original dependency branch not verified,nan,unverified,nan
random,R6_skewed_13,True,cap_receiver,813.0,generated,nan,unverified,nan,nan,nan,nan,nan,2.6599998818710446e-05,Multiple excess rows after initialization: original dependency branch not verified,nan,unverified,nan
random,R6_skewed_13,True,net_tie,813.0,generated,nan,unverified,nan,nan,nan,nan,nan,2.6500001695239916e-05,Multiple excess rows after initialization: original dependency branch not verified,nan,unverified,nan
random,R6_skewed_13,True,cap_net_tie,813.0,generated,nan,unverified,nan,nan,nan,nan,nan,2.6300000172341242e-05,Multiple excess rows after initialization: original dependency branch not verified,nan,unverified,nan
random,R6_skewed_13,True,top2_completion,813.0,generated,nan,unverified,nan,nan,nan,nan,nan,2.6699999580159783e-05,Multiple excess rows after initialization: original dependency branch not verified,nan,unverified,nan
random,R6_skewed_14,True,baseline,1826.0,generated,nan,unverified,nan,nan,nan,nan,nan,2.680000034160912e-05,Multiple excess rows after initialization: original dependency branch not verified,nan,unverified,nan
random,R6_skewed_14,True,cap_receiver,1826.0,generated,nan,unverified,nan,nan,nan,nan,nan,0.00015280000297934748,Multiple excess rows after initialization: original dependency branch not verified,nan,unverified,nan
random,R6_skewed_14,True,net_tie,1826.0,generated,nan,unverified,nan,nan,nan,nan,nan,3.229999856557697e-05,Multiple excess rows after initialization: original dependency branch not verified,nan,unverified,nan
random,R6_skewed_14,True,cap_net_tie,1826.0,generated,nan,unverified,nan,nan,nan,nan,nan,2.930000118794851e-05,Multiple excess rows after initialization: original dependency branch not verified,nan,unverified,nan
random,R6_skewed_14,True,top2_completion,1826.0,generated,nan,unverified,nan,nan,nan,nan,nan,2.8800001018680632e-05,Multiple excess rows after initialization: original dependency branch not verified,nan,unverified,nan
random,R6_skewed_15,True,baseline,1256.0,generated,nan,unverified,nan,nan,nan,nan,nan,2.89999989036005e-05,Multiple excess rows after initialization: original dependency branch not verified,nan,unverified,nan
random,R6_skewed_15,True,cap_receiver,1256.0,generated,nan,unverified,nan,nan,nan,nan,nan,2.89999989036005e-05,Multiple excess rows after initialization: original dependency branch not verified,nan,unverified,nan
random,R6_skewed_15,True,net_tie,1256.0,generated,nan,unverified,nan,nan,nan,nan,nan,2.8700000257231295e-05,Multiple excess rows after initialization: original dependency branch not verified,nan,unverified,nan
random,R6_skewed_15,True,cap_net_tie,1256.0,generated,nan,unverified,nan,nan,nan,nan,nan,2.8800001018680632e-05,Multiple excess rows after initialization: original dependency branch not verified,nan,unverified,nan
random,R6_skewed_15,True,top2_completion,1256.0,generated,nan,unverified,nan,nan,nan,nan,nan,2.8800001018680632e-05,Multiple excess rows after initialization: original dependency branch not verified,nan,unverified,nan
random,R6_skewed_16,True,baseline,1775.0,generated,nan,unverified,nan,nan,nan,nan,nan,2.8599999495781958e-05,Multiple excess rows after initialization: original dependency branch not verified,nan,unverified,nan
random,R6_skewed_16,True,cap_receiver,1775.0,generated,nan,unverified,nan,nan,nan,nan,nan,2.8700000257231295e-05,Multiple excess rows after initialization: original dependency branch not verified,nan,unverified,nan
random,R6_skewed_16,True,net_tie,1775.0,generated,nan,unverified,nan,nan,nan,nan,nan,2.8599999495781958e-05,Multiple excess rows after initialization: original dependency branch not verified,nan,unverified,nan
random,R6_skewed_16,True,cap_net_tie,1775.0,generated,nan,unverified,nan,nan,nan,nan,nan,2.8700000257231295e-05,Multiple excess rows after initialization: original dependency branch not verified,nan,unverified,nan
random,R6_skewed_16,True,top2_completion,1775.0,generated,nan,unverified,nan,nan,nan,nan,nan,2.840000161086209e-05,Multiple excess rows after initialization: original dependency branch not verified,nan,unverified,nan
random,R6_skewed_17,True,baseline,1114.0,generated,nan,unverified,nan,nan,nan,nan,nan,2.840000161086209e-05,Multiple excess rows after initialization: original dependency branch not verified,nan,unverified,nan
random,R6_skewed_17,True,cap_receiver,1114.0,generated,nan,unverified,nan,nan,nan,nan,nan,2.8300000849412754e-05,Multiple excess rows after initialization: original dependency branch not verified,nan,unverified,nan
random,R6_skewed_17,True,net_tie,1114.0,generated,nan,unverified,nan,nan,nan,nan,nan,2.9400001949397847e-05,Multiple excess rows after initialization: original dependency branch not verified,nan,unverified,nan
random,R6_skewed_17,True,cap_net_tie,1114.0,generated,nan,unverified,nan,nan,nan,nan,nan,3.0399998649954796e-05,Multiple excess rows after initialization: original dependency branch not verified,nan,unverified,nan
random,R6_skewed_17,True,top2_completion,1114.0,generated,nan,unverified,nan,nan,nan,nan,nan,2.9099999665049836e-05,Multiple excess rows after initialization: original dependency branch not verified,nan,unverified,nan
random,R6_skewed_18,True,baseline,1002.0,generated,nan,unverified,nan,nan,nan,nan,nan,0.0004948999994667247,Multiple excess rows reached; no invented selection rule,nan,unverified,nan
random,R6_skewed_18,True,cap_receiver,1002.0,generated,1004.0,ok,True,2.0,0.1996007984031936,99.800796812749,False,0.0002131000001099892,nan,nan,unverified,nan
random,R6_skewed_18,True,net_tie,1002.0,generated,nan,unverified,nan,nan,nan,nan,nan,0.00030059999699005857,Multiple excess rows reached; no invented selection rule,nan,unverified,nan
random,R6_skewed_18,True,cap_net_tie,1002.0,generated,1004.0,ok,True,2.0,0.1996007984031936,99.800796812749,False,0.0002094999981636647,nan,nan,unverified,nan
random,R6_skewed_18,True,top2_completion,1002.0,generated,nan,unverified,nan,nan,nan,nan,nan,0.00011539999832166359,Multiple excess rows reached; no invented selection rule,nan,unverified,nan
random,R6_skewed_19,True,baseline,3372.0,generated,nan,unverified,nan,nan,nan,nan,nan,0.00015039999925647862,Multiple excess rows after initialization: original dependency branch not verified,nan,unverified,nan
random,R6_skewed_19,True,cap_receiver,3372.0,generated,nan,unverified,nan,nan,nan,nan,nan,3.0899998819222674e-05,Multiple excess rows after initialization: original dependency branch not verified,nan,unverified,nan
random,R6_skewed_19,True,net_tie,3372.0,generated,nan,unverified,nan,nan,nan,nan,nan,2.9999999242136255e-05,Multiple excess rows after initialization: original dependency branch not verified,nan,unverified,nan
random,R6_skewed_19,True,cap_net_tie,3372.0,generated,nan,unverified,nan,nan,nan,nan,nan,2.9599999834317714e-05,Multiple excess rows after initialization: original dependency branch not verified,nan,unverified,nan
random,R6_skewed_19,True,top2_completion,3372.0,generated,nan,unverified,nan,nan,nan,nan,nan,3.0399998649954796e-05,Multiple excess rows after initialization: original dependency branch not verified,nan,unverified,nan
random,R10_uniform_00,True,baseline,9457.0,generated,nan,unverified,nan,nan,nan,nan,nan,5.249999958323315e-05,Multiple excess rows after initialization: original dependency branch not verified,nan,unverified,nan
random,R10_uniform_00,True,cap_receiver,9457.0,generated,nan,unverified,nan,nan,nan,nan,nan,3.8399997720262036e-05,Multiple excess rows after initialization: original dependency branch not verified,nan,unverified,nan
random,R10_uniform_00,True,net_tie,9457.0,generated,nan,unverified,nan,nan,nan,nan,nan,3.930000093532726e-05,Multiple excess rows after initialization: original dependency branch not verified,nan,unverified,nan
random,R10_uniform_00,True,cap_net_tie,9457.0,generated,nan,unverified,nan,nan,nan,nan,nan,0.000145500001963228,Multiple excess rows after initialization: original dependency branch not verified,nan,unverified,nan
random,R10_uniform_00,True,top2_completion,9457.0,generated,nan,unverified,nan,nan,nan,nan,nan,4.989999797544442e-05,Multiple excess rows after initialization: original dependency branch not verified,nan,unverified,nan
random,R10_uniform_01,True,baseline,7630.0,generated,nan,unverified,nan,nan,nan,nan,nan,4.0400002035312355e-05,Multiple excess rows after initialization: original dependency branch not verified,nan,unverified,nan
random,R10_uniform_01,True,cap_receiver,7630.0,generated,nan,unverified,nan,nan,nan,nan,nan,3.840000135824084e-05,Multiple excess rows after initialization: original dependency branch not verified,nan,unverified,nan
random,R10_uniform_01,True,net_tie,7630.0,generated,nan,unverified,nan,nan,nan,nan,nan,4.7900000936351717e-05,Multiple excess rows after initialization: original dependency branch not verified,nan,unverified,nan
random,R10_uniform_01,True,cap_net_tie,7630.0,generated,nan,unverified,nan,nan,nan,nan,nan,4.099999932805076e-05,Multiple excess rows after initialization: original dependency branch not verified,nan,unverified,nan
random,R10_uniform_01,True,top2_completion,7630.0,generated,nan,unverified,nan,nan,nan,nan,nan,3.809999907389283e-05,Multiple excess rows after initialization: original dependency branch not verified,nan,unverified,nan
random,R10_uniform_02,True,baseline,8567.0,generated,nan,unverified,nan,nan,nan,nan,nan,3.769999966607429e-05,Multiple excess rows after initialization: original dependency branch not verified,nan,unverified,nan
random,R10_uniform_02,True,cap_receiver,8567.0,generated,nan,unverified,nan,nan,nan,nan,nan,3.870000000461005e-05,Multiple excess rows after initialization: original dependency branch not verified,nan,unverified,nan
random,R10_uniform_02,True,net_tie,8567.0,generated,nan,unverified,nan,nan,nan,nan,nan,3.789999755099416e-05,Multiple excess rows after initialization: original dependency branch not verified,nan,unverified,nan
random,R10_uniform_02,True,cap_net_tie,8567.0,generated,nan,unverified,nan,nan,nan,nan,nan,3.989999822806567e-05,Multiple excess rows after initialization: original dependency branch not verified,nan,unverified,nan
random,R10_uniform_02,True,top2_completion,8567.0,generated,nan,unverified,nan,nan,nan,nan,nan,3.9299997297348455e-05,Multiple excess rows after initialization: original dependency branch not verified,nan,unverified,nan
random,R10_uniform_03,True,baseline,12413.0,generated,nan,unverified,nan,nan,nan,nan,nan,3.7900001188972965e-05,Multiple excess rows after initialization: original dependency branch not verified,nan,unverified,nan
random,R10_uniform_03,True,cap_receiver,12413.0,generated,nan,unverified,nan,nan,nan,nan,nan,3.8899997889529914e-05,Multiple excess rows after initialization: original dependency branch not verified,nan,unverified,nan
random,R10_uniform_03,True,net_tie,12413.0,generated,nan,unverified,nan,nan,nan,nan,nan,3.779999678954482e-05,Multiple excess rows after initialization: original dependency branch not verified,nan,unverified,nan
random,R10_uniform_03,True,cap_net_tie,12413.0,generated,nan,unverified,nan,nan,nan,nan,nan,3.6699999327538535e-05,Multiple excess rows after initialization: original dependency branch not verified,nan,unverified,nan
random,R10_uniform_03,True,top2_completion,12413.0,generated,nan,unverified,nan,nan,nan,nan,nan,3.5799999750452116e-05,Multiple excess rows after initialization: original dependency branch not verified,nan,unverified,nan
random,R10_uniform_04,True,baseline,15338.0,generated,nan,unverified,nan,nan,nan,nan,nan,3.6299999919719994e-05,Multiple excess rows after initialization: original dependency branch not verified,nan,unverified,nan
random,R10_uniform_04,True,cap_receiver,15338.0,generated,nan,unverified,nan,nan,nan,nan,nan,3.600000127335079e-05,Multiple excess rows after initialization: original dependency branch not verified,nan,unverified,nan
random,R10_uniform_04,True,net_tie,15338.0,generated,nan,unverified,nan,nan,nan,nan,nan,3.6200002796249464e-05,Multiple excess rows after initialization: original dependency branch not verified,nan,unverified,nan
random,R10_uniform_04,True,cap_net_tie,15338.0,generated,nan,unverified,nan,nan,nan,nan,nan,3.609999839682132e-05,Multiple excess rows after initialization: original dependency branch not verified,nan,unverified,nan
random,R10_uniform_04,True,top2_completion,15338.0,generated,nan,unverified,nan,nan,nan,nan,nan,3.610000203480013e-05,Multiple excess rows after initialization: original dependency branch not verified,nan,unverified,nan
random,R10_uniform_05,True,baseline,9988.0,generated,nan,unverified,nan,nan,nan,nan,nan,3.4599997889017686e-05,Multiple excess rows after initialization: original dependency branch not verified,nan,unverified,nan
random,R10_uniform_05,True,cap_receiver,9988.0,generated,nan,unverified,nan,nan,nan,nan,nan,3.369999831193127e-05,Multiple excess rows after initialization: original dependency branch not verified,nan,unverified,nan
random,R10_uniform_05,True,net_tie,9988.0,generated,nan,unverified,nan,nan,nan,nan,nan,3.380000271135941e-05,Multiple excess rows after initialization: original dependency branch not verified,nan,unverified,nan
random,R10_uniform_05,True,cap_net_tie,9988.0,generated,nan,unverified,nan,nan,nan,nan,nan,3.389999983482994e-05,Multiple excess rows after initialization: original dependency branch not verified,nan,unverified,nan
random,R10_uniform_05,True,top2_completion,9988.0,generated,nan,unverified,nan,nan,nan,nan,nan,3.3700001949910074e-05,Multiple excess rows after initialization: original dependency branch not verified,nan,unverified,nan
random,R10_uniform_06,True,baseline,13265.0,generated,nan,unverified,nan,nan,nan,nan,nan,3.3799999073380604e-05,Multiple excess rows after initialization: original dependency branch not verified,nan,unverified,nan
random,R10_uniform_06,True,cap_receiver,13265.0,generated,nan,unverified,nan,nan,nan,nan,nan,3.3799999073380604e-05,Multiple excess rows after initialization: original dependency branch not verified,nan,unverified,nan
random,R10_uniform_06,True,net_tie,13265.0,generated,nan,unverified,nan,nan,nan,nan,nan,3.550000110408291e-05,Multiple excess rows after initialization: original dependency branch not verified,nan,unverified,nan
random,R10_uniform_06,True,cap_net_tie,13265.0,generated,nan,unverified,nan,nan,nan,nan,nan,3.3700001949910074e-05,Multiple excess rows after initialization: original dependency branch not verified,nan,unverified,nan
random,R10_uniform_06,True,top2_completion,13265.0,generated,nan,unverified,nan,nan,nan,nan,nan,3.3700001949910074e-05,Multiple excess rows after initialization: original dependency branch not verified,nan,unverified,nan
random,R10_uniform_07,True,baseline,13625.0,generated,nan,unverified,nan,nan,nan,nan,nan,3.369999831193127e-05,Multiple excess rows after initialization: original dependency branch not verified,nan,unverified,nan
random,R10_uniform_07,True,cap_receiver,13625.0,generated,nan,unverified,nan,nan,nan,nan,nan,3.3799999073380604e-05,Multiple excess rows after initialization: original dependency branch not verified,nan,unverified,nan
random,R10_uniform_07,True,net_tie,13625.0,generated,nan,unverified,nan,nan,nan,nan,nan,3.400000059627928e-05,Multiple excess rows after initialization: original dependency branch not verified,nan,unverified,nan
random,R10_uniform_07,True,cap_net_tie,13625.0,generated,nan,unverified,nan,nan,nan,nan,nan,3.389999983482994e-05,Multiple excess rows after initialization: original dependency branch not verified,nan,unverified,nan
random,R10_uniform_07,True,top2_completion,13625.0,generated,nan,unverified,nan,nan,nan,nan,nan,3.4100001357728615e-05,Multiple excess rows after initialization: original dependency branch not verified,nan,unverified,nan
random,R10_uniform_08,True,baseline,14066.0,generated,nan,unverified,nan,nan,nan,nan,nan,7.720000212430023e-05,Multiple excess rows after initialization: original dependency branch not verified,nan,unverified,nan
random,R10_uniform_08,True,cap_receiver,14066.0,generated,nan,unverified,nan,nan,nan,nan,nan,4.470000203582458e-05,Multiple excess rows after initialization: original dependency branch not verified,nan,unverified,nan
random,R10_uniform_08,True,net_tie,14066.0,generated,nan,unverified,nan,nan,nan,nan,nan,3.440000000409782e-05,Multiple excess rows after initialization: original dependency branch not verified,nan,unverified,nan
random,R10_uniform_08,True,cap_net_tie,14066.0,generated,nan,unverified,nan,nan,nan,nan,nan,3.389999983482994e-05,Multiple excess rows after initialization: original dependency branch not verified,nan,unverified,nan
random,R10_uniform_08,True,top2_completion,14066.0,generated,nan,unverified,nan,nan,nan,nan,nan,3.400000059627928e-05,Multiple excess rows after initialization: original dependency branch not verified,nan,unverified,nan
random,R10_uniform_09,True,baseline,10711.0,generated,nan,unverified,nan,nan,nan,nan,nan,3.4100001357728615e-05,Multiple excess rows after initialization: original dependency branch not verified,nan,unverified,nan
random,R10_uniform_09,True,cap_receiver,10711.0,generated,nan,unverified,nan,nan,nan,nan,nan,3.3799999073380604e-05,Multiple excess rows after initialization: original dependency branch not verified,nan,unverified,nan
random,R10_uniform_09,True,net_tie,10711.0,generated,nan,unverified,nan,nan,nan,nan,nan,3.35000004270114e-05,Multiple excess rows after initialization: original dependency branch not verified,nan,unverified,nan
random,R10_uniform_09,True,cap_net_tie,10711.0,generated,nan,unverified,nan,nan,nan,nan,nan,3.400000059627928e-05,Multiple excess rows after initialization: original dependency branch not verified,nan,unverified,nan
random,R10_uniform_09,True,top2_completion,10711.0,generated,nan,unverified,nan,nan,nan,nan,nan,3.3700001949910074e-05,Multiple excess rows after initialization: original dependency branch not verified,nan,unverified,nan
random,R10_uniform_10,True,baseline,13970.0,generated,nan,unverified,nan,nan,nan,nan,nan,3.3799999073380604e-05,Multiple excess rows after initialization: original dependency branch not verified,nan,unverified,nan
random,R10_uniform_10,True,cap_receiver,13970.0,generated,nan,unverified,nan,nan,nan,nan,nan,3.35000004270114e-05,Multiple excess rows after initialization: original dependency branch not verified,nan,unverified,nan
random,R10_uniform_10,True,net_tie,13970.0,generated,nan,unverified,nan,nan,nan,nan,nan,3.390000347280875e-05,Multiple excess rows after initialization: original dependency branch not verified,nan,unverified,nan
random,R10_uniform_10,True,cap_net_tie,13970.0,generated,nan,unverified,nan,nan,nan,nan,nan,3.3399999665562063e-05,Multiple excess rows after initialization: original dependency branch not verified,nan,unverified,nan
random,R10_uniform_10,True,top2_completion,13970.0,generated,nan,unverified,nan,nan,nan,nan,nan,3.3399999665562063e-05,Multiple excess rows after initialization: original dependency branch not verified,nan,unverified,nan
random,R10_uniform_11,True,baseline,12647.0,generated,nan,unverified,nan,nan,nan,nan,nan,3.409999771974981e-05,Multiple excess rows after initialization: original dependency branch not verified,nan,unverified,nan
random,R10_uniform_11,True,cap_receiver,12647.0,generated,nan,unverified,nan,nan,nan,nan,nan,3.380000271135941e-05,Multiple excess rows after initialization: original dependency branch not verified,nan,unverified,nan
random,R10_uniform_11,True,net_tie,12647.0,generated,nan,unverified,nan,nan,nan,nan,nan,3.369999831193127e-05,Multiple excess rows after initialization: original dependency branch not verified,nan,unverified,nan
random,R10_uniform_11,True,cap_net_tie,12647.0,generated,nan,unverified,nan,nan,nan,nan,nan,3.4100001357728615e-05,Multiple excess rows after initialization: original dependency branch not verified,nan,unverified,nan
random,R10_uniform_11,True,top2_completion,12647.0,generated,nan,unverified,nan,nan,nan,nan,nan,3.389999983482994e-05,Multiple excess rows after initialization: original dependency branch not verified,nan,unverified,nan
random,R10_uniform_12,True,baseline,6044.0,generated,nan,unverified,nan,nan,nan,nan,nan,3.399999695830047e-05,Multiple excess rows after initialization: original dependency branch not verified,nan,unverified,nan
random,R10_uniform_12,True,cap_receiver,6044.0,generated,nan,unverified,nan,nan,nan,nan,nan,3.3799999073380604e-05,Multiple excess rows after initialization: original dependency branch not verified,nan,unverified,nan
random,R10_uniform_12,True,net_tie,6044.0,generated,nan,unverified,nan,nan,nan,nan,nan,3.3700001949910074e-05,Multiple excess rows after initialization: original dependency branch not verified,nan,unverified,nan
random,R10_uniform_12,True,cap_net_tie,6044.0,generated,nan,unverified,nan,nan,nan,nan,nan,3.4199998481199145e-05,Multiple excess rows after initialization: original dependency branch not verified,nan,unverified,nan
random,R10_uniform_12,True,top2_completion,6044.0,generated,nan,unverified,nan,nan,nan,nan,nan,3.3799999073380604e-05,Multiple excess rows after initialization: original dependency branch not verified,nan,unverified,nan
random,R10_uniform_13,True,baseline,8878.0,generated,nan,unverified,nan,nan,nan,nan,nan,3.409999771974981e-05,Multiple excess rows after initialization: original dependency branch not verified,nan,unverified,nan
random,R10_uniform_13,True,cap_receiver,8878.0,generated,nan,unverified,nan,nan,nan,nan,nan,3.389999983482994e-05,Multiple excess rows after initialization: original dependency branch not verified,nan,unverified,nan
random,R10_uniform_13,True,net_tie,8878.0,generated,nan,unverified,nan,nan,nan,nan,nan,3.360000118846074e-05,Multiple excess rows after initialization: original dependency branch not verified,nan,unverified,nan
random,R10_uniform_13,True,cap_net_tie,8878.0,generated,nan,unverified,nan,nan,nan,nan,nan,3.360000118846074e-05,Multiple excess rows after initialization: original dependency branch not verified,nan,unverified,nan
random,R10_uniform_13,True,top2_completion,8878.0,generated,nan,unverified,nan,nan,nan,nan,nan,3.4100001357728615e-05,Multiple excess rows after initialization: original dependency branch not verified,nan,unverified,nan
random,R10_uniform_14,True,baseline,12967.0,generated,nan,unverified,nan,nan,nan,nan,nan,3.440000000409782e-05,Multiple excess rows after initialization: original dependency branch not verified,nan,unverified,nan
random,R10_uniform_14,True,cap_receiver,12967.0,generated,nan,unverified,nan,nan,nan,nan,nan,3.430000288062729e-05,Multiple excess rows after initialization: original dependency branch not verified,nan,unverified,nan
random,R10_uniform_14,True,net_tie,12967.0,generated,nan,unverified,nan,nan,nan,nan,nan,3.4100001357728615e-05,Multiple excess rows after initialization: original dependency branch not verified,nan,unverified,nan
random,R10_uniform_14,True,cap_net_tie,12967.0,generated,nan,unverified,nan,nan,nan,nan,nan,3.3799999073380604e-05,Multiple excess rows after initialization: original dependency branch not verified,nan,unverified,nan
random,R10_uniform_14,True,top2_completion,12967.0,generated,nan,unverified,nan,nan,nan,nan,nan,3.369999831193127e-05,Multiple excess rows after initialization: original dependency branch not verified,nan,unverified,nan
random,R10_uniform_15,True,baseline,9309.0,generated,nan,unverified,nan,nan,nan,nan,nan,3.3700001949910074e-05,Multiple excess rows after initialization: original dependency branch not verified,nan,unverified,nan
random,R10_uniform_15,True,cap_receiver,9309.0,generated,nan,unverified,nan,nan,nan,nan,nan,3.369999831193127e-05,Multiple excess rows after initialization: original dependency branch not verified,nan,unverified,nan
random,R10_uniform_15,True,net_tie,9309.0,generated,nan,unverified,nan,nan,nan,nan,nan,3.389999983482994e-05,Multiple excess rows after initialization: original dependency branch not verified,nan,unverified,nan
random,R10_uniform_15,True,cap_net_tie,9309.0,generated,nan,unverified,nan,nan,nan,nan,nan,3.4500000765547156e-05,Multiple excess rows after initialization: original dependency branch not verified,nan,unverified,nan
random,R10_uniform_15,True,top2_completion,9309.0,generated,nan,unverified,nan,nan,nan,nan,nan,3.389999983482994e-05,Multiple excess rows after initialization: original dependency branch not verified,nan,unverified,nan
random,R10_uniform_16,True,baseline,14271.0,generated,nan,unverified,nan,nan,nan,nan,nan,3.389999983482994e-05,Multiple excess rows after initialization: original dependency branch not verified,nan,unverified,nan
random,R10_uniform_16,True,cap_receiver,14271.0,generated,nan,unverified,nan,nan,nan,nan,nan,3.369999831193127e-05,Multiple excess rows after initialization: original dependency branch not verified,nan,unverified,nan
random,R10_uniform_16,True,net_tie,14271.0,generated,nan,unverified,nan,nan,nan,nan,nan,3.389999983482994e-05,Multiple excess rows after initialization: original dependency branch not verified,nan,unverified,nan
random,R10_uniform_16,True,cap_net_tie,14271.0,generated,nan,unverified,nan,nan,nan,nan,nan,3.35000004270114e-05,Multiple excess rows after initialization: original dependency branch not verified,nan,unverified,nan
random,R10_uniform_16,True,top2_completion,14271.0,generated,nan,unverified,nan,nan,nan,nan,nan,3.360000118846074e-05,Multiple excess rows after initialization: original dependency branch not verified,nan,unverified,nan
random,R10_uniform_17,True,baseline,12680.0,generated,nan,unverified,nan,nan,nan,nan,nan,3.3700001949910074e-05,Multiple excess rows after initialization: original dependency branch not verified,nan,unverified,nan
random,R10_uniform_17,True,cap_receiver,12680.0,generated,nan,unverified,nan,nan,nan,nan,nan,3.35000004270114e-05,Multiple excess rows after initialization: original dependency branch not verified,nan,unverified,nan
random,R10_uniform_17,True,net_tie,12680.0,generated,nan,unverified,nan,nan,nan,nan,nan,3.3700001949910074e-05,Multiple excess rows after initialization: original dependency branch not verified,nan,unverified,nan
random,R10_uniform_17,True,cap_net_tie,12680.0,generated,nan,unverified,nan,nan,nan,nan,nan,3.360000118846074e-05,Multiple excess rows after initialization: original dependency branch not verified,nan,unverified,nan
random,R10_uniform_17,True,top2_completion,12680.0,generated,nan,unverified,nan,nan,nan,nan,nan,3.35000004270114e-05,Multiple excess rows after initialization: original dependency branch not verified,nan,unverified,nan
random,R10_uniform_18,True,baseline,11466.0,generated,nan,unverified,nan,nan,nan,nan,nan,3.539999670465477e-05,Multiple excess rows after initialization: original dependency branch not verified,nan,unverified,nan
random,R10_uniform_18,True,cap_receiver,11466.0,generated,nan,unverified,nan,nan,nan,nan,nan,3.3799999073380604e-05,Multiple excess rows after initialization: original dependency branch not verified,nan,unverified,nan
random,R10_uniform_18,True,net_tie,11466.0,generated,nan,unverified,nan,nan,nan,nan,nan,3.369999831193127e-05,Multiple excess rows after initialization: original dependency branch not verified,nan,unverified,nan
random,R10_uniform_18,True,cap_net_tie,11466.0,generated,nan,unverified,nan,nan,nan,nan,nan,3.3700001949910074e-05,Multiple excess rows after initialization: original dependency branch not verified,nan,unverified,nan
random,R10_uniform_18,True,top2_completion,11466.0,generated,nan,unverified,nan,nan,nan,nan,nan,3.35000004270114e-05,Multiple excess rows after initialization: original dependency branch not verified,nan,unverified,nan
random,R10_uniform_19,True,baseline,9354.0,generated,nan,unverified,nan,nan,nan,nan,nan,3.420000211917795e-05,Multiple excess rows after initialization: original dependency branch not verified,nan,unverified,nan
random,R10_uniform_19,True,cap_receiver,9354.0,generated,nan,unverified,nan,nan,nan,nan,nan,3.360000118846074e-05,Multiple excess rows after initialization: original dependency branch not verified,nan,unverified,nan
random,R10_uniform_19,True,net_tie,9354.0,generated,nan,unverified,nan,nan,nan,nan,nan,3.360000118846074e-05,Multiple excess rows after initialization: original dependency branch not verified,nan,unverified,nan
random,R10_uniform_19,True,cap_net_tie,9354.0,generated,nan,unverified,nan,nan,nan,nan,nan,3.809999907389283e-05,Multiple excess rows after initialization: original dependency branch not verified,nan,unverified,nan
random,R10_uniform_19,True,top2_completion,9354.0,generated,nan,unverified,nan,nan,nan,nan,nan,0.00018030000137514435,Multiple excess rows after initialization: original dependency branch not verified,nan,unverified,nan
random,R10_ties_00,True,baseline,860.0,generated,nan,unverified,nan,nan,nan,nan,nan,3.9999998989515007e-05,Multiple excess rows after initialization: original dependency branch not verified,nan,unverified,nan
random,R10_ties_00,True,cap_receiver,860.0,generated,nan,unverified,nan,nan,nan,nan,nan,3.80000019504223e-05,Multiple excess rows after initialization: original dependency branch not verified,nan,unverified,nan
random,R10_ties_00,True,net_tie,860.0,generated,nan,unverified,nan,nan,nan,nan,nan,3.9999998989515007e-05,Multiple excess rows after initialization: original dependency branch not verified,nan,unverified,nan
random,R10_ties_00,True,cap_net_tie,860.0,generated,nan,unverified,nan,nan,nan,nan,nan,3.779999678954482e-05,Multiple excess rows after initialization: original dependency branch not verified,nan,unverified,nan
random,R10_ties_00,True,top2_completion,860.0,generated,nan,unverified,nan,nan,nan,nan,nan,3.749999814317562e-05,Multiple excess rows after initialization: original dependency branch not verified,nan,unverified,nan
random,R10_ties_01,True,baseline,1896.0,generated,nan,unverified,nan,nan,nan,nan,nan,3.77000033040531e-05,Multiple excess rows after initialization: original dependency branch not verified,nan,unverified,nan
random,R10_ties_01,True,cap_receiver,1896.0,generated,nan,unverified,nan,nan,nan,nan,nan,3.640000068116933e-05,Multiple excess rows after initialization: original dependency branch not verified,nan,unverified,nan
random,R10_ties_01,True,net_tie,1896.0,generated,nan,unverified,nan,nan,nan,nan,nan,3.5799999750452116e-05,Multiple excess rows after initialization: original dependency branch not verified,nan,unverified,nan
random,R10_ties_01,True,cap_net_tie,1896.0,generated,nan,unverified,nan,nan,nan,nan,nan,3.5799999750452116e-05,Multiple excess rows after initialization: original dependency branch not verified,nan,unverified,nan
random,R10_ties_01,True,top2_completion,1896.0,generated,nan,unverified,nan,nan,nan,nan,nan,3.5799999750452116e-05,Multiple excess rows after initialization: original dependency branch not verified,nan,unverified,nan
random,R10_ties_02,True,baseline,1223.0,generated,nan,unverified,nan,nan,nan,nan,nan,4.13999987358693e-05,Multiple excess rows after initialization: original dependency branch not verified,nan,unverified,nan
random,R10_ties_02,True,cap_receiver,1223.0,generated,nan,unverified,nan,nan,nan,nan,nan,3.369999831193127e-05,Multiple excess rows after initialization: original dependency branch not verified,nan,unverified,nan
random,R10_ties_02,True,net_tie,1223.0,generated,nan,unverified,nan,nan,nan,nan,nan,3.429999924264848e-05,Multiple excess rows after initialization: original dependency branch not verified,nan,unverified,nan
random,R10_ties_02,True,cap_net_tie,1223.0,generated,nan,unverified,nan,nan,nan,nan,nan,3.400000059627928e-05,Multiple excess rows after initialization: original dependency branch not verified,nan,unverified,nan
random,R10_ties_02,True,top2_completion,1223.0,generated,nan,unverified,nan,nan,nan,nan,nan,0.0004002999994554557,Multiple excess rows after initialization: original dependency branch not verified,nan,unverified,nan
random,R10_ties_03,True,baseline,975.0,generated,nan,unverified,nan,nan,nan,nan,nan,3.6600002204068005e-05,Multiple excess rows after initialization: original dependency branch not verified,nan,unverified,nan
random,R10_ties_03,True,cap_receiver,975.0,generated,nan,unverified,nan,nan,nan,nan,nan,3.599999763537198e-05,Multiple excess rows after initialization: original dependency branch not verified,nan,unverified,nan
random,R10_ties_03,True,net_tie,975.0,generated,nan,unverified,nan,nan,nan,nan,nan,3.6299999919719994e-05,Multiple excess rows after initialization: original dependency branch not verified,nan,unverified,nan
random,R10_ties_03,True,cap_net_tie,975.0,generated,nan,unverified,nan,nan,nan,nan,nan,3.5899996873922646e-05,Multiple excess rows after initialization: original dependency branch not verified,nan,unverified,nan
random,R10_ties_03,True,top2_completion,975.0,generated,nan,unverified,nan,nan,nan,nan,nan,3.609999839682132e-05,Multiple excess rows after initialization: original dependency branch not verified,nan,unverified,nan
random,R10_ties_04,True,baseline,812.0,generated,nan,unverified,nan,nan,nan,nan,nan,3.599999763537198e-05,Multiple excess rows after initialization: original dependency branch not verified,nan,unverified,nan
random,R10_ties_04,True,cap_receiver,812.0,generated,nan,unverified,nan,nan,nan,nan,nan,3.699999797390774e-05,Multiple excess rows after initialization: original dependency branch not verified,nan,unverified,nan
random,R10_ties_04,True,net_tie,812.0,generated,nan,unverified,nan,nan,nan,nan,nan,3.3700001949910074e-05,Multiple excess rows after initialization: original dependency branch not verified,nan,unverified,nan
random,R10_ties_04,True,cap_net_tie,812.0,generated,nan,unverified,nan,nan,nan,nan,nan,0.00021579999884124845,Multiple excess rows after initialization: original dependency branch not verified,nan,unverified,nan
random,R10_ties_04,True,top2_completion,812.0,generated,nan,unverified,nan,nan,nan,nan,nan,3.80000019504223e-05,Multiple excess rows after initialization: original dependency branch not verified,nan,unverified,nan
random,R10_ties_05,True,baseline,1112.0,generated,nan,unverified,nan,nan,nan,nan,nan,3.7099998735357076e-05,Multiple excess rows after initialization: original dependency branch not verified,nan,unverified,nan
random,R10_ties_05,True,cap_receiver,1112.0,generated,nan,unverified,nan,nan,nan,nan,nan,3.640000068116933e-05,Multiple excess rows after initialization: original dependency branch not verified,nan,unverified,nan
random,R10_ties_05,True,net_tie,1112.0,generated,nan,unverified,nan,nan,nan,nan,nan,3.640000068116933e-05,Multiple excess rows after initialization: original dependency branch not verified,nan,unverified,nan
random,R10_ties_05,True,cap_net_tie,1112.0,generated,nan,unverified,nan,nan,nan,nan,nan,3.749999814317562e-05,Multiple excess rows after initialization: original dependency branch not verified,nan,unverified,nan
random,R10_ties_05,True,top2_completion,1112.0,generated,nan,unverified,nan,nan,nan,nan,nan,3.599999763537198e-05,Multiple excess rows after initialization: original dependency branch not verified,nan,unverified,nan
random,R10_ties_06,True,baseline,1254.0,generated,nan,unverified,nan,nan,nan,nan,nan,3.6299999919719994e-05,Multiple excess rows after initialization: original dependency branch not verified,nan,unverified,nan
random,R10_ties_06,True,cap_receiver,1254.0,generated,nan,unverified,nan,nan,nan,nan,nan,3.640000068116933e-05,Multiple excess rows after initialization: original dependency branch not verified,nan,unverified,nan
random,R10_ties_06,True,net_tie,1254.0,generated,nan,unverified,nan,nan,nan,nan,nan,3.389999983482994e-05,Multiple excess rows after initialization: original dependency branch not verified,nan,unverified,nan
random,R10_ties_06,True,cap_net_tie,1254.0,generated,nan,unverified,nan,nan,nan,nan,nan,3.389999983482994e-05,Multiple excess rows after initialization: original dependency branch not verified,nan,unverified,nan
random,R10_ties_06,True,top2_completion,1254.0,generated,nan,unverified,nan,nan,nan,nan,nan,3.949999882024713e-05,Multiple excess rows after initialization: original dependency branch not verified,nan,unverified,nan
random,R10_ties_07,True,baseline,1400.0,generated,nan,unverified,nan,nan,nan,nan,nan,3.460000152699649e-05,Multiple excess rows after initialization: original dependency branch not verified,nan,unverified,nan
random,R10_ties_07,True,cap_receiver,1400.0,generated,nan,unverified,nan,nan,nan,nan,nan,3.409999771974981e-05,Multiple excess rows after initialization: original dependency branch not verified,nan,unverified,nan
random,R10_ties_07,True,net_tie,1400.0,generated,nan,unverified,nan,nan,nan,nan,nan,3.3700001949910074e-05,Multiple excess rows after initialization: original dependency branch not verified,nan,unverified,nan
random,R10_ties_07,True,cap_net_tie,1400.0,generated,nan,unverified,nan,nan,nan,nan,nan,3.360000118846074e-05,Multiple excess rows after initialization: original dependency branch not verified,nan,unverified,nan
random,R10_ties_07,True,top2_completion,1400.0,generated,nan,unverified,nan,nan,nan,nan,nan,3.360000118846074e-05,Multiple excess rows after initialization: original dependency branch not verified,nan,unverified,nan
random,R10_ties_08,True,baseline,890.0,generated,nan,unverified,nan,nan,nan,nan,nan,3.3799999073380604e-05,Multiple excess rows after initialization: original dependency branch not verified,nan,unverified,nan
random,R10_ties_08,True,cap_receiver,890.0,generated,nan,unverified,nan,nan,nan,nan,nan,3.389999983482994e-05,Multiple excess rows after initialization: original dependency branch not verified,nan,unverified,nan
random,R10_ties_08,True,net_tie,890.0,generated,nan,unverified,nan,nan,nan,nan,nan,3.470000228844583e-05,Multiple excess rows after initialization: original dependency branch not verified,nan,unverified,nan
random,R10_ties_08,True,cap_net_tie,890.0,generated,nan,unverified,nan,nan,nan,nan,nan,3.4199998481199145e-05,Multiple excess rows after initialization: original dependency branch not verified,nan,unverified,nan
random,R10_ties_08,True,top2_completion,890.0,generated,nan,unverified,nan,nan,nan,nan,nan,3.400000059627928e-05,Multiple excess rows after initialization: original dependency branch not verified,nan,unverified,nan
random,R10_ties_09,True,baseline,1272.0,generated,nan,unverified,nan,nan,nan,nan,nan,3.389999983482994e-05,Multiple excess rows after initialization: original dependency branch not verified,nan,unverified,nan
random,R10_ties_09,True,cap_receiver,1272.0,generated,nan,unverified,nan,nan,nan,nan,nan,3.400000059627928e-05,Multiple excess rows after initialization: original dependency branch not verified,nan,unverified,nan
random,R10_ties_09,True,net_tie,1272.0,generated,nan,unverified,nan,nan,nan,nan,nan,3.4100001357728615e-05,Multiple excess rows after initialization: original dependency branch not verified,nan,unverified,nan
random,R10_ties_09,True,cap_net_tie,1272.0,generated,nan,unverified,nan,nan,nan,nan,nan,3.409999771974981e-05,Multiple excess rows after initialization: original dependency branch not verified,nan,unverified,nan
random,R10_ties_09,True,top2_completion,1272.0,generated,nan,unverified,nan,nan,nan,nan,nan,3.380000271135941e-05,Multiple excess rows after initialization: original dependency branch not verified,nan,unverified,nan
random,R10_ties_10,True,baseline,1647.0,generated,nan,unverified,nan,nan,nan,nan,nan,3.420000211917795e-05,Multiple excess rows after initialization: original dependency branch not verified,nan,unverified,nan
random,R10_ties_10,True,cap_receiver,1647.0,generated,nan,unverified,nan,nan,nan,nan,nan,3.429999924264848e-05,Multiple excess rows after initialization: original dependency branch not verified,nan,unverified,nan
random,R10_ties_10,True,net_tie,1647.0,generated,nan,unverified,nan,nan,nan,nan,nan,3.380000271135941e-05,Multiple excess rows after initialization: original dependency branch not verified,nan,unverified,nan
random,R10_ties_10,True,cap_net_tie,1647.0,generated,nan,unverified,nan,nan,nan,nan,nan,3.4199998481199145e-05,Multiple excess rows after initialization: original dependency branch not verified,nan,unverified,nan
random,R10_ties_10,True,top2_completion,1647.0,generated,nan,unverified,nan,nan,nan,nan,nan,3.3700001949910074e-05,Multiple excess rows after initialization: original dependency branch not verified,nan,unverified,nan
random,R10_ties_11,True,baseline,1578.0,generated,nan,unverified,nan,nan,nan,nan,nan,3.389999983482994e-05,Multiple excess rows after initialization: original dependency branch not verified,nan,unverified,nan
random,R10_ties_11,True,cap_receiver,1578.0,generated,nan,unverified,nan,nan,nan,nan,nan,3.399999695830047e-05,Multiple excess rows after initialization: original dependency branch not verified,nan,unverified,nan
random,R10_ties_11,True,net_tie,1578.0,generated,nan,unverified,nan,nan,nan,nan,nan,3.5400000342633575e-05,Multiple excess rows after initialization: original dependency branch not verified,nan,unverified,nan
random,R10_ties_11,True,cap_net_tie,1578.0,generated,nan,unverified,nan,nan,nan,nan,nan,3.400000059627928e-05,Multiple excess rows after initialization: original dependency branch not verified,nan,unverified,nan
random,R10_ties_11,True,top2_completion,1578.0,generated,nan,unverified,nan,nan,nan,nan,nan,3.510000169626437e-05,Multiple excess rows after initialization: original dependency branch not verified,nan,unverified,nan
random,R10_ties_12,True,baseline,1379.0,generated,nan,unverified,nan,nan,nan,nan,nan,3.409999771974981e-05,Multiple excess rows after initialization: original dependency branch not verified,nan,unverified,nan
random,R10_ties_12,True,cap_receiver,1379.0,generated,nan,unverified,nan,nan,nan,nan,nan,3.400000059627928e-05,Multiple excess rows after initialization: original dependency branch not verified,nan,unverified,nan
random,R10_ties_12,True,net_tie,1379.0,generated,nan,unverified,nan,nan,nan,nan,nan,3.3700001949910074e-05,Multiple excess rows after initialization: original dependency branch not verified,nan,unverified,nan
random,R10_ties_12,True,cap_net_tie,1379.0,generated,nan,unverified,nan,nan,nan,nan,nan,3.389999983482994e-05,Multiple excess rows after initialization: original dependency branch not verified,nan,unverified,nan
random,R10_ties_12,True,top2_completion,1379.0,generated,nan,unverified,nan,nan,nan,nan,nan,3.3700001949910074e-05,Multiple excess rows after initialization: original dependency branch not verified,nan,unverified,nan
random,R10_ties_13,True,baseline,1052.0,generated,nan,unverified,nan,nan,nan,nan,nan,3.520000245771371e-05,Multiple excess rows after initialization: original dependency branch not verified,nan,unverified,nan
random,R10_ties_13,True,cap_receiver,1052.0,generated,nan,unverified,nan,nan,nan,nan,nan,3.5799999750452116e-05,Multiple excess rows after initialization: original dependency branch not verified,nan,unverified,nan
random,R10_ties_13,True,net_tie,1052.0,generated,nan,unverified,nan,nan,nan,nan,nan,3.590000051190145e-05,Multiple excess rows after initialization: original dependency branch not verified,nan,unverified,nan
random,R10_ties_13,True,cap_net_tie,1052.0,generated,nan,unverified,nan,nan,nan,nan,nan,3.619999915827066e-05,Multiple excess rows after initialization: original dependency branch not verified,nan,unverified,nan
random,R10_ties_13,True,top2_completion,1052.0,generated,nan,unverified,nan,nan,nan,nan,nan,3.5700002626981586e-05,Multiple excess rows after initialization: original dependency branch not verified,nan,unverified,nan
random,R10_ties_14,True,baseline,1218.0,generated,nan,unverified,nan,nan,nan,nan,nan,3.6699999327538535e-05,Multiple excess rows after initialization: original dependency branch not verified,nan,unverified,nan
random,R10_ties_14,True,cap_receiver,1218.0,generated,nan,unverified,nan,nan,nan,nan,nan,3.6299999919719994e-05,Multiple excess rows after initialization: original dependency branch not verified,nan,unverified,nan
random,R10_ties_14,True,net_tie,1218.0,generated,nan,unverified,nan,nan,nan,nan,nan,3.599999763537198e-05,Multiple excess rows after initialization: original dependency branch not verified,nan,unverified,nan
random,R10_ties_14,True,cap_net_tie,1218.0,generated,nan,unverified,nan,nan,nan,nan,nan,3.600000127335079e-05,Multiple excess rows after initialization: original dependency branch not verified,nan,unverified,nan
random,R10_ties_14,True,top2_completion,1218.0,generated,nan,unverified,nan,nan,nan,nan,nan,3.5799999750452116e-05,Multiple excess rows after initialization: original dependency branch not verified,nan,unverified,nan
random,R10_ties_15,True,baseline,1297.0,generated,nan,unverified,nan,nan,nan,nan,nan,3.409999771974981e-05,Multiple excess rows after initialization: original dependency branch not verified,nan,unverified,nan
random,R10_ties_15,True,cap_receiver,1297.0,generated,nan,unverified,nan,nan,nan,nan,nan,3.380000271135941e-05,Multiple excess rows after initialization: original dependency branch not verified,nan,unverified,nan
random,R10_ties_15,True,net_tie,1297.0,generated,nan,unverified,nan,nan,nan,nan,nan,3.400000059627928e-05,Multiple excess rows after initialization: original dependency branch not verified,nan,unverified,nan
random,R10_ties_15,True,cap_net_tie,1297.0,generated,nan,unverified,nan,nan,nan,nan,nan,3.3700001949910074e-05,Multiple excess rows after initialization: original dependency branch not verified,nan,unverified,nan
random,R10_ties_15,True,top2_completion,1297.0,generated,nan,unverified,nan,nan,nan,nan,nan,3.3799999073380604e-05,Multiple excess rows after initialization: original dependency branch not verified,nan,unverified,nan
random,R10_ties_16,True,baseline,1417.0,generated,nan,unverified,nan,nan,nan,nan,nan,3.3799999073380604e-05,Multiple excess rows after initialization: original dependency branch not verified,nan,unverified,nan
random,R10_ties_16,True,cap_receiver,1417.0,generated,nan,unverified,nan,nan,nan,nan,nan,3.369999831193127e-05,Multiple excess rows after initialization: original dependency branch not verified,nan,unverified,nan
random,R10_ties_16,True,net_tie,1417.0,generated,nan,unverified,nan,nan,nan,nan,nan,3.340000330354087e-05,Multiple excess rows after initialization: original dependency branch not verified,nan,unverified,nan
random,R10_ties_16,True,cap_net_tie,1417.0,generated,nan,unverified,nan,nan,nan,nan,nan,3.360000118846074e-05,Multiple excess rows after initialization: original dependency branch not verified,nan,unverified,nan
random,R10_ties_16,True,top2_completion,1417.0,generated,nan,unverified,nan,nan,nan,nan,nan,3.35000004270114e-05,Multiple excess rows after initialization: original dependency branch not verified,nan,unverified,nan
random,R10_ties_17,True,baseline,822.0,generated,nan,unverified,nan,nan,nan,nan,nan,3.360000118846074e-05,Multiple excess rows after initialization: original dependency branch not verified,nan,unverified,nan
random,R10_ties_17,True,cap_receiver,822.0,generated,nan,unverified,nan,nan,nan,nan,nan,3.3799999073380604e-05,Multiple excess rows after initialization: original dependency branch not verified,nan,unverified,nan
random,R10_ties_17,True,net_tie,822.0,generated,nan,unverified,nan,nan,nan,nan,nan,3.380000271135941e-05,Multiple excess rows after initialization: original dependency branch not verified,nan,unverified,nan
random,R10_ties_17,True,cap_net_tie,822.0,generated,nan,unverified,nan,nan,nan,nan,nan,0.00010800000018207356,Multiple excess rows after initialization: original dependency branch not verified,nan,unverified,nan
random,R10_ties_17,True,top2_completion,822.0,generated,nan,unverified,nan,nan,nan,nan,nan,0.0001357000001007691,Multiple excess rows after initialization: original dependency branch not verified,nan,unverified,nan
random,R10_ties_18,True,baseline,677.0,generated,nan,unverified,nan,nan,nan,nan,nan,5.3099996875971556e-05,Multiple excess rows after initialization: original dependency branch not verified,nan,unverified,nan
random,R10_ties_18,True,cap_receiver,677.0,generated,nan,unverified,nan,nan,nan,nan,nan,3.740000101970509e-05,Multiple excess rows after initialization: original dependency branch not verified,nan,unverified,nan
random,R10_ties_18,True,net_tie,677.0,generated,nan,unverified,nan,nan,nan,nan,nan,3.719999949680641e-05,Multiple excess rows after initialization: original dependency branch not verified,nan,unverified,nan
random,R10_ties_18,True,cap_net_tie,677.0,generated,nan,unverified,nan,nan,nan,nan,nan,3.6600002204068005e-05,Multiple excess rows after initialization: original dependency branch not verified,nan,unverified,nan
random,R10_ties_18,True,top2_completion,677.0,generated,nan,unverified,nan,nan,nan,nan,nan,3.619999915827066e-05,Multiple excess rows after initialization: original dependency branch not verified,nan,unverified,nan
random,R10_ties_19,True,baseline,1678.0,generated,nan,unverified,nan,nan,nan,nan,nan,3.739999738172628e-05,Multiple excess rows after initialization: original dependency branch not verified,nan,unverified,nan
random,R10_ties_19,True,cap_receiver,1678.0,generated,nan,unverified,nan,nan,nan,nan,nan,3.640000068116933e-05,Multiple excess rows after initialization: original dependency branch not verified,nan,unverified,nan
random,R10_ties_19,True,net_tie,1678.0,generated,nan,unverified,nan,nan,nan,nan,nan,3.619999915827066e-05,Multiple excess rows after initialization: original dependency branch not verified,nan,unverified,nan
random,R10_ties_19,True,cap_net_tie,1678.0,generated,nan,unverified,nan,nan,nan,nan,nan,3.6200002796249464e-05,Multiple excess rows after initialization: original dependency branch not verified,nan,unverified,nan
random,R10_ties_19,True,top2_completion,1678.0,generated,nan,unverified,nan,nan,nan,nan,nan,3.690000085043721e-05,Multiple excess rows after initialization: original dependency branch not verified,nan,unverified,nan
random,R10_skewed_00,True,baseline,2030.0,generated,nan,unverified,nan,nan,nan,nan,nan,3.619999915827066e-05,Multiple excess rows after initialization: original dependency branch not verified,nan,unverified,nan
random,R10_skewed_00,True,cap_receiver,2030.0,generated,nan,unverified,nan,nan,nan,nan,nan,3.640000068116933e-05,Multiple excess rows after initialization: original dependency branch not verified,nan,unverified,nan
random,R10_skewed_00,True,net_tie,2030.0,generated,nan,unverified,nan,nan,nan,nan,nan,3.6299999919719994e-05,Multiple excess rows after initialization: original dependency branch not verified,nan,unverified,nan
random,R10_skewed_00,True,cap_net_tie,2030.0,generated,nan,unverified,nan,nan,nan,nan,nan,3.650000144261867e-05,Multiple excess rows after initialization: original dependency branch not verified,nan,unverified,nan
random,R10_skewed_00,True,top2_completion,2030.0,generated,nan,unverified,nan,nan,nan,nan,nan,3.619999915827066e-05,Multiple excess rows after initialization: original dependency branch not verified,nan,unverified,nan
random,R10_skewed_01,True,baseline,1223.0,generated,nan,unverified,nan,nan,nan,nan,nan,3.789999755099416e-05,Multiple excess rows after initialization: original dependency branch not verified,nan,unverified,nan
random,R10_skewed_01,True,cap_receiver,1223.0,generated,nan,unverified,nan,nan,nan,nan,nan,7.499999992433004e-05,Multiple excess rows after initialization: original dependency branch not verified,nan,unverified,nan
random,R10_skewed_01,True,net_tie,1223.0,generated,nan,unverified,nan,nan,nan,nan,nan,6.230000144569203e-05,Multiple excess rows after initialization: original dependency branch not verified,nan,unverified,nan
random,R10_skewed_01,True,cap_net_tie,1223.0,generated,nan,unverified,nan,nan,nan,nan,nan,4.169999738223851e-05,Multiple excess rows after initialization: original dependency branch not verified,nan,unverified,nan
random,R10_skewed_01,True,top2_completion,1223.0,generated,nan,unverified,nan,nan,nan,nan,nan,6.619999840040691e-05,Multiple excess rows after initialization: original dependency branch not verified,nan,unverified,nan
random,R10_skewed_02,True,baseline,1731.0,generated,nan,unverified,nan,nan,nan,nan,nan,4.160000025876798e-05,Multiple excess rows after initialization: original dependency branch not verified,nan,unverified,nan
random,R10_skewed_02,True,cap_receiver,1731.0,generated,nan,unverified,nan,nan,nan,nan,nan,3.719999949680641e-05,Multiple excess rows after initialization: original dependency branch not verified,nan,unverified,nan
random,R10_skewed_02,True,net_tie,1731.0,generated,nan,unverified,nan,nan,nan,nan,nan,3.690000085043721e-05,Multiple excess rows after initialization: original dependency branch not verified,nan,unverified,nan
random,R10_skewed_02,True,cap_net_tie,1731.0,generated,nan,unverified,nan,nan,nan,nan,nan,3.650000144261867e-05,Multiple excess rows after initialization: original dependency branch not verified,nan,unverified,nan
random,R10_skewed_02,True,top2_completion,1731.0,generated,nan,unverified,nan,nan,nan,nan,nan,3.619999915827066e-05,Multiple excess rows after initialization: original dependency branch not verified,nan,unverified,nan
random,R10_skewed_03,True,baseline,678.0,generated,nan,unverified,nan,nan,nan,nan,nan,3.640000068116933e-05,Multiple excess rows after initialization: original dependency branch not verified,nan,unverified,nan
random,R10_skewed_03,True,cap_receiver,678.0,generated,nan,unverified,nan,nan,nan,nan,nan,3.619999915827066e-05,Multiple excess rows after initialization: original dependency branch not verified,nan,unverified,nan
random,R10_skewed_03,True,net_tie,678.0,generated,nan,unverified,nan,nan,nan,nan,nan,4.119999721297063e-05,Multiple excess rows after initialization: original dependency branch not verified,nan,unverified,nan
random,R10_skewed_03,True,cap_net_tie,678.0,generated,nan,unverified,nan,nan,nan,nan,nan,3.710000237333588e-05,Multiple excess rows after initialization: original dependency branch not verified,nan,unverified,nan
random,R10_skewed_03,True,top2_completion,678.0,generated,nan,unverified,nan,nan,nan,nan,nan,3.769999966607429e-05,Multiple excess rows after initialization: original dependency branch not verified,nan,unverified,nan
random,R10_skewed_04,True,baseline,1658.0,generated,nan,unverified,nan,nan,nan,nan,nan,3.6699999327538535e-05,Multiple excess rows after initialization: original dependency branch not verified,nan,unverified,nan
random,R10_skewed_04,True,cap_receiver,1658.0,generated,nan,unverified,nan,nan,nan,nan,nan,3.640000068116933e-05,Multiple excess rows after initialization: original dependency branch not verified,nan,unverified,nan
random,R10_skewed_04,True,net_tie,1658.0,generated,nan,unverified,nan,nan,nan,nan,nan,3.6299999919719994e-05,Multiple excess rows after initialization: original dependency branch not verified,nan,unverified,nan
random,R10_skewed_04,True,cap_net_tie,1658.0,generated,nan,unverified,nan,nan,nan,nan,nan,3.599999763537198e-05,Multiple excess rows after initialization: original dependency branch not verified,nan,unverified,nan
random,R10_skewed_04,True,top2_completion,1658.0,generated,nan,unverified,nan,nan,nan,nan,nan,3.599999763537198e-05,Multiple excess rows after initialization: original dependency branch not verified,nan,unverified,nan
random,R10_skewed_05,True,baseline,1718.0,generated,nan,unverified,nan,nan,nan,nan,nan,3.640000068116933e-05,Multiple excess rows after initialization: original dependency branch not verified,nan,unverified,nan
random,R10_skewed_05,True,cap_receiver,1718.0,generated,nan,unverified,nan,nan,nan,nan,nan,3.7000001611886546e-05,Multiple excess rows after initialization: original dependency branch not verified,nan,unverified,nan
random,R10_skewed_05,True,net_tie,1718.0,generated,nan,unverified,nan,nan,nan,nan,nan,3.590000051190145e-05,Multiple excess rows after initialization: original dependency branch not verified,nan,unverified,nan
random,R10_skewed_05,True,cap_net_tie,1718.0,generated,nan,unverified,nan,nan,nan,nan,nan,3.590000051190145e-05,Multiple excess rows after initialization: original dependency branch not verified,nan,unverified,nan
random,R10_skewed_05,True,top2_completion,1718.0,generated,nan,unverified,nan,nan,nan,nan,nan,3.590000051190145e-05,Multiple excess rows after initialization: original dependency branch not verified,nan,unverified,nan
random,R10_skewed_06,True,baseline,1574.0,generated,nan,unverified,nan,nan,nan,nan,nan,3.619999915827066e-05,Multiple excess rows after initialization: original dependency branch not verified,nan,unverified,nan
random,R10_skewed_06,True,cap_receiver,1574.0,generated,nan,unverified,nan,nan,nan,nan,nan,3.590000051190145e-05,Multiple excess rows after initialization: original dependency branch not verified,nan,unverified,nan
random,R10_skewed_06,True,net_tie,1574.0,generated,nan,unverified,nan,nan,nan,nan,nan,3.5400000342633575e-05,Multiple excess rows after initialization: original dependency branch not verified,nan,unverified,nan
random,R10_skewed_06,True,cap_net_tie,1574.0,generated,nan,unverified,nan,nan,nan,nan,nan,3.35000004270114e-05,Multiple excess rows after initialization: original dependency branch not verified,nan,unverified,nan
random,R10_skewed_06,True,top2_completion,1574.0,generated,nan,unverified,nan,nan,nan,nan,nan,3.35000004270114e-05,Multiple excess rows after initialization: original dependency branch not verified,nan,unverified,nan
random,R10_skewed_07,True,baseline,826.0,generated,nan,unverified,nan,nan,nan,nan,nan,4.459999763639644e-05,Multiple excess rows after initialization: original dependency branch not verified,nan,unverified,nan
random,R10_skewed_07,True,cap_receiver,826.0,generated,nan,unverified,nan,nan,nan,nan,nan,3.4500000765547156e-05,Multiple excess rows after initialization: original dependency branch not verified,nan,unverified,nan
random,R10_skewed_07,True,net_tie,826.0,generated,nan,unverified,nan,nan,nan,nan,nan,3.389999983482994e-05,Multiple excess rows after initialization: original dependency branch not verified,nan,unverified,nan
random,R10_skewed_07,True,cap_net_tie,826.0,generated,nan,unverified,nan,nan,nan,nan,nan,3.610000203480013e-05,Multiple excess rows after initialization: original dependency branch not verified,nan,unverified,nan
random,R10_skewed_07,True,top2_completion,826.0,generated,nan,unverified,nan,nan,nan,nan,nan,3.550000110408291e-05,Multiple excess rows after initialization: original dependency branch not verified,nan,unverified,nan
random,R10_skewed_08,True,baseline,1033.0,generated,nan,unverified,nan,nan,nan,nan,nan,3.6299999919719994e-05,Multiple excess rows after initialization: original dependency branch not verified,nan,unverified,nan
random,R10_skewed_08,True,cap_receiver,1033.0,generated,nan,unverified,nan,nan,nan,nan,nan,3.640000068116933e-05,Multiple excess rows after initialization: original dependency branch not verified,nan,unverified,nan
random,R10_skewed_08,True,net_tie,1033.0,generated,nan,unverified,nan,nan,nan,nan,nan,3.609999839682132e-05,Multiple excess rows after initialization: original dependency branch not verified,nan,unverified,nan
random,R10_skewed_08,True,cap_net_tie,1033.0,generated,nan,unverified,nan,nan,nan,nan,nan,3.600000127335079e-05,Multiple excess rows after initialization: original dependency branch not verified,nan,unverified,nan
random,R10_skewed_08,True,top2_completion,1033.0,generated,nan,unverified,nan,nan,nan,nan,nan,3.6699999327538535e-05,Multiple excess rows after initialization: original dependency branch not verified,nan,unverified,nan
random,R10_skewed_09,True,baseline,1583.0,generated,nan,unverified,nan,nan,nan,nan,nan,3.640000068116933e-05,Multiple excess rows after initialization: original dependency branch not verified,nan,unverified,nan
random,R10_skewed_09,True,cap_receiver,1583.0,generated,nan,unverified,nan,nan,nan,nan,nan,3.619999915827066e-05,Multiple excess rows after initialization: original dependency branch not verified,nan,unverified,nan
random,R10_skewed_09,True,net_tie,1583.0,generated,nan,unverified,nan,nan,nan,nan,nan,3.769999966607429e-05,Multiple excess rows after initialization: original dependency branch not verified,nan,unverified,nan
random,R10_skewed_09,True,cap_net_tie,1583.0,generated,nan,unverified,nan,nan,nan,nan,nan,3.690000085043721e-05,Multiple excess rows after initialization: original dependency branch not verified,nan,unverified,nan
random,R10_skewed_09,True,top2_completion,1583.0,generated,nan,unverified,nan,nan,nan,nan,nan,3.609999839682132e-05,Multiple excess rows after initialization: original dependency branch not verified,nan,unverified,nan
random,R10_skewed_10,True,baseline,1002.0,generated,nan,unverified,nan,nan,nan,nan,nan,3.640000068116933e-05,Multiple excess rows after initialization: original dependency branch not verified,nan,unverified,nan
random,R10_skewed_10,True,cap_receiver,1002.0,generated,nan,unverified,nan,nan,nan,nan,nan,3.65999985660892e-05,Multiple excess rows after initialization: original dependency branch not verified,nan,unverified,nan
random,R10_skewed_10,True,net_tie,1002.0,generated,nan,unverified,nan,nan,nan,nan,nan,3.68999972124584e-05,Multiple excess rows after initialization: original dependency branch not verified,nan,unverified,nan
random,R10_skewed_10,True,cap_net_tie,1002.0,generated,nan,unverified,nan,nan,nan,nan,nan,3.730000025825575e-05,Multiple excess rows after initialization: original dependency branch not verified,nan,unverified,nan
random,R10_skewed_10,True,top2_completion,1002.0,generated,nan,unverified,nan,nan,nan,nan,nan,3.710000237333588e-05,Multiple excess rows after initialization: original dependency branch not verified,nan,unverified,nan
random,R10_skewed_11,True,baseline,783.0,generated,nan,unverified,nan,nan,nan,nan,nan,3.730000025825575e-05,Multiple excess rows after initialization: original dependency branch not verified,nan,unverified,nan
random,R10_skewed_11,True,cap_receiver,783.0,generated,nan,unverified,nan,nan,nan,nan,nan,3.729999662027694e-05,Multiple excess rows after initialization: original dependency branch not verified,nan,unverified,nan
random,R10_skewed_11,True,net_tie,783.0,generated,nan,unverified,nan,nan,nan,nan,nan,3.870000000461005e-05,Multiple excess rows after initialization: original dependency branch not verified,nan,unverified,nan
random,R10_skewed_11,True,cap_net_tie,783.0,generated,nan,unverified,nan,nan,nan,nan,nan,3.930000093532726e-05,Multiple excess rows after initialization: original dependency branch not verified,nan,unverified,nan
random,R10_skewed_11,True,top2_completion,783.0,generated,nan,unverified,nan,nan,nan,nan,nan,3.909999941242859e-05,Multiple excess rows after initialization: original dependency branch not verified,nan,unverified,nan
random,R10_skewed_12,True,baseline,1167.0,generated,nan,unverified,nan,nan,nan,nan,nan,3.930000093532726e-05,Multiple excess rows after initialization: original dependency branch not verified,nan,unverified,nan
random,R10_skewed_12,True,cap_receiver,1167.0,generated,nan,unverified,nan,nan,nan,nan,nan,3.870000000461005e-05,Multiple excess rows after initialization: original dependency branch not verified,nan,unverified,nan
random,R10_skewed_12,True,net_tie,1167.0,generated,nan,unverified,nan,nan,nan,nan,nan,3.8300000596791506e-05,Multiple excess rows after initialization: original dependency branch not verified,nan,unverified,nan
random,R10_skewed_12,True,cap_net_tie,1167.0,generated,nan,unverified,nan,nan,nan,nan,nan,3.640000068116933e-05,Multiple excess rows after initialization: original dependency branch not verified,nan,unverified,nan
random,R10_skewed_12,True,top2_completion,1167.0,generated,nan,unverified,nan,nan,nan,nan,nan,3.65999985660892e-05,Multiple excess rows after initialization: original dependency branch not verified,nan,unverified,nan
random,R10_skewed_13,True,baseline,1551.0,generated,nan,unverified,nan,nan,nan,nan,nan,3.650000144261867e-05,Multiple excess rows after initialization: original dependency branch not verified,nan,unverified,nan
random,R10_skewed_13,True,cap_receiver,1551.0,generated,nan,unverified,nan,nan,nan,nan,nan,3.6299999919719994e-05,Multiple excess rows after initialization: original dependency branch not verified,nan,unverified,nan
random,R10_skewed_13,True,net_tie,1551.0,generated,nan,unverified,nan,nan,nan,nan,nan,3.609999839682132e-05,Multiple excess rows after initialization: original dependency branch not verified,nan,unverified,nan
random,R10_skewed_13,True,cap_net_tie,1551.0,generated,nan,unverified,nan,nan,nan,nan,nan,3.5799999750452116e-05,Multiple excess rows after initialization: original dependency branch not verified,nan,unverified,nan
random,R10_skewed_13,True,top2_completion,1551.0,generated,nan,unverified,nan,nan,nan,nan,nan,3.9999998989515007e-05,Multiple excess rows after initialization: original dependency branch not verified,nan,unverified,nan
random,R10_skewed_14,True,baseline,3314.0,generated,nan,unverified,nan,nan,nan,nan,nan,3.719999949680641e-05,Multiple excess rows after initialization: original dependency branch not verified,nan,unverified,nan
random,R10_skewed_14,True,cap_receiver,3314.0,generated,nan,unverified,nan,nan,nan,nan,nan,3.6699999327538535e-05,Multiple excess rows after initialization: original dependency branch not verified,nan,unverified,nan
random,R10_skewed_14,True,net_tie,3314.0,generated,nan,unverified,nan,nan,nan,nan,nan,3.780000042752363e-05,Multiple excess rows after initialization: original dependency branch not verified,nan,unverified,nan
random,R10_skewed_14,True,cap_net_tie,3314.0,generated,nan,unverified,nan,nan,nan,nan,nan,3.650000144261867e-05,Multiple excess rows after initialization: original dependency branch not verified,nan,unverified,nan
random,R10_skewed_14,True,top2_completion,3314.0,generated,nan,unverified,nan,nan,nan,nan,nan,3.6299999919719994e-05,Multiple excess rows after initialization: original dependency branch not verified,nan,unverified,nan
random,R10_skewed_15,True,baseline,965.0,generated,nan,unverified,nan,nan,nan,nan,nan,3.600000127335079e-05,Multiple excess rows after initialization: original dependency branch not verified,nan,unverified,nan
random,R10_skewed_15,True,cap_receiver,965.0,generated,nan,unverified,nan,nan,nan,nan,nan,3.569999898900278e-05,Multiple excess rows after initialization: original dependency branch not verified,nan,unverified,nan
random,R10_skewed_15,True,net_tie,965.0,generated,nan,unverified,nan,nan,nan,nan,nan,3.6399997043190524e-05,Multiple excess rows after initialization: original dependency branch not verified,nan,unverified,nan
random,R10_skewed_15,True,cap_net_tie,965.0,generated,nan,unverified,nan,nan,nan,nan,nan,3.609999839682132e-05,Multiple excess rows after initialization: original dependency branch not verified,nan,unverified,nan
random,R10_skewed_15,True,top2_completion,965.0,generated,nan,unverified,nan,nan,nan,nan,nan,3.619999915827066e-05,Multiple excess rows after initialization: original dependency branch not verified,nan,unverified,nan
random,R10_skewed_16,True,baseline,1214.0,generated,nan,unverified,nan,nan,nan,nan,nan,3.619999915827066e-05,Multiple excess rows after initialization: original dependency branch not verified,nan,unverified,nan
random,R10_skewed_16,True,cap_receiver,1214.0,generated,nan,unverified,nan,nan,nan,nan,nan,3.49000001733657e-05,Multiple excess rows after initialization: original dependency branch not verified,nan,unverified,nan
random,R10_skewed_16,True,net_tie,1214.0,generated,nan,unverified,nan,nan,nan,nan,nan,3.3799999073380604e-05,Multiple excess rows after initialization: original dependency branch not verified,nan,unverified,nan
random,R10_skewed_16,True,cap_net_tie,1214.0,generated,nan,unverified,nan,nan,nan,nan,nan,3.360000118846074e-05,Multiple excess rows after initialization: original dependency branch not verified,nan,unverified,nan
random,R10_skewed_16,True,top2_completion,1214.0,generated,nan,unverified,nan,nan,nan,nan,nan,3.3799999073380604e-05,Multiple excess rows after initialization: original dependency branch not verified,nan,unverified,nan
random,R10_skewed_17,True,baseline,1519.0,generated,nan,unverified,nan,nan,nan,nan,nan,3.409999771974981e-05,Multiple excess rows after initialization: original dependency branch not verified,nan,unverified,nan
random,R10_skewed_17,True,cap_receiver,1519.0,generated,nan,unverified,nan,nan,nan,nan,nan,3.4100001357728615e-05,Multiple excess rows after initialization: original dependency branch not verified,nan,unverified,nan
random,R10_skewed_17,True,net_tie,1519.0,generated,nan,unverified,nan,nan,nan,nan,nan,3.420000211917795e-05,Multiple excess rows after initialization: original dependency branch not verified,nan,unverified,nan
random,R10_skewed_17,True,cap_net_tie,1519.0,generated,nan,unverified,nan,nan,nan,nan,nan,3.3799999073380604e-05,Multiple excess rows after initialization: original dependency branch not verified,nan,unverified,nan
random,R10_skewed_17,True,top2_completion,1519.0,generated,nan,unverified,nan,nan,nan,nan,nan,4.160000025876798e-05,Multiple excess rows after initialization: original dependency branch not verified,nan,unverified,nan
random,R10_skewed_18,True,baseline,1398.0,generated,nan,unverified,nan,nan,nan,nan,nan,3.479999941191636e-05,Multiple excess rows after initialization: original dependency branch not verified,nan,unverified,nan
random,R10_skewed_18,True,cap_receiver,1398.0,generated,nan,unverified,nan,nan,nan,nan,nan,3.400000059627928e-05,Multiple excess rows after initialization: original dependency branch not verified,nan,unverified,nan
random,R10_skewed_18,True,net_tie,1398.0,generated,nan,unverified,nan,nan,nan,nan,nan,3.389999983482994e-05,Multiple excess rows after initialization: original dependency branch not verified,nan,unverified,nan
random,R10_skewed_18,True,cap_net_tie,1398.0,generated,nan,unverified,nan,nan,nan,nan,nan,3.400000059627928e-05,Multiple excess rows after initialization: original dependency branch not verified,nan,unverified,nan
random,R10_skewed_18,True,top2_completion,1398.0,generated,nan,unverified,nan,nan,nan,nan,nan,3.3799999073380604e-05,Multiple excess rows after initialization: original dependency branch not verified,nan,unverified,nan
random,R10_skewed_19,True,baseline,1194.0,generated,nan,unverified,nan,nan,nan,nan,nan,3.389999983482994e-05,Multiple excess rows after initialization: original dependency branch not verified,nan,unverified,nan
random,R10_skewed_19,True,cap_receiver,1194.0,generated,nan,unverified,nan,nan,nan,nan,nan,3.440000000409782e-05,Multiple excess rows after initialization: original dependency branch not verified,nan,unverified,nan
random,R10_skewed_19,True,net_tie,1194.0,generated,nan,unverified,nan,nan,nan,nan,nan,3.369999831193127e-05,Multiple excess rows after initialization: original dependency branch not verified,nan,unverified,nan
random,R10_skewed_19,True,cap_net_tie,1194.0,generated,nan,unverified,nan,nan,nan,nan,nan,3.35000004270114e-05,Multiple excess rows after initialization: original dependency branch not verified,nan,unverified,nan
random,R10_skewed_19,True,top2_completion,1194.0,generated,nan,unverified,nan,nan,nan,nan,nan,3.369999831193127e-05,Multiple excess rows after initialization: original dependency branch not verified,nan,unverified,nan
