problem,kind,size,method,role,baseline,optimal,status,cost,baseline_cost,baseline_gap_pct,improvement,gap,gap_pct,accuracy,optimal_hit,basic,seconds
L01_Table2,literature,3,LCM_tie_allocation,modified,LCM,435.0,ok,475.0,475.0,9.195402298850574,0.0,40.0,9.195402298850574,91.57894736842105,False,True,0.00018500000078347512
L01_Table2,literature,3,VAM_tie_cost,modified,VAM,435.0,ok,475.0,475.0,9.195402298850574,0.0,40.0,9.195402298850574,91.57894736842105,False,True,0.00028949999978067353
L01_Table2,literature,3,VAM_tie_allocation,modified,VAM,435.0,ok,475.0,475.0,9.195402298850574,0.0,40.0,9.195402298850574,91.57894736842105,False,True,0.0002903000004153
L01_Table2,literature,3,VAM_penalty_sqrtA,modified,VAM,435.0,ok,475.0,475.0,9.195402298850574,0.0,40.0,9.195402298850574,91.57894736842105,False,True,0.00033690000054775737
L01_Table2,literature,3,VAM_penalty_A,modified,VAM,435.0,ok,475.0,475.0,9.195402298850574,0.0,40.0,9.195402298850574,91.57894736842105,False,True,0.00027660000159812625
L01_Table2,literature,3,TDSM_theta1_5,modified,TDSM,435.0,ok,475.0,475.0,9.195402298850574,0.0,40.0,9.195402298850574,91.57894736842105,False,True,0.00025099999947997276
L01_Table2,literature,3,LCM_top2_product,modified,LCM,435.0,ok,520.0,475.0,9.195402298850574,-45.0,85.0,19.54022988505747,83.65384615384616,False,True,0.000204699999812874
L01_Table2,literature,3,LCM_top2_LB,modified,LCM,435.0,ok,475.0,475.0,9.195402298850574,0.0,40.0,9.195402298850574,91.57894736842105,False,True,0.00041309999869554304
L01_Table2,literature,3,VAM_top2_LB,modified,VAM,435.0,ok,435.0,475.0,9.195402298850574,40.0,0.0,0.0,100.0,True,True,0.0007406999993690988
L01_Table2,literature,3,THP_top2_LB,modified,THP,435.0,ok,475.0,475.0,9.195402298850574,0.0,40.0,9.195402298850574,91.57894736842105,False,True,0.0010839999995368998
L01_Table2,literature,3,LCM_top2_rollout,modified,LCM,435.0,ok,475.0,475.0,9.195402298850574,0.0,40.0,9.195402298850574,91.57894736842105,False,True,0.0010003999996115454
L01_Table2,literature,3,LCM_top3_rollout,modified,LCM,435.0,ok,460.0,475.0,9.195402298850574,15.0,25.0,5.747126436781609,94.56521739130434,False,True,0.0008862000013323268
L01_Table2,literature,3,VAM_top2_rollout,modified,VAM,435.0,ok,435.0,475.0,9.195402298850574,40.0,0.0,0.0,100.0,True,True,0.0014074999999138527
L01_Table2,literature,3,VAM_top3_rollout,modified,VAM,435.0,ok,435.0,475.0,9.195402298850574,40.0,0.0,0.0,100.0,True,True,0.0016102000008686446
L01_Table2,literature,3,THP_top2_rollout,modified,THP,435.0,ok,460.0,475.0,9.195402298850574,15.0,25.0,5.747126436781609,94.56521739130434,False,True,0.0011061999994126381
L01_Table2,literature,3,THP_top3_rollout,modified,THP,435.0,ok,460.0,475.0,9.195402298850574,15.0,25.0,5.747126436781609,94.56521739130434,False,True,0.0012284000004001427
L01_Table2,literature,3,THP_top2_LCMcompletion,modified,THP,435.0,ok,460.0,475.0,9.195402298850574,15.0,25.0,5.747126436781609,94.56521739130434,False,True,0.0006486999991466291
L01_Table2,literature,3,VAM_top2_first_only,modified,VAM,435.0,ok,475.0,475.0,9.195402298850574,0.0,40.0,9.195402298850574,91.57894736842105,False,True,0.0004928999987896532
L01_Table2,literature,3,THP_top2_first_only,modified,THP,435.0,ok,475.0,475.0,9.195402298850574,0.0,40.0,9.195402298850574,91.57894736842105,False,True,0.0009985999986383831
L01_Table2,literature,3,VAM_tieA_top2_rollout,modified,VAM,435.0,ok,435.0,475.0,9.195402298850574,40.0,0.0,0.0,100.0,True,True,0.0012836999994760845
L01_Table2,literature,3,MRM_orientation_ensemble,modified,MRM,435.0,ok,475.0,475.0,9.195402298850574,0.0,40.0,9.195402298850574,91.57894736842105,False,True,0.00047450000056414865
L01_Table2,literature,3,LCM_score_alpha025,modified,LCM,435.0,ok,505.0,475.0,9.195402298850574,-30.0,70.0,16.091954022988507,86.13861386138613,False,True,0.00034500000037951395
L01_Table2,literature,3,LCM_score_alpha050,modified,LCM,435.0,ok,475.0,475.0,9.195402298850574,0.0,40.0,9.195402298850574,91.57894736842105,False,True,0.00046440000005532056
L01_Table2,literature,3,LCM_score_alpha075,modified,LCM,435.0,ok,475.0,475.0,9.195402298850574,0.0,40.0,9.195402298850574,91.57894736842105,False,True,0.00031400000079884194
L02_Table3,literature,4,LCM_tie_allocation,modified,LCM,111.0,ok,129.0,129.0,16.216216216216218,0.0,18.0,16.216216216216218,86.04651162790698,False,True,0.00021179999930609483
L02_Table3,literature,4,VAM_tie_cost,modified,VAM,111.0,ok,114.0,114.0,2.7027027027027026,0.0,3.0,2.7027027027027026,97.36842105263158,False,True,0.000716900000043097
L02_Table3,literature,4,VAM_tie_allocation,modified,VAM,111.0,ok,114.0,114.0,2.7027027027027026,0.0,3.0,2.7027027027027026,97.36842105263158,False,True,0.0005456999988382449
L02_Table3,literature,4,VAM_penalty_sqrtA,modified,VAM,111.0,ok,114.0,114.0,2.7027027027027026,0.0,3.0,2.7027027027027026,97.36842105263158,False,True,0.00036440000076254364
L02_Table3,literature,4,VAM_penalty_A,modified,VAM,111.0,ok,114.0,114.0,2.7027027027027026,0.0,3.0,2.7027027027027026,97.36842105263158,False,True,0.0003374999996594852
L02_Table3,literature,4,TDSM_theta1_5,modified,TDSM,111.0,ok,111.0,111.0,0.0,0.0,0.0,0.0,100.0,True,True,0.00028819999897677917
L02_Table3,literature,4,LCM_top2_product,modified,LCM,111.0,ok,129.0,129.0,16.216216216216218,0.0,18.0,16.216216216216218,86.04651162790698,False,True,0.0002117000003636349
L02_Table3,literature,4,LCM_top2_LB,modified,LCM,111.0,ok,111.0,129.0,16.216216216216218,18.0,0.0,0.0,100.0,True,True,0.0004890999989584088
L02_Table3,literature,4,VAM_top2_LB,modified,VAM,111.0,ok,111.0,114.0,2.7027027027027026,3.0,0.0,0.0,100.0,True,True,0.0007537999990745448
L02_Table3,literature,4,THP_top2_LB,modified,THP,111.0,ok,111.0,129.0,16.216216216216218,18.0,0.0,0.0,100.0,True,True,0.0010027999996964354
L02_Table3,literature,4,LCM_top2_rollout,modified,LCM,111.0,ok,111.0,129.0,16.216216216216218,18.0,0.0,0.0,100.0,True,True,0.0009857999993982958
L02_Table3,literature,4,LCM_top3_rollout,modified,LCM,111.0,ok,111.0,129.0,16.216216216216218,18.0,0.0,0.0,100.0,True,True,0.000915099999474478
L02_Table3,literature,4,VAM_top2_rollout,modified,VAM,111.0,ok,111.0,114.0,2.7027027027027026,3.0,0.0,0.0,100.0,True,True,0.0013786000017717015
L02_Table3,literature,4,VAM_top3_rollout,modified,VAM,111.0,ok,111.0,114.0,2.7027027027027026,3.0,0.0,0.0,100.0,True,True,0.0028442999991966644
L02_Table3,literature,4,THP_top2_rollout,modified,THP,111.0,ok,129.0,129.0,16.216216216216218,0.0,18.0,16.216216216216218,86.04651162790698,False,True,0.0038652999992336845
L02_Table3,literature,4,THP_top3_rollout,modified,THP,111.0,ok,129.0,129.0,16.216216216216218,0.0,18.0,16.216216216216218,86.04651162790698,False,True,0.0025313999994978076
L02_Table3,literature,4,THP_top2_LCMcompletion,modified,THP,111.0,ok,129.0,129.0,16.216216216216218,0.0,18.0,16.216216216216218,86.04651162790698,False,True,0.0010335000006307382
L02_Table3,literature,4,VAM_top2_first_only,modified,VAM,111.0,ok,111.0,114.0,2.7027027027027026,3.0,0.0,0.0,100.0,True,True,0.0005703000006178627
L02_Table3,literature,4,THP_top2_first_only,modified,THP,111.0,ok,129.0,129.0,16.216216216216218,0.0,18.0,16.216216216216218,86.04651162790698,False,True,0.0005866999999852851
L02_Table3,literature,4,VAM_tieA_top2_rollout,modified,VAM,111.0,ok,114.0,114.0,2.7027027027027026,0.0,3.0,2.7027027027027026,97.36842105263158,False,True,0.001974500000869739
L02_Table3,literature,4,MRM_orientation_ensemble,modified,MRM,111.0,ok,129.0,129.0,16.216216216216218,0.0,18.0,16.216216216216218,86.04651162790698,False,True,0.0005466000002343208
L02_Table3,literature,4,LCM_score_alpha025,modified,LCM,111.0,ok,114.0,129.0,16.216216216216218,15.0,3.0,2.7027027027027026,97.36842105263158,False,True,0.0003818000004685018
L02_Table3,literature,4,LCM_score_alpha050,modified,LCM,111.0,ok,129.0,129.0,16.216216216216218,0.0,18.0,16.216216216216218,86.04651162790698,False,True,0.0003691000001708744
L02_Table3,literature,4,LCM_score_alpha075,modified,LCM,111.0,ok,129.0,129.0,16.216216216216218,0.0,18.0,16.216216216216218,86.04651162790698,False,True,0.0003639999995357357
L02_Table7,literature,3,LCM_tie_allocation,modified,LCM,7750.0,ok,8800.0,8800.0,13.548387096774194,0.0,1050.0,13.548387096774194,88.06818181818181,False,True,0.00027090000003227033
L02_Table7,literature,3,VAM_tie_cost,modified,VAM,7750.0,ok,8350.0,8350.0,7.741935483870968,0.0,600.0,7.741935483870968,92.81437125748504,False,True,0.0007567000011476921
L02_Table7,literature,3,VAM_tie_allocation,modified,VAM,7750.0,ok,8350.0,8350.0,7.741935483870968,0.0,600.0,7.741935483870968,92.81437125748504,False,True,0.0006266000000323402
L02_Table7,literature,3,VAM_penalty_sqrtA,modified,VAM,7750.0,ok,8350.0,8350.0,7.741935483870968,0.0,600.0,7.741935483870968,92.81437125748504,False,True,0.0007308999993256293
L02_Table7,literature,3,VAM_penalty_A,modified,VAM,7750.0,ok,7750.0,8350.0,7.741935483870968,600.0,0.0,0.0,100.0,True,True,0.0004850999994232552
L02_Table7,literature,3,TDSM_theta1_5,modified,TDSM,7750.0,ok,7750.0,7750.0,0.0,0.0,0.0,0.0,100.0,True,True,0.000634899999568006
L02_Table7,literature,3,LCM_top2_product,modified,LCM,7750.0,ok,8800.0,8800.0,13.548387096774194,0.0,1050.0,13.548387096774194,88.06818181818181,False,True,0.0002710999997361796
L02_Table7,literature,3,LCM_top2_LB,modified,LCM,7750.0,ok,8500.0,8800.0,13.548387096774194,300.0,750.0,9.67741935483871,91.17647058823529,False,True,0.0005722000005334849
L02_Table7,literature,3,VAM_top2_LB,modified,VAM,7750.0,ok,8500.0,8350.0,7.741935483870968,-150.0,750.0,9.67741935483871,91.17647058823529,False,True,0.0007571999994979706
L02_Table7,literature,3,THP_top2_LB,modified,THP,7750.0,ok,7950.0,7950.0,2.5806451612903225,0.0,200.0,2.5806451612903225,97.48427672955975,False,True,0.0026087999995070277
L02_Table7,literature,3,LCM_top2_rollout,modified,LCM,7750.0,ok,8350.0,8800.0,13.548387096774194,450.0,600.0,7.741935483870968,92.81437125748504,False,True,0.002692100000786013
L02_Table7,literature,3,LCM_top3_rollout,modified,LCM,7750.0,ok,7950.0,8800.0,13.548387096774194,850.0,200.0,2.5806451612903225,97.48427672955975,False,True,0.0035410000000410946
L02_Table7,literature,3,VAM_top2_rollout,modified,VAM,7750.0,ok,8350.0,8350.0,7.741935483870968,0.0,600.0,7.741935483870968,92.81437125748504,False,True,0.006328600000415463
L02_Table7,literature,3,VAM_top3_rollout,modified,VAM,7750.0,ok,7750.0,8350.0,7.741935483870968,600.0,0.0,0.0,100.0,True,True,0.0035910000005969778
L02_Table7,literature,3,THP_top2_rollout,modified,THP,7750.0,ok,7950.0,7950.0,2.5806451612903225,0.0,200.0,2.5806451612903225,97.48427672955975,False,True,0.002520100000765524
L02_Table7,literature,3,THP_top3_rollout,modified,THP,7750.0,ok,7950.0,7950.0,2.5806451612903225,0.0,200.0,2.5806451612903225,97.48427672955975,False,True,0.0023034000005281996
L02_Table7,literature,3,THP_top2_LCMcompletion,modified,THP,7750.0,ok,7950.0,7950.0,2.5806451612903225,0.0,200.0,2.5806451612903225,97.48427672955975,False,True,0.00123879999955534
L02_Table7,literature,3,VAM_top2_first_only,modified,VAM,7750.0,ok,8350.0,8350.0,7.741935483870968,0.0,600.0,7.741935483870968,92.81437125748504,False,True,0.0006965000011405209
L02_Table7,literature,3,THP_top2_first_only,modified,THP,7750.0,ok,7950.0,7950.0,2.5806451612903225,0.0,200.0,2.5806451612903225,97.48427672955975,False,True,0.00080329999946116
L02_Table7,literature,3,VAM_tieA_top2_rollout,modified,VAM,7750.0,ok,8350.0,8350.0,7.741935483870968,0.0,600.0,7.741935483870968,92.81437125748504,False,True,0.0021849999993719393
L02_Table7,literature,3,MRM_orientation_ensemble,modified,MRM,7750.0,ok,7750.0,7750.0,0.0,0.0,0.0,0.0,100.0,True,True,0.0005856999996467493
L02_Table7,literature,3,LCM_score_alpha025,modified,LCM,7750.0,ok,8900.0,8800.0,13.548387096774194,-100.0,1150.0,14.838709677419354,87.07865168539325,False,True,0.00045560000035038684
L02_Table7,literature,3,LCM_score_alpha050,modified,LCM,7750.0,ok,8900.0,8800.0,13.548387096774194,-100.0,1150.0,14.838709677419354,87.07865168539325,False,True,0.0004231999992043711
L02_Table7,literature,3,LCM_score_alpha075,modified,LCM,7750.0,ok,8800.0,8800.0,13.548387096774194,0.0,1050.0,13.548387096774194,88.06818181818181,False,True,0.00044020000132150017
L03_Table2,literature,3,LCM_tie_allocation,modified,LCM,465.0,ok,473.0,473.0,1.7204301075268817,0.0,8.0,1.7204301075268817,98.30866807610994,False,True,0.00020589999985531904
L03_Table2,literature,3,VAM_tie_cost,modified,VAM,465.0,ok,473.0,473.0,1.7204301075268817,0.0,8.0,1.7204301075268817,98.30866807610994,False,True,0.00038920000042708125
L03_Table2,literature,3,VAM_tie_allocation,modified,VAM,465.0,ok,475.0,473.0,1.7204301075268817,-2.0,10.0,2.150537634408602,97.89473684210526,False,True,0.0004095999993296573
L03_Table2,literature,3,VAM_penalty_sqrtA,modified,VAM,465.0,ok,475.0,473.0,1.7204301075268817,-2.0,10.0,2.150537634408602,97.89473684210526,False,True,0.0003586000002542278
L03_Table2,literature,3,VAM_penalty_A,modified,VAM,465.0,ok,475.0,473.0,1.7204301075268817,-2.0,10.0,2.150537634408602,97.89473684210526,False,True,0.0002851999997801613
L03_Table2,literature,3,TDSM_theta1_5,modified,TDSM,465.0,ok,473.0,473.0,1.7204301075268817,0.0,8.0,1.7204301075268817,98.30866807610994,False,True,0.00024759999905654695
L03_Table2,literature,3,LCM_top2_product,modified,LCM,465.0,ok,473.0,473.0,1.7204301075268817,0.0,8.0,1.7204301075268817,98.30866807610994,False,True,0.0002533000006224029
L03_Table2,literature,3,LCM_top2_LB,modified,LCM,465.0,ok,473.0,473.0,1.7204301075268817,0.0,8.0,1.7204301075268817,98.30866807610994,False,True,0.0007513000000471948
L03_Table2,literature,3,VAM_top2_LB,modified,VAM,465.0,ok,473.0,473.0,1.7204301075268817,0.0,8.0,1.7204301075268817,98.30866807610994,False,True,0.0008717000000615371
L03_Table2,literature,3,THP_top2_LB,modified,THP,465.0,ok,473.0,473.0,1.7204301075268817,0.0,8.0,1.7204301075268817,98.30866807610994,False,True,0.0009080999989237171
L03_Table2,literature,3,LCM_top2_rollout,modified,LCM,465.0,ok,473.0,473.0,1.7204301075268817,0.0,8.0,1.7204301075268817,98.30866807610994,False,True,0.0006979999998293351
L03_Table2,literature,3,LCM_top3_rollout,modified,LCM,465.0,ok,473.0,473.0,1.7204301075268817,0.0,8.0,1.7204301075268817,98.30866807610994,False,True,0.0006872000012663193
L03_Table2,literature,3,VAM_top2_rollout,modified,VAM,465.0,ok,473.0,473.0,1.7204301075268817,0.0,8.0,1.7204301075268817,98.30866807610994,False,True,0.0009648000013839919
L03_Table2,literature,3,VAM_top3_rollout,modified,VAM,465.0,ok,465.0,473.0,1.7204301075268817,8.0,0.0,0.0,100.0,True,True,0.001218499999595224
L03_Table2,literature,3,THP_top2_rollout,modified,THP,465.0,ok,473.0,473.0,1.7204301075268817,0.0,8.0,1.7204301075268817,98.30866807610994,False,True,0.0011534999994182726
L03_Table2,literature,3,THP_top3_rollout,modified,THP,465.0,ok,473.0,473.0,1.7204301075268817,0.0,8.0,1.7204301075268817,98.30866807610994,False,True,0.0009196000009978889
L03_Table2,literature,3,THP_top2_LCMcompletion,modified,THP,465.0,ok,473.0,473.0,1.7204301075268817,0.0,8.0,1.7204301075268817,98.30866807610994,False,True,0.0006667000016022939
L03_Table2,literature,3,VAM_top2_first_only,modified,VAM,465.0,ok,473.0,473.0,1.7204301075268817,0.0,8.0,1.7204301075268817,98.30866807610994,False,True,0.003444300000410294
L03_Table2,literature,3,THP_top2_first_only,modified,THP,465.0,ok,473.0,473.0,1.7204301075268817,0.0,8.0,1.7204301075268817,98.30866807610994,False,True,0.00047000000085972715
L03_Table2,literature,3,VAM_tieA_top2_rollout,modified,VAM,465.0,ok,473.0,473.0,1.7204301075268817,0.0,8.0,1.7204301075268817,98.30866807610994,False,True,0.00098479999905976
L03_Table2,literature,3,MRM_orientation_ensemble,modified,MRM,465.0,ok,473.0,473.0,1.7204301075268817,0.0,8.0,1.7204301075268817,98.30866807610994,False,True,0.0005753000004915521
L03_Table2,literature,3,LCM_score_alpha025,modified,LCM,465.0,ok,550.0,473.0,1.7204301075268817,-77.0,85.0,18.27956989247312,84.54545454545455,False,True,0.0006111000002420042
L03_Table2,literature,3,LCM_score_alpha050,modified,LCM,465.0,ok,550.0,473.0,1.7204301075268817,-77.0,85.0,18.27956989247312,84.54545454545455,False,True,0.00030619999961345457
L03_Table2,literature,3,LCM_score_alpha075,modified,LCM,465.0,ok,473.0,473.0,1.7204301075268817,0.0,8.0,1.7204301075268817,98.30866807610994,False,True,0.0004805999997188337
L04_Example1,literature,3,LCM_tie_allocation,modified,LCM,55.0,ok,61.0,61.0,10.909090909090908,0.0,6.0,10.909090909090908,90.1639344262295,False,True,0.00019969999993918464
L04_Example1,literature,3,VAM_tie_cost,modified,VAM,55.0,ok,61.0,61.0,10.909090909090908,0.0,6.0,10.909090909090908,90.1639344262295,False,True,0.000393899999835412
L04_Example1,literature,3,VAM_tie_allocation,modified,VAM,55.0,ok,61.0,61.0,10.909090909090908,0.0,6.0,10.909090909090908,90.1639344262295,False,True,0.0006613999994442565
L04_Example1,literature,3,VAM_penalty_sqrtA,modified,VAM,55.0,ok,61.0,61.0,10.909090909090908,0.0,6.0,10.909090909090908,90.1639344262295,False,True,0.0009472000001551351
L04_Example1,literature,3,VAM_penalty_A,modified,VAM,55.0,ok,61.0,61.0,10.909090909090908,0.0,6.0,10.909090909090908,90.1639344262295,False,True,0.0004078999991179444
L04_Example1,literature,3,TDSM_theta1_5,modified,TDSM,55.0,ok,55.0,55.0,0.0,0.0,0.0,0.0,100.0,True,True,0.0003013000005012145
L04_Example1,literature,3,LCM_top2_product,modified,LCM,55.0,ok,61.0,61.0,10.909090909090908,0.0,6.0,10.909090909090908,90.1639344262295,False,True,0.00019629999951575883
L04_Example1,literature,3,LCM_top2_LB,modified,LCM,55.0,ok,61.0,61.0,10.909090909090908,0.0,6.0,10.909090909090908,90.1639344262295,False,True,0.00045529999988502823
L04_Example1,literature,3,VAM_top2_LB,modified,VAM,55.0,ok,61.0,61.0,10.909090909090908,0.0,6.0,10.909090909090908,90.1639344262295,False,True,0.00040330000047106296
L04_Example1,literature,3,THP_top2_LB,modified,THP,55.0,ok,55.0,55.0,0.0,0.0,0.0,0.0,100.0,True,True,0.0004890000000159489
L04_Example1,literature,3,LCM_top2_rollout,modified,LCM,55.0,ok,55.0,61.0,10.909090909090908,6.0,0.0,0.0,100.0,True,True,0.00069199999961711
L04_Example1,literature,3,LCM_top3_rollout,modified,LCM,55.0,ok,55.0,61.0,10.909090909090908,6.0,0.0,0.0,100.0,True,True,0.0017169999991892837
L04_Example1,literature,3,VAM_top2_rollout,modified,VAM,55.0,ok,55.0,61.0,10.909090909090908,6.0,0.0,0.0,100.0,True,True,0.0011525999998411862
L04_Example1,literature,3,VAM_top3_rollout,modified,VAM,55.0,ok,55.0,61.0,10.909090909090908,6.0,0.0,0.0,100.0,True,True,0.0011897999993379926
L04_Example1,literature,3,THP_top2_rollout,modified,THP,55.0,ok,55.0,55.0,0.0,0.0,0.0,0.0,100.0,True,True,0.0011099999992438825
L04_Example1,literature,3,THP_top3_rollout,modified,THP,55.0,ok,55.0,55.0,0.0,0.0,0.0,0.0,100.0,True,True,0.0013808000003336929
L04_Example1,literature,3,THP_top2_LCMcompletion,modified,THP,55.0,ok,55.0,55.0,0.0,0.0,0.0,0.0,100.0,True,True,0.0006021000008331612
L04_Example1,literature,3,VAM_top2_first_only,modified,VAM,55.0,ok,55.0,61.0,10.909090909090908,6.0,0.0,0.0,100.0,True,True,0.00038129999848024454
L04_Example1,literature,3,THP_top2_first_only,modified,THP,55.0,ok,55.0,55.0,0.0,0.0,0.0,0.0,100.0,True,True,0.00041479999890725594
L04_Example1,literature,3,VAM_tieA_top2_rollout,modified,VAM,55.0,ok,55.0,61.0,10.909090909090908,6.0,0.0,0.0,100.0,True,True,0.0014812999997957377
L04_Example1,literature,3,MRM_orientation_ensemble,modified,MRM,55.0,ok,55.0,55.0,0.0,0.0,0.0,0.0,100.0,True,True,0.00040129999979399145
L04_Example1,literature,3,LCM_score_alpha025,modified,LCM,55.0,ok,61.0,61.0,10.909090909090908,0.0,6.0,10.909090909090908,90.1639344262295,False,True,0.0002606999987619929
L04_Example1,literature,3,LCM_score_alpha050,modified,LCM,55.0,ok,61.0,61.0,10.909090909090908,0.0,6.0,10.909090909090908,90.1639344262295,False,True,0.00047839999933785293
L04_Example1,literature,3,LCM_score_alpha075,modified,LCM,55.0,ok,61.0,61.0,10.909090909090908,0.0,6.0,10.909090909090908,90.1639344262295,False,True,0.0002682999984244816
L04_Example2,literature,4,LCM_tie_allocation,modified,LCM,1945.0,ok,2360.0,2360.0,21.336760925449873,0.0,415.0,21.336760925449873,82.41525423728814,False,True,0.00020729999960167333
L04_Example2,literature,4,VAM_tie_cost,modified,VAM,1945.0,ok,2245.0,2245.0,15.424164524421593,0.0,300.0,15.424164524421593,86.6369710467706,False,True,0.0003825999992841389
L04_Example2,literature,4,VAM_tie_allocation,modified,VAM,1945.0,ok,2245.0,2245.0,15.424164524421593,0.0,300.0,15.424164524421593,86.6369710467706,False,True,0.00038870000025781337
L04_Example2,literature,4,VAM_penalty_sqrtA,modified,VAM,1945.0,ok,2245.0,2245.0,15.424164524421593,0.0,300.0,15.424164524421593,86.6369710467706,False,True,0.0010961999996652594
L04_Example2,literature,4,VAM_penalty_A,modified,VAM,1945.0,ok,2245.0,2245.0,15.424164524421593,0.0,300.0,15.424164524421593,86.6369710467706,False,True,0.00048179999976127874
L04_Example2,literature,4,TDSM_theta1_5,modified,TDSM,1945.0,ok,1985.0,1985.0,2.056555269922879,0.0,40.0,2.056555269922879,97.98488664987406,False,True,0.0003452000000834232
L04_Example2,literature,4,LCM_top2_product,modified,LCM,1945.0,ok,2360.0,2360.0,21.336760925449873,0.0,415.0,21.336760925449873,82.41525423728814,False,True,0.00028540000130306
L04_Example2,literature,4,LCM_top2_LB,modified,LCM,1945.0,ok,2290.0,2360.0,21.336760925449873,70.0,345.0,17.737789203084834,84.93449781659389,False,True,0.000646799999231007
L04_Example2,literature,4,VAM_top2_LB,modified,VAM,1945.0,ok,2245.0,2245.0,15.424164524421593,0.0,300.0,15.424164524421593,86.6369710467706,False,True,0.0007341000000451459
L04_Example2,literature,4,THP_top2_LB,modified,THP,1945.0,ok,2245.0,2310.0,18.76606683804627,65.0,300.0,15.424164524421593,86.6369710467706,False,True,0.000688300000547315
L04_Example2,literature,4,LCM_top2_rollout,modified,LCM,1945.0,ok,2290.0,2360.0,21.336760925449873,70.0,345.0,17.737789203084834,84.93449781659389,False,True,0.0009699000002001412
L04_Example2,literature,4,LCM_top3_rollout,modified,LCM,1945.0,ok,1950.0,2360.0,21.336760925449873,410.0,5.0,0.2570694087403599,99.74358974358974,False,True,0.0013079000000288943
L04_Example2,literature,4,VAM_top2_rollout,modified,VAM,1945.0,ok,1985.0,2245.0,15.424164524421593,260.0,40.0,2.056555269922879,97.98488664987406,False,True,0.002019300000029034
L04_Example2,literature,4,VAM_top3_rollout,modified,VAM,1945.0,ok,1985.0,2245.0,15.424164524421593,260.0,40.0,2.056555269922879,97.98488664987406,False,True,0.0030254000012064353
L04_Example2,literature,4,THP_top2_rollout,modified,THP,1945.0,ok,2245.0,2310.0,18.76606683804627,65.0,300.0,15.424164524421593,86.6369710467706,False,True,0.003035799998542643
L04_Example2,literature,4,THP_top3_rollout,modified,THP,1945.0,ok,2245.0,2310.0,18.76606683804627,65.0,300.0,15.424164524421593,86.6369710467706,False,True,0.0024404999985563336
L04_Example2,literature,4,THP_top2_LCMcompletion,modified,THP,1945.0,ok,2245.0,2310.0,18.76606683804627,65.0,300.0,15.424164524421593,86.6369710467706,False,True,0.0016049000005295966
L04_Example2,literature,4,VAM_top2_first_only,modified,VAM,1945.0,ok,1985.0,2245.0,15.424164524421593,260.0,40.0,2.056555269922879,97.98488664987406,False,True,0.000850600001285784
L04_Example2,literature,4,THP_top2_first_only,modified,THP,1945.0,ok,2310.0,2310.0,18.76606683804627,0.0,365.0,18.76606683804627,84.19913419913419,False,True,0.0007828999987395946
L04_Example2,literature,4,VAM_tieA_top2_rollout,modified,VAM,1945.0,ok,1985.0,2245.0,15.424164524421593,260.0,40.0,2.056555269922879,97.98488664987406,False,True,0.0020869999989372445
L04_Example2,literature,4,MRM_orientation_ensemble,modified,MRM,1945.0,ok,1985.0,2285.0,17.480719794344473,300.0,40.0,2.056555269922879,97.98488664987406,False,True,0.0005108999994263286
L04_Example2,literature,4,LCM_score_alpha025,modified,LCM,1945.0,ok,2360.0,2360.0,21.336760925449873,0.0,415.0,21.336760925449873,82.41525423728814,False,True,0.00036729999919771217
L04_Example2,literature,4,LCM_score_alpha050,modified,LCM,1945.0,ok,2360.0,2360.0,21.336760925449873,0.0,415.0,21.336760925449873,82.41525423728814,False,True,0.000340900000082911
L04_Example2,literature,4,LCM_score_alpha075,modified,LCM,1945.0,ok,2360.0,2360.0,21.336760925449873,0.0,415.0,21.336760925449873,82.41525423728814,False,True,0.0005726999988837633
L05_Example1,literature,4,LCM_tie_allocation,modified,LCM,985.0,ok,1045.0,1045.0,6.091370558375634,0.0,60.0,6.091370558375634,94.25837320574162,False,True,0.000200699998458731
L05_Example1,literature,4,VAM_tie_cost,modified,VAM,985.0,ok,1095.0,1095.0,11.16751269035533,0.0,110.0,11.16751269035533,89.95433789954338,False,True,0.00039060000017343555
L05_Example1,literature,4,VAM_tie_allocation,modified,VAM,985.0,ok,1095.0,1095.0,11.16751269035533,0.0,110.0,11.16751269035533,89.95433789954338,False,True,0.0004368999998405343
L05_Example1,literature,4,VAM_penalty_sqrtA,modified,VAM,985.0,ok,1095.0,1095.0,11.16751269035533,0.0,110.0,11.16751269035533,89.95433789954338,False,True,0.0003845000010187505
L05_Example1,literature,4,VAM_penalty_A,modified,VAM,985.0,ok,1095.0,1095.0,11.16751269035533,0.0,110.0,11.16751269035533,89.95433789954338,False,True,0.0004222999996272847
L05_Example1,literature,4,TDSM_theta1_5,modified,TDSM,985.0,ok,985.0,985.0,0.0,0.0,0.0,0.0,100.0,True,True,0.0002979000000777887
L05_Example1,literature,4,LCM_top2_product,modified,LCM,985.0,ok,1045.0,1045.0,6.091370558375634,0.0,60.0,6.091370558375634,94.25837320574162,False,True,0.0002072000006592134
L05_Example1,literature,4,LCM_top2_LB,modified,LCM,985.0,ok,1045.0,1045.0,6.091370558375634,0.0,60.0,6.091370558375634,94.25837320574162,False,True,0.0005153000001882901
L05_Example1,literature,4,VAM_top2_LB,modified,VAM,985.0,ok,1045.0,1095.0,11.16751269035533,50.0,60.0,6.091370558375634,94.25837320574162,False,True,0.0005783999986306299
L05_Example1,literature,4,THP_top2_LB,modified,THP,985.0,ok,1045.0,1045.0,6.091370558375634,0.0,60.0,6.091370558375634,94.25837320574162,False,True,0.0006350999992719153
L05_Example1,literature,4,LCM_top2_rollout,modified,LCM,985.0,ok,985.0,1045.0,6.091370558375634,60.0,0.0,0.0,100.0,True,True,0.0006398000004992355
L05_Example1,literature,4,LCM_top3_rollout,modified,LCM,985.0,ok,985.0,1045.0,6.091370558375634,60.0,0.0,0.0,100.0,True,True,0.0008498999995936174
L05_Example1,literature,4,VAM_top2_rollout,modified,VAM,985.0,ok,985.0,1095.0,11.16751269035533,110.0,0.0,0.0,100.0,True,True,0.0013357000007090392
L05_Example1,literature,4,VAM_top3_rollout,modified,VAM,985.0,ok,985.0,1095.0,11.16751269035533,110.0,0.0,0.0,100.0,True,True,0.0019171999992977362
L05_Example1,literature,4,THP_top2_rollout,modified,THP,985.0,ok,985.0,1045.0,6.091370558375634,60.0,0.0,0.0,100.0,True,True,0.0015488999997614883
L05_Example1,literature,4,THP_top3_rollout,modified,THP,985.0,ok,985.0,1045.0,6.091370558375634,60.0,0.0,0.0,100.0,True,True,0.005859500000951812
L05_Example1,literature,4,THP_top2_LCMcompletion,modified,THP,985.0,ok,985.0,1045.0,6.091370558375634,60.0,0.0,0.0,100.0,True,True,0.0015624999996362021
L05_Example1,literature,4,VAM_top2_first_only,modified,VAM,985.0,ok,985.0,1095.0,11.16751269035533,110.0,0.0,0.0,100.0,True,True,0.0016067999986262294
L05_Example1,literature,4,THP_top2_first_only,modified,THP,985.0,ok,1045.0,1045.0,6.091370558375634,0.0,60.0,6.091370558375634,94.25837320574162,False,True,0.0006023999994795304
L05_Example1,literature,4,VAM_tieA_top2_rollout,modified,VAM,985.0,ok,985.0,1095.0,11.16751269035533,110.0,0.0,0.0,100.0,True,True,0.0016725000004953472
L05_Example1,literature,4,MRM_orientation_ensemble,modified,MRM,985.0,ok,985.0,1045.0,6.091370558375634,60.0,0.0,0.0,100.0,True,True,0.0008041000000957865
L05_Example1,literature,4,LCM_score_alpha025,modified,LCM,985.0,ok,1085.0,1045.0,6.091370558375634,-40.0,100.0,10.152284263959391,90.78341013824885,False,True,0.0005715000006603077
L05_Example1,literature,4,LCM_score_alpha050,modified,LCM,985.0,ok,985.0,1045.0,6.091370558375634,60.0,0.0,0.0,100.0,True,True,0.00033040000016626436
L05_Example1,literature,4,LCM_score_alpha075,modified,LCM,985.0,ok,1045.0,1045.0,6.091370558375634,0.0,60.0,6.091370558375634,94.25837320574162,False,True,0.0003431000004638918
L05_Example2,literature,3,LCM_tie_allocation,modified,LCM,4525.0,ok,4550.0,4550.0,0.5524861878453039,0.0,25.0,0.5524861878453039,99.45054945054945,False,True,0.0002722999997786246
L05_Example2,literature,3,VAM_tie_cost,modified,VAM,4525.0,ok,5125.0,5125.0,13.259668508287293,0.0,600.0,13.259668508287293,88.29268292682927,False,True,0.0003011999997397652
L05_Example2,literature,3,VAM_tie_allocation,modified,VAM,4525.0,ok,5125.0,5125.0,13.259668508287293,0.0,600.0,13.259668508287293,88.29268292682927,False,True,0.0005115999992995057
L05_Example2,literature,3,VAM_penalty_sqrtA,modified,VAM,4525.0,ok,5125.0,5125.0,13.259668508287293,0.0,600.0,13.259668508287293,88.29268292682927,False,True,0.00026869999965128954
L05_Example2,literature,3,VAM_penalty_A,modified,VAM,4525.0,ok,5125.0,5125.0,13.259668508287293,0.0,600.0,13.259668508287293,88.29268292682927,False,True,0.0002571000004536472
L05_Example2,literature,3,TDSM_theta1_5,modified,TDSM,4525.0,ok,4550.0,4550.0,0.5524861878453039,0.0,25.0,0.5524861878453039,99.45054945054945,False,True,0.0002303000001120381
L05_Example2,literature,3,LCM_top2_product,modified,LCM,4525.0,ok,4525.0,4550.0,0.5524861878453039,25.0,0.0,0.0,100.0,True,True,0.00019659999998111743
L05_Example2,literature,3,LCM_top2_LB,modified,LCM,4525.0,ok,4550.0,4550.0,0.5524861878453039,0.0,25.0,0.5524861878453039,99.45054945054945,False,True,0.0003737999995792052
L05_Example2,literature,3,VAM_top2_LB,modified,VAM,4525.0,ok,4525.0,5125.0,13.259668508287293,600.0,0.0,0.0,100.0,True,True,0.000445699999545468
L05_Example2,literature,3,THP_top2_LB,modified,THP,4525.0,ok,4525.0,4525.0,0.0,0.0,0.0,0.0,100.0,True,True,0.0006229000009625452
L05_Example2,literature,3,LCM_top2_rollout,modified,LCM,4525.0,ok,4525.0,4550.0,0.5524861878453039,25.0,0.0,0.0,100.0,True,True,0.0008422000009886688
L05_Example2,literature,3,LCM_top3_rollout,modified,LCM,4525.0,ok,4525.0,4550.0,0.5524861878453039,25.0,0.0,0.0,100.0,True,True,0.0005828000012115808
L05_Example2,literature,3,VAM_top2_rollout,modified,VAM,4525.0,ok,4525.0,5125.0,13.259668508287293,600.0,0.0,0.0,100.0,True,True,0.0011073999994550832
L05_Example2,literature,3,VAM_top3_rollout,modified,VAM,4525.0,ok,4525.0,5125.0,13.259668508287293,600.0,0.0,0.0,100.0,True,True,0.0011510999993333826
L05_Example2,literature,3,THP_top2_rollout,modified,THP,4525.0,ok,4525.0,4525.0,0.0,0.0,0.0,0.0,100.0,True,True,0.0009755999999470077
L05_Example2,literature,3,THP_top3_rollout,modified,THP,4525.0,ok,4525.0,4525.0,0.0,0.0,0.0,0.0,100.0,True,True,0.0012444999993022066
L05_Example2,literature,3,THP_top2_LCMcompletion,modified,THP,4525.0,ok,4525.0,4525.0,0.0,0.0,0.0,0.0,100.0,True,True,0.0006194000015966594
L05_Example2,literature,3,VAM_top2_first_only,modified,VAM,4525.0,ok,4525.0,5125.0,13.259668508287293,600.0,0.0,0.0,100.0,True,True,0.001364899999316549
L05_Example2,literature,3,THP_top2_first_only,modified,THP,4525.0,ok,4525.0,4525.0,0.0,0.0,0.0,0.0,100.0,True,True,0.000861599999552709
L05_Example2,literature,3,VAM_tieA_top2_rollout,modified,VAM,4525.0,ok,4525.0,5125.0,13.259668508287293,600.0,0.0,0.0,100.0,True,True,0.001973599999473663
L05_Example2,literature,3,MRM_orientation_ensemble,modified,MRM,4525.0,ok,4525.0,4550.0,0.5524861878453039,25.0,0.0,0.0,100.0,True,True,0.0009258999998564832
L05_Example2,literature,3,LCM_score_alpha025,modified,LCM,4525.0,ok,4600.0,4550.0,0.5524861878453039,-50.0,75.0,1.6574585635359116,98.3695652173913,False,True,0.0005628999988402938
L05_Example2,literature,3,LCM_score_alpha050,modified,LCM,4525.0,ok,4600.0,4550.0,0.5524861878453039,-50.0,75.0,1.6574585635359116,98.3695652173913,False,True,0.0004747000002680579
L05_Example2,literature,3,LCM_score_alpha075,modified,LCM,4525.0,ok,4550.0,4550.0,0.5524861878453039,0.0,25.0,0.5524861878453039,99.45054945054945,False,True,0.00048599999900034163
L05_Example3,literature,5,LCM_tie_allocation,modified,LCM,2366.0,ok,2387.0,2387.0,0.8875739644970414,0.0,21.0,0.8875739644970414,99.12023460410558,False,True,0.0004876000002695946
L05_Example3,literature,5,VAM_tie_cost,modified,VAM,2366.0,ok,2388.0,2388.0,0.9298393913778529,0.0,22.0,0.9298393913778529,99.07872696817421,False,True,0.0007186000002548099
L05_Example3,literature,5,VAM_tie_allocation,modified,VAM,2366.0,ok,2388.0,2388.0,0.9298393913778529,0.0,22.0,0.9298393913778529,99.07872696817421,False,True,0.0009926999991876073
L05_Example3,literature,5,VAM_penalty_sqrtA,modified,VAM,2366.0,ok,2401.0,2388.0,0.9298393913778529,-13.0,35.0,1.4792899408284024,98.54227405247813,False,True,0.0008369000006496208
L05_Example3,literature,5,VAM_penalty_A,modified,VAM,2366.0,ok,2438.0,2388.0,0.9298393913778529,-50.0,72.0,3.043110735418428,97.0467596390484,False,True,0.0005328999995981576
L05_Example3,literature,5,TDSM_theta1_5,modified,TDSM,2366.0,ok,2366.0,2366.0,0.0,0.0,0.0,0.0,100.0,True,True,0.00046130000009725336
L05_Example3,literature,5,LCM_top2_product,modified,LCM,2366.0,ok,2366.0,2387.0,0.8875739644970414,21.0,0.0,0.0,100.0,True,True,0.00028840000049967784
L05_Example3,literature,5,LCM_top2_LB,modified,LCM,2366.0,ok,2430.0,2387.0,0.8875739644970414,-43.0,64.0,2.7049873203719357,97.36625514403292,False,True,0.0007462000012310455
L05_Example3,literature,5,VAM_top2_LB,modified,VAM,2366.0,ok,2412.0,2388.0,0.9298393913778529,-24.0,46.0,1.944209636517329,98.09286898839137,False,True,0.001302499998928397
L05_Example3,literature,5,THP_top2_LB,modified,THP,2366.0,ok,2430.0,2366.0,0.0,-64.0,64.0,2.7049873203719357,97.36625514403292,False,True,0.0009420999995199963
L05_Example3,literature,5,LCM_top2_rollout,modified,LCM,2366.0,ok,2366.0,2387.0,0.8875739644970414,21.0,0.0,0.0,100.0,True,True,0.0037658999990526354
L05_Example3,literature,5,LCM_top3_rollout,modified,LCM,2366.0,ok,2366.0,2387.0,0.8875739644970414,21.0,0.0,0.0,100.0,True,True,0.004985499999747844
L05_Example3,literature,5,VAM_top2_rollout,modified,VAM,2366.0,ok,2388.0,2388.0,0.9298393913778529,0.0,22.0,0.9298393913778529,99.07872696817421,False,True,0.007547200000772136
L05_Example3,literature,5,VAM_top3_rollout,modified,VAM,2366.0,ok,2388.0,2388.0,0.9298393913778529,0.0,22.0,0.9298393913778529,99.07872696817421,False,True,0.010596000000077765
L05_Example3,literature,5,THP_top2_rollout,modified,THP,2366.0,ok,2366.0,2366.0,0.0,0.0,0.0,0.0,100.0,True,True,0.009521500000118976
L05_Example3,literature,5,THP_top3_rollout,modified,THP,2366.0,ok,2366.0,2366.0,0.0,0.0,0.0,0.0,100.0,True,True,0.009551799999826471
L05_Example3,literature,5,THP_top2_LCMcompletion,modified,THP,2366.0,ok,2366.0,2366.0,0.0,0.0,0.0,0.0,100.0,True,True,0.004796900000656024
L05_Example3,literature,5,VAM_top2_first_only,modified,VAM,2366.0,ok,2388.0,2388.0,0.9298393913778529,0.0,22.0,0.9298393913778529,99.07872696817421,False,True,0.002357899998969515
L05_Example3,literature,5,THP_top2_first_only,modified,THP,2366.0,ok,2366.0,2366.0,0.0,0.0,0.0,0.0,100.0,True,True,0.0025076999991142657
L05_Example3,literature,5,VAM_tieA_top2_rollout,modified,VAM,2366.0,ok,2388.0,2388.0,0.9298393913778529,0.0,22.0,0.9298393913778529,99.07872696817421,False,True,0.007950799999889568
L05_Example3,literature,5,MRM_orientation_ensemble,modified,MRM,2366.0,ok,2366.0,2366.0,0.0,0.0,0.0,0.0,100.0,True,True,0.0016071999998530373
L05_Example3,literature,5,LCM_score_alpha025,modified,LCM,2366.0,ok,2389.0,2387.0,0.8875739644970414,-2.0,23.0,0.9721048182586645,99.03725408120553,False,True,0.0013507000003301073
L05_Example3,literature,5,LCM_score_alpha050,modified,LCM,2366.0,ok,2387.0,2387.0,0.8875739644970414,0.0,21.0,0.8875739644970414,99.12023460410558,False,True,0.0017209999987244373
L05_Example3,literature,5,LCM_score_alpha075,modified,LCM,2366.0,ok,2387.0,2387.0,0.8875739644970414,0.0,21.0,0.8875739644970414,99.12023460410558,False,True,0.002336200001082034
E01_Example1,literature,3,LCM_tie_allocation,modified,LCM,3460.0,ok,3670.0,3670.0,6.069364161849711,0.0,210.0,6.069364161849711,94.27792915531334,False,True,0.0004977000007784227
E01_Example1,literature,3,VAM_tie_cost,modified,VAM,3460.0,ok,3520.0,3520.0,1.7341040462427746,0.0,60.0,1.7341040462427746,98.29545454545455,False,True,0.0008300000008603092
E01_Example1,literature,3,VAM_tie_allocation,modified,VAM,3460.0,ok,3520.0,3520.0,1.7341040462427746,0.0,60.0,1.7341040462427746,98.29545454545455,False,True,0.0008230999992520083
E01_Example1,literature,3,VAM_penalty_sqrtA,modified,VAM,3460.0,ok,3640.0,3520.0,1.7341040462427746,-120.0,180.0,5.202312138728324,95.05494505494505,False,True,0.0008433999992121244
E01_Example1,literature,3,VAM_penalty_A,modified,VAM,3460.0,ok,3640.0,3520.0,1.7341040462427746,-120.0,180.0,5.202312138728324,95.05494505494505,False,True,0.0008015000003069872
E01_Example1,literature,3,TDSM_theta1_5,modified,TDSM,3460.0,ok,3570.0,3710.0,7.22543352601156,140.0,110.0,3.179190751445087,96.9187675070028,False,True,0.0006774000012228498
E01_Example1,literature,3,LCM_top2_product,modified,LCM,3460.0,ok,3790.0,3670.0,6.069364161849711,-120.0,330.0,9.53757225433526,91.2928759894459,False,True,0.0004867999996349681
E01_Example1,literature,3,LCM_top2_LB,modified,LCM,3460.0,ok,3640.0,3670.0,6.069364161849711,30.0,180.0,5.202312138728324,95.05494505494505,False,True,0.0011020999991160352
E01_Example1,literature,3,VAM_top2_LB,modified,VAM,3460.0,ok,3460.0,3520.0,1.7341040462427746,60.0,0.0,0.0,100.0,True,True,0.001465499999540043
E01_Example1,literature,3,THP_top2_LB,modified,THP,3460.0,ok,3570.0,3570.0,3.179190751445087,0.0,110.0,3.179190751445087,96.9187675070028,False,True,0.0019018000002688495
E01_Example1,literature,3,LCM_top2_rollout,modified,LCM,3460.0,ok,3640.0,3670.0,6.069364161849711,30.0,180.0,5.202312138728324,95.05494505494505,False,True,0.001870000000053551
E01_Example1,literature,3,LCM_top3_rollout,modified,LCM,3460.0,ok,3640.0,3670.0,6.069364161849711,30.0,180.0,5.202312138728324,95.05494505494505,False,True,0.0022159999989526113
E01_Example1,literature,3,VAM_top2_rollout,modified,VAM,3460.0,ok,3460.0,3520.0,1.7341040462427746,60.0,0.0,0.0,100.0,True,True,0.0035134999998263083
E01_Example1,literature,3,VAM_top3_rollout,modified,VAM,3460.0,ok,3460.0,3520.0,1.7341040462427746,60.0,0.0,0.0,100.0,True,True,0.004736400000183494
E01_Example1,literature,3,THP_top2_rollout,modified,THP,3460.0,ok,3500.0,3570.0,3.179190751445087,70.0,40.0,1.1560693641618498,98.85714285714286,False,True,0.004112200000236044
E01_Example1,literature,3,THP_top3_rollout,modified,THP,3460.0,ok,3500.0,3570.0,3.179190751445087,70.0,40.0,1.1560693641618498,98.85714285714286,False,True,0.0034868000002461486
E01_Example1,literature,3,THP_top2_LCMcompletion,modified,THP,3460.0,ok,3680.0,3570.0,3.179190751445087,-110.0,220.0,6.358381502890174,94.02173913043478,False,True,0.001887999998871237
E01_Example1,literature,3,VAM_top2_first_only,modified,VAM,3460.0,ok,3520.0,3520.0,1.7341040462427746,0.0,60.0,1.7341040462427746,98.29545454545455,False,True,0.0011647000010270858
E01_Example1,literature,3,THP_top2_first_only,modified,THP,3460.0,ok,3500.0,3570.0,3.179190751445087,70.0,40.0,1.1560693641618498,98.85714285714286,False,True,0.0013140000010025688
E01_Example1,literature,3,VAM_tieA_top2_rollout,modified,VAM,3460.0,ok,3460.0,3520.0,1.7341040462427746,60.0,0.0,0.0,100.0,True,True,0.0033559999992576195
E01_Example1,literature,3,MRM_orientation_ensemble,modified,MRM,3460.0,ok,3460.0,3710.0,7.22543352601156,250.0,0.0,0.0,100.0,True,True,0.0009184999998979038
E01_Example1,literature,3,LCM_score_alpha025,modified,LCM,3460.0,ok,3640.0,3670.0,6.069364161849711,30.0,180.0,5.202312138728324,95.05494505494505,False,True,0.001067900000634836
E01_Example1,literature,3,LCM_score_alpha050,modified,LCM,3460.0,ok,3990.0,3670.0,6.069364161849711,-320.0,530.0,15.31791907514451,86.71679197994987,False,True,0.0008856000004016096
E01_Example1,literature,3,LCM_score_alpha075,modified,LCM,3460.0,ok,3670.0,3670.0,6.069364161849711,0.0,210.0,6.069364161849711,94.27792915531334,False,True,0.0012681999996857485
E01_Example2,literature,3,LCM_tie_allocation,modified,LCM,610.0,ok,665.0,650.0,6.557377049180328,-15.0,55.0,9.01639344262295,91.72932330827068,False,True,0.00042949999988195486
E01_Example2,literature,3,VAM_tie_cost,modified,VAM,610.0,ok,650.0,650.0,6.557377049180328,0.0,40.0,6.557377049180328,93.84615384615384,False,True,0.0007974000000103842
E01_Example2,literature,3,VAM_tie_allocation,modified,VAM,610.0,ok,650.0,650.0,6.557377049180328,0.0,40.0,6.557377049180328,93.84615384615384,False,True,0.00079600000026403
E01_Example2,literature,3,VAM_penalty_sqrtA,modified,VAM,610.0,ok,675.0,650.0,6.557377049180328,-25.0,65.0,10.655737704918034,90.37037037037037,False,True,0.0008304000002681278
E01_Example2,literature,3,VAM_penalty_A,modified,VAM,610.0,ok,610.0,650.0,6.557377049180328,40.0,0.0,0.0,100.0,True,True,0.0008137000004353467
E01_Example2,literature,3,TDSM_theta1_5,modified,TDSM,610.0,ok,610.0,610.0,0.0,0.0,0.0,0.0,100.0,True,True,0.0005913999993936159
E01_Example2,literature,3,LCM_top2_product,modified,LCM,610.0,ok,630.0,650.0,6.557377049180328,20.0,20.0,3.278688524590164,96.82539682539682,False,True,0.0004411000008985866
E01_Example2,literature,3,LCM_top2_LB,modified,LCM,610.0,ok,630.0,650.0,6.557377049180328,20.0,20.0,3.278688524590164,96.82539682539682,False,True,0.0009389000006194692
E01_Example2,literature,3,VAM_top2_LB,modified,VAM,610.0,ok,610.0,650.0,6.557377049180328,40.0,0.0,0.0,100.0,True,True,0.0013221999997767853
E01_Example2,literature,3,THP_top2_LB,modified,THP,610.0,ok,610.0,630.0,3.278688524590164,20.0,0.0,0.0,100.0,True,True,0.003416899999137968
E01_Example2,literature,3,LCM_top2_rollout,modified,LCM,610.0,ok,610.0,650.0,6.557377049180328,40.0,0.0,0.0,100.0,True,True,0.0016598000001977198
E01_Example2,literature,3,LCM_top3_rollout,modified,LCM,610.0,ok,610.0,650.0,6.557377049180328,40.0,0.0,0.0,100.0,True,True,0.0019458999995549675
E01_Example2,literature,3,VAM_top2_rollout,modified,VAM,610.0,ok,610.0,650.0,6.557377049180328,40.0,0.0,0.0,100.0,True,True,0.0030292000010376796
E01_Example2,literature,3,VAM_top3_rollout,modified,VAM,610.0,ok,610.0,650.0,6.557377049180328,40.0,0.0,0.0,100.0,True,True,0.0036533999991661403
E01_Example2,literature,3,THP_top2_rollout,modified,THP,610.0,ok,610.0,630.0,3.278688524590164,20.0,0.0,0.0,100.0,True,True,0.002832799998941482
E01_Example2,literature,3,THP_top3_rollout,modified,THP,610.0,ok,610.0,630.0,3.278688524590164,20.0,0.0,0.0,100.0,True,True,0.004346399999121786
E01_Example2,literature,3,THP_top2_LCMcompletion,modified,THP,610.0,ok,610.0,630.0,3.278688524590164,20.0,0.0,0.0,100.0,True,True,0.0016691000000719214
E01_Example2,literature,3,VAM_top2_first_only,modified,VAM,610.0,ok,610.0,650.0,6.557377049180328,40.0,0.0,0.0,100.0,True,True,0.00112269999954151
E01_Example2,literature,3,THP_top2_first_only,modified,THP,610.0,ok,630.0,630.0,3.278688524590164,0.0,20.0,3.278688524590164,96.82539682539682,False,True,0.0012573999993037432
E01_Example2,literature,3,VAM_tieA_top2_rollout,modified,VAM,610.0,ok,610.0,650.0,6.557377049180328,40.0,0.0,0.0,100.0,True,True,0.002864800000679679
E01_Example2,literature,3,MRM_orientation_ensemble,modified,MRM,610.0,ok,610.0,610.0,0.0,0.0,0.0,0.0,100.0,True,True,0.0009030000001075678
E01_Example2,literature,3,LCM_score_alpha025,modified,LCM,610.0,ok,695.0,650.0,6.557377049180328,-45.0,85.0,13.934426229508198,87.76978417266187,False,True,0.0008121999999275431
E01_Example2,literature,3,LCM_score_alpha050,modified,LCM,610.0,ok,665.0,650.0,6.557377049180328,-15.0,55.0,9.01639344262295,91.72932330827068,False,True,0.0007574000010208692
E01_Example2,literature,3,LCM_score_alpha075,modified,LCM,610.0,ok,665.0,650.0,6.557377049180328,-15.0,55.0,9.01639344262295,91.72932330827068,False,True,0.0007507999998779269
E01_Example3,literature,3,LCM_tie_allocation,modified,LCM,743.0,ok,814.0,814.0,9.55585464333782,0.0,71.0,9.55585464333782,91.27764127764128,False,True,0.00041369999962626025
E01_Example3,literature,3,VAM_tie_cost,modified,VAM,743.0,ok,779.0,779.0,4.8452220726783315,0.0,36.0,4.8452220726783315,95.37869062901156,False,True,0.0007310000000870787
E01_Example3,literature,3,VAM_tie_allocation,modified,VAM,743.0,ok,779.0,779.0,4.8452220726783315,0.0,36.0,4.8452220726783315,95.37869062901156,False,True,0.0007992000009835465
E01_Example3,literature,3,VAM_penalty_sqrtA,modified,VAM,743.0,ok,779.0,779.0,4.8452220726783315,0.0,36.0,4.8452220726783315,95.37869062901156,False,True,0.0007402000010188203
E01_Example3,literature,3,VAM_penalty_A,modified,VAM,743.0,ok,779.0,779.0,4.8452220726783315,0.0,36.0,4.8452220726783315,95.37869062901156,False,True,0.0007092000014381483
E01_Example3,literature,3,TDSM_theta1_5,modified,TDSM,743.0,ok,781.0,781.0,5.114401076716016,0.0,38.0,5.114401076716016,95.13444302176697,False,True,0.0006214000004547415
E01_Example3,literature,3,LCM_top2_product,modified,LCM,743.0,ok,814.0,814.0,9.55585464333782,0.0,71.0,9.55585464333782,91.27764127764128,False,True,0.00043369999912101775
E01_Example3,literature,3,LCM_top2_LB,modified,LCM,743.0,ok,779.0,814.0,9.55585464333782,35.0,36.0,4.8452220726783315,95.37869062901156,False,True,0.0019077999986620853
E01_Example3,literature,3,VAM_top2_LB,modified,VAM,743.0,ok,743.0,779.0,4.8452220726783315,36.0,0.0,0.0,100.0,True,True,0.0028132999996159924
E01_Example3,literature,3,THP_top2_LB,modified,THP,743.0,ok,743.0,814.0,9.55585464333782,71.0,0.0,0.0,100.0,True,True,0.0017009999992296798
E01_Example3,literature,3,LCM_top2_rollout,modified,LCM,743.0,ok,779.0,814.0,9.55585464333782,35.0,36.0,4.8452220726783315,95.37869062901156,False,True,0.0016308999984175898
E01_Example3,literature,3,LCM_top3_rollout,modified,LCM,743.0,ok,779.0,814.0,9.55585464333782,35.0,36.0,4.8452220726783315,95.37869062901156,False,True,0.0026233999997202773
E01_Example3,literature,3,VAM_top2_rollout,modified,VAM,743.0,ok,779.0,779.0,4.8452220726783315,0.0,36.0,4.8452220726783315,95.37869062901156,False,True,0.0033813000009104144
E01_Example3,literature,3,VAM_top3_rollout,modified,VAM,743.0,ok,779.0,779.0,4.8452220726783315,0.0,36.0,4.8452220726783315,95.37869062901156,False,True,0.004913300001135212
E01_Example3,literature,3,THP_top2_rollout,modified,THP,743.0,ok,743.0,814.0,9.55585464333782,71.0,0.0,0.0,100.0,True,True,0.0035478000008879462
E01_Example3,literature,3,THP_top3_rollout,modified,THP,743.0,ok,743.0,814.0,9.55585464333782,71.0,0.0,0.0,100.0,True,True,0.0036552000001393026
E01_Example3,literature,3,THP_top2_LCMcompletion,modified,THP,743.0,ok,743.0,814.0,9.55585464333782,71.0,0.0,0.0,100.0,True,True,0.001990299999306444
E01_Example3,literature,3,VAM_top2_first_only,modified,VAM,743.0,ok,779.0,779.0,4.8452220726783315,0.0,36.0,4.8452220726783315,95.37869062901156,False,True,0.0010944999994535465
E01_Example3,literature,3,THP_top2_first_only,modified,THP,743.0,ok,779.0,814.0,9.55585464333782,35.0,36.0,4.8452220726783315,95.37869062901156,False,True,0.0011579000001802342
E01_Example3,literature,3,VAM_tieA_top2_rollout,modified,VAM,743.0,ok,779.0,779.0,4.8452220726783315,0.0,36.0,4.8452220726783315,95.37869062901156,False,True,0.00345500000003085
E01_Example3,literature,3,MRM_orientation_ensemble,modified,MRM,743.0,ok,743.0,781.0,5.114401076716016,38.0,0.0,0.0,100.0,True,True,0.0016818000003695488
E01_Example3,literature,3,LCM_score_alpha025,modified,LCM,743.0,ok,779.0,814.0,9.55585464333782,35.0,36.0,4.8452220726783315,95.37869062901156,False,True,0.0009589000001142267
E01_Example3,literature,3,LCM_score_alpha050,modified,LCM,743.0,ok,814.0,814.0,9.55585464333782,0.0,71.0,9.55585464333782,91.27764127764128,False,True,0.000738900000214926
E01_Example3,literature,3,LCM_score_alpha075,modified,LCM,743.0,ok,814.0,814.0,9.55585464333782,0.0,71.0,9.55585464333782,91.27764127764128,False,True,0.0007497000005969312
E01_Example4,literature,3,LCM_tie_allocation,modified,LCM,490.0,ok,490.0,490.0,0.0,0.0,0.0,0.0,100.0,True,True,0.0003996999985247385
E01_Example4,literature,3,VAM_tie_cost,modified,VAM,490.0,ok,490.0,490.0,0.0,0.0,0.0,0.0,100.0,True,True,0.0008882999991328688
E01_Example4,literature,3,VAM_tie_allocation,modified,VAM,490.0,ok,490.0,490.0,0.0,0.0,0.0,0.0,100.0,True,True,0.0006859999994048849
E01_Example4,literature,3,VAM_penalty_sqrtA,modified,VAM,490.0,ok,490.0,490.0,0.0,0.0,0.0,0.0,100.0,True,True,0.0006481000000349013
E01_Example4,literature,3,VAM_penalty_A,modified,VAM,490.0,ok,490.0,490.0,0.0,0.0,0.0,0.0,100.0,True,True,0.0006241999999474501
E01_Example4,literature,3,TDSM_theta1_5,modified,TDSM,490.0,ok,490.0,490.0,0.0,0.0,0.0,0.0,100.0,True,True,0.0005568999986280687
E01_Example4,literature,3,LCM_top2_product,modified,LCM,490.0,ok,490.0,490.0,0.0,0.0,0.0,0.0,100.0,True,True,0.00041620000047259964
E01_Example4,literature,3,LCM_top2_LB,modified,LCM,490.0,ok,490.0,490.0,0.0,0.0,0.0,0.0,100.0,True,True,0.0008476999992126366
E01_Example4,literature,3,VAM_top2_LB,modified,VAM,490.0,ok,490.0,490.0,0.0,0.0,0.0,0.0,100.0,True,True,0.0011517000002640998
E01_Example4,literature,3,THP_top2_LB,modified,THP,490.0,ok,490.0,490.0,0.0,0.0,0.0,0.0,100.0,True,True,0.0014518000007228693
E01_Example4,literature,3,LCM_top2_rollout,modified,LCM,490.0,ok,490.0,490.0,0.0,0.0,0.0,0.0,100.0,True,True,0.0011919000007765135
E01_Example4,literature,3,LCM_top3_rollout,modified,LCM,490.0,ok,490.0,490.0,0.0,0.0,0.0,0.0,100.0,True,True,0.0016068000004452188
E01_Example4,literature,3,VAM_top2_rollout,modified,VAM,490.0,ok,490.0,490.0,0.0,0.0,0.0,0.0,100.0,True,True,0.0023605000005773036
E01_Example4,literature,3,VAM_top3_rollout,modified,VAM,490.0,ok,490.0,490.0,0.0,0.0,0.0,0.0,100.0,True,True,0.003997899999376386
E01_Example4,literature,3,THP_top2_rollout,modified,THP,490.0,ok,490.0,490.0,0.0,0.0,0.0,0.0,100.0,True,True,0.00228390000120271
E01_Example4,literature,3,THP_top3_rollout,modified,THP,490.0,ok,490.0,490.0,0.0,0.0,0.0,0.0,100.0,True,True,0.002333500000531785
E01_Example4,literature,3,THP_top2_LCMcompletion,modified,THP,490.0,ok,490.0,490.0,0.0,0.0,0.0,0.0,100.0,True,True,0.0013661000011779834
E01_Example4,literature,3,VAM_top2_first_only,modified,VAM,490.0,ok,490.0,490.0,0.0,0.0,0.0,0.0,100.0,True,True,0.0010249999995721737
E01_Example4,literature,3,THP_top2_first_only,modified,THP,490.0,ok,490.0,490.0,0.0,0.0,0.0,0.0,100.0,True,True,0.0009991000006266404
E01_Example4,literature,3,VAM_tieA_top2_rollout,modified,VAM,490.0,ok,490.0,490.0,0.0,0.0,0.0,0.0,100.0,True,True,0.0023285999996005557
E01_Example4,literature,3,MRM_orientation_ensemble,modified,MRM,490.0,ok,490.0,490.0,0.0,0.0,0.0,0.0,100.0,True,True,0.0008555999993404839
E01_Example4,literature,3,LCM_score_alpha025,modified,LCM,490.0,ok,490.0,490.0,0.0,0.0,0.0,0.0,100.0,True,True,0.0007779000006848946
E01_Example4,literature,3,LCM_score_alpha050,modified,LCM,490.0,ok,490.0,490.0,0.0,0.0,0.0,0.0,100.0,True,True,0.0006697999997413717
E01_Example4,literature,3,LCM_score_alpha075,modified,LCM,490.0,ok,490.0,490.0,0.0,0.0,0.0,0.0,100.0,True,True,0.000641800001176307
E01_Example5,literature,5,LCM_tie_allocation,modified,LCM,1401.0,ok,1465.0,1465.0,4.5681655960028555,0.0,64.0,4.5681655960028555,95.63139931740615,False,True,0.0005199999995966209
E01_Example5,literature,5,VAM_tie_cost,modified,VAM,1401.0,ok,1401.0,1401.0,0.0,0.0,0.0,0.0,100.0,True,True,0.001470100000005914
E01_Example5,literature,5,VAM_tie_allocation,modified,VAM,1401.0,ok,1401.0,1401.0,0.0,0.0,0.0,0.0,100.0,True,True,0.0014726999997947132
E01_Example5,literature,5,VAM_penalty_sqrtA,modified,VAM,1401.0,ok,1401.0,1401.0,0.0,0.0,0.0,0.0,100.0,True,True,0.001144100000601611
E01_Example5,literature,5,VAM_penalty_A,modified,VAM,1401.0,ok,1401.0,1401.0,0.0,0.0,0.0,0.0,100.0,True,True,0.0011204000002180692
E01_Example5,literature,5,TDSM_theta1_5,modified,TDSM,1401.0,ok,1465.0,1465.0,4.5681655960028555,0.0,64.0,4.5681655960028555,95.63139931740615,False,True,0.001193500000226777
E01_Example5,literature,5,LCM_top2_product,modified,LCM,1401.0,ok,1465.0,1465.0,4.5681655960028555,0.0,64.0,4.5681655960028555,95.63139931740615,False,True,0.0005745999987993855
E01_Example5,literature,5,LCM_top2_LB,modified,LCM,1401.0,ok,1401.0,1465.0,4.5681655960028555,64.0,0.0,0.0,100.0,True,True,0.0012198999993415782
E01_Example5,literature,5,VAM_top2_LB,modified,VAM,1401.0,ok,1401.0,1401.0,0.0,0.0,0.0,0.0,100.0,True,True,0.002108599999701255
E01_Example5,literature,5,THP_top2_LB,modified,THP,1401.0,ok,1401.0,1465.0,4.5681655960028555,64.0,0.0,0.0,100.0,True,True,0.001764799999364186
E01_Example5,literature,5,LCM_top2_rollout,modified,LCM,1401.0,ok,1465.0,1465.0,4.5681655960028555,0.0,64.0,4.5681655960028555,95.63139931740615,False,True,0.0031584000007569557
E01_Example5,literature,5,LCM_top3_rollout,modified,LCM,1401.0,ok,1401.0,1465.0,4.5681655960028555,64.0,0.0,0.0,100.0,True,True,0.0036111000008531846
E01_Example5,literature,5,VAM_top2_rollout,modified,VAM,1401.0,ok,1401.0,1401.0,0.0,0.0,0.0,0.0,100.0,True,True,0.00564940000003844
E01_Example5,literature,5,VAM_top3_rollout,modified,VAM,1401.0,ok,1401.0,1401.0,0.0,0.0,0.0,0.0,100.0,True,True,0.008719399998881272
E01_Example5,literature,5,THP_top2_rollout,modified,THP,1401.0,ok,1401.0,1465.0,4.5681655960028555,64.0,0.0,0.0,100.0,True,True,0.007002399999691988
E01_Example5,literature,5,THP_top3_rollout,modified,THP,1401.0,ok,1401.0,1465.0,4.5681655960028555,64.0,0.0,0.0,100.0,True,True,0.006210999999893829
E01_Example5,literature,5,THP_top2_LCMcompletion,modified,THP,1401.0,ok,1401.0,1465.0,4.5681655960028555,64.0,0.0,0.0,100.0,True,True,0.002728400000705733
E01_Example5,literature,5,VAM_top2_first_only,modified,VAM,1401.0,ok,1401.0,1401.0,0.0,0.0,0.0,0.0,100.0,True,True,0.0018839000003936235
E01_Example5,literature,5,THP_top2_first_only,modified,THP,1401.0,ok,1465.0,1465.0,4.5681655960028555,0.0,64.0,4.5681655960028555,95.63139931740615,False,True,0.0015384999987873016
E01_Example5,literature,5,VAM_tieA_top2_rollout,modified,VAM,1401.0,ok,1401.0,1401.0,0.0,0.0,0.0,0.0,100.0,True,True,0.005876699999134871
E01_Example5,literature,5,MRM_orientation_ensemble,modified,MRM,1401.0,ok,1465.0,1465.0,4.5681655960028555,0.0,64.0,4.5681655960028555,95.63139931740615,False,True,0.00120739999874786
E01_Example5,literature,5,LCM_score_alpha025,modified,LCM,1401.0,ok,1465.0,1465.0,4.5681655960028555,0.0,64.0,4.5681655960028555,95.63139931740615,False,True,0.0012616000003617955
E01_Example5,literature,5,LCM_score_alpha050,modified,LCM,1401.0,ok,1465.0,1465.0,4.5681655960028555,0.0,64.0,4.5681655960028555,95.63139931740615,False,True,0.0010521999993216014
E01_Example5,literature,5,LCM_score_alpha075,modified,LCM,1401.0,ok,1465.0,1465.0,4.5681655960028555,0.0,64.0,4.5681655960028555,95.63139931740615,False,True,0.001019799999994575
E01_Example6,literature,10,LCM_tie_allocation,modified,LCM,505.0,ok,572.0,650.0,28.712871287128714,78.0,67.0,13.267326732673267,88.2867132867133,False,True,0.0009675000001152512
E01_Example6,literature,10,VAM_tie_cost,modified,VAM,505.0,ok,552.0,586.0,16.03960396039604,34.0,47.0,9.306930693069306,91.48550724637681,False,True,0.002357200000915327
E01_Example6,literature,10,VAM_tie_allocation,modified,VAM,505.0,ok,639.0,586.0,16.03960396039604,-53.0,134.0,26.534653465346533,79.02973395931143,False,True,0.0032785000003059395
E01_Example6,literature,10,VAM_penalty_sqrtA,modified,VAM,505.0,ok,639.0,586.0,16.03960396039604,-53.0,134.0,26.534653465346533,79.02973395931143,False,True,0.0030133999989629956
E01_Example6,literature,10,VAM_penalty_A,modified,VAM,505.0,ok,639.0,586.0,16.03960396039604,-53.0,134.0,26.534653465346533,79.02973395931143,False,True,0.002991699999256525
E01_Example6,literature,10,TDSM_theta1_5,modified,TDSM,505.0,ok,558.0,558.0,10.495049504950495,0.0,53.0,10.495049504950495,90.50179211469533,False,True,0.0025134000006801216
E01_Example6,literature,10,LCM_top2_product,modified,LCM,505.0,ok,650.0,650.0,28.712871287128714,0.0,145.0,28.712871287128714,77.6923076923077,False,True,0.0011135999993712176
E01_Example6,literature,10,LCM_top2_LB,modified,LCM,505.0,ok,558.0,650.0,28.712871287128714,92.0,53.0,10.495049504950495,90.50179211469533,False,True,0.0025418000004719943
E01_Example6,literature,10,VAM_top2_LB,modified,VAM,505.0,ok,636.0,586.0,16.03960396039604,-50.0,131.0,25.940594059405942,79.40251572327044,False,True,0.004427300000315881
E01_Example6,literature,10,THP_top2_LB,modified,THP,505.0,ok,572.0,650.0,28.712871287128714,78.0,67.0,13.267326732673267,88.2867132867133,False,True,0.004373600000690203
E01_Example6,literature,10,LCM_top2_rollout,modified,LCM,505.0,ok,520.0,650.0,28.712871287128714,130.0,15.0,2.9702970297029703,97.11538461538461,False,True,0.008535599999959231
E01_Example6,literature,10,LCM_top3_rollout,modified,LCM,505.0,ok,520.0,650.0,28.712871287128714,130.0,15.0,2.9702970297029703,97.11538461538461,False,True,0.014199500001268461
E01_Example6,literature,10,VAM_top2_rollout,modified,VAM,505.0,ok,545.0,586.0,16.03960396039604,41.0,40.0,7.920792079207921,92.66055045871559,False,True,0.027944000001298264
E01_Example6,literature,10,VAM_top3_rollout,modified,VAM,505.0,ok,548.0,586.0,16.03960396039604,38.0,43.0,8.514851485148515,92.15328467153284,False,True,0.037340900000344845
E01_Example6,literature,10,THP_top2_rollout,modified,THP,505.0,ok,572.0,650.0,28.712871287128714,78.0,67.0,13.267326732673267,88.2867132867133,False,True,0.030832899999950314
E01_Example6,literature,10,THP_top3_rollout,modified,THP,505.0,ok,572.0,650.0,28.712871287128714,78.0,67.0,13.267326732673267,88.2867132867133,False,True,0.04146199999922828
E01_Example6,literature,10,THP_top2_LCMcompletion,modified,THP,505.0,ok,572.0,650.0,28.712871287128714,78.0,67.0,13.267326732673267,88.2867132867133,False,True,0.011477699999886681
E01_Example6,literature,10,VAM_top2_first_only,modified,VAM,505.0,ok,586.0,586.0,16.03960396039604,0.0,81.0,16.03960396039604,86.17747440273038,False,True,0.0043827000008604955
E01_Example6,literature,10,THP_top2_first_only,modified,THP,505.0,ok,650.0,650.0,28.712871287128714,0.0,145.0,28.712871287128714,77.6923076923077,False,True,0.005886900000405149
E01_Example6,literature,10,VAM_tieA_top2_rollout,modified,VAM,505.0,ok,552.0,586.0,16.03960396039604,34.0,47.0,9.306930693069306,91.48550724637681,False,True,0.0267863999997644
E01_Example6,literature,10,MRM_orientation_ensemble,modified,MRM,505.0,ok,572.0,572.0,13.267326732673267,0.0,67.0,13.267326732673267,88.2867132867133,False,True,0.0023212000014609657
E01_Example6,literature,10,LCM_score_alpha025,modified,LCM,505.0,ok,552.0,650.0,28.712871287128714,98.0,47.0,9.306930693069306,91.48550724637681,False,True,0.0035095999992336147
E01_Example6,literature,10,LCM_score_alpha050,modified,LCM,505.0,ok,650.0,650.0,28.712871287128714,0.0,145.0,28.712871287128714,77.6923076923077,False,True,0.0021580000011454104
E01_Example6,literature,10,LCM_score_alpha075,modified,LCM,505.0,ok,650.0,650.0,28.712871287128714,0.0,145.0,28.712871287128714,77.6923076923077,False,True,0.002102799999192939
E01_Example7,literature,8,LCM_tie_allocation,modified,LCM,722.0,ok,887.0,887.0,22.85318559556787,0.0,165.0,22.85318559556787,81.39797068771139,False,True,0.0009438999986741692
E01_Example7,literature,8,VAM_tie_cost,modified,VAM,722.0,ok,826.0,826.0,14.404432132963988,0.0,104.0,14.404432132963988,87.409200968523,False,True,0.00298079999993206
E01_Example7,literature,8,VAM_tie_allocation,modified,VAM,722.0,ok,826.0,826.0,14.404432132963988,0.0,104.0,14.404432132963988,87.409200968523,False,True,0.0025222000003850553
E01_Example7,literature,8,VAM_penalty_sqrtA,modified,VAM,722.0,ok,832.0,826.0,14.404432132963988,-6.0,110.0,15.23545706371191,86.77884615384616,False,True,0.0025402999999641906
E01_Example7,literature,8,VAM_penalty_A,modified,VAM,722.0,ok,844.0,826.0,14.404432132963988,-18.0,122.0,16.897506925207757,85.54502369668246,False,True,0.003126600000541657
E01_Example7,literature,8,TDSM_theta1_5,modified,TDSM,722.0,ok,830.0,844.0,16.897506925207757,14.0,108.0,14.958448753462603,86.98795180722891,False,True,0.0022105999996711034
E01_Example7,literature,8,LCM_top2_product,modified,LCM,722.0,ok,953.0,887.0,22.85318559556787,-66.0,231.0,31.994459833795013,75.7607555089192,False,True,0.0009921999990183394
E01_Example7,literature,8,LCM_top2_LB,modified,LCM,722.0,ok,887.0,887.0,22.85318559556787,0.0,165.0,22.85318559556787,81.39797068771139,False,True,0.002257100000861101
E01_Example7,literature,8,VAM_top2_LB,modified,VAM,722.0,ok,929.0,826.0,14.404432132963988,-103.0,207.0,28.670360110803323,77.71797631862218,False,True,0.0040103999999701045
E01_Example7,literature,8,THP_top2_LB,modified,THP,722.0,ok,823.0,825.0,14.265927977839334,2.0,101.0,13.988919667590027,87.72782503037666,False,True,0.0038925999997445615
E01_Example7,literature,8,LCM_top2_rollout,modified,LCM,722.0,ok,797.0,887.0,22.85318559556787,90.0,75.0,10.387811634349031,90.58971141781682,False,True,0.010357000001022243
E01_Example7,literature,8,LCM_top3_rollout,modified,LCM,722.0,ok,793.0,887.0,22.85318559556787,94.0,71.0,9.833795013850416,91.04665825977301,False,True,0.013234300000476651
E01_Example7,literature,8,VAM_top2_rollout,modified,VAM,722.0,ok,826.0,826.0,14.404432132963988,0.0,104.0,14.404432132963988,87.409200968523,False,True,0.028277299999899697
E01_Example7,literature,8,VAM_top3_rollout,modified,VAM,722.0,ok,826.0,826.0,14.404432132963988,0.0,104.0,14.404432132963988,87.409200968523,False,True,0.04057699999975739
E01_Example7,literature,8,THP_top2_rollout,modified,THP,722.0,ok,802.0,825.0,14.265927977839334,23.0,80.0,11.0803324099723,90.02493765586036,False,True,0.030242200000429875
E01_Example7,literature,8,THP_top3_rollout,modified,THP,722.0,ok,802.0,825.0,14.265927977839334,23.0,80.0,11.0803324099723,90.02493765586036,False,True,0.04228950000106124
E01_Example7,literature,8,THP_top2_LCMcompletion,modified,THP,722.0,ok,797.0,825.0,14.265927977839334,28.0,75.0,10.387811634349031,90.58971141781682,False,True,0.012384100000417675
E01_Example7,literature,8,VAM_top2_first_only,modified,VAM,722.0,ok,826.0,826.0,14.404432132963988,0.0,104.0,14.404432132963988,87.409200968523,False,True,0.004547399999864865
E01_Example7,literature,8,THP_top2_first_only,modified,THP,722.0,ok,825.0,825.0,14.265927977839334,0.0,103.0,14.265927977839334,87.51515151515152,False,True,0.005287599999064696
E01_Example7,literature,8,VAM_tieA_top2_rollout,modified,VAM,722.0,ok,826.0,826.0,14.404432132963988,0.0,104.0,14.404432132963988,87.409200968523,False,True,0.028594900000825874
E01_Example7,literature,8,MRM_orientation_ensemble,modified,MRM,722.0,ok,844.0,844.0,16.897506925207757,0.0,122.0,16.897506925207757,85.54502369668246,False,True,0.002438000001347973
E01_Example7,literature,8,LCM_score_alpha025,modified,LCM,722.0,ok,905.0,887.0,22.85318559556787,-18.0,183.0,25.346260387811633,79.77900552486187,False,True,0.001851699998951517
E01_Example7,literature,8,LCM_score_alpha050,modified,LCM,722.0,ok,929.0,887.0,22.85318559556787,-42.0,207.0,28.670360110803323,77.71797631862218,False,True,0.0019460000003164168
E01_Example7,literature,8,LCM_score_alpha075,modified,LCM,722.0,ok,929.0,887.0,22.85318559556787,-42.0,207.0,28.670360110803323,77.71797631862218,False,True,0.0017184000007546274
RBSM_N01,literature,3,LCM_tie_allocation,modified,LCM,5600.0,ok,5600.0,5600.0,0.0,0.0,0.0,0.0,100.0,True,True,0.0006309999989753123
RBSM_N01,literature,3,VAM_tie_cost,modified,VAM,5600.0,ok,5600.0,5600.0,0.0,0.0,0.0,0.0,100.0,True,True,0.0005846000003657537
RBSM_N01,literature,3,VAM_tie_allocation,modified,VAM,5600.0,ok,5600.0,5600.0,0.0,0.0,0.0,0.0,100.0,True,True,0.0009385000012116507
RBSM_N01,literature,3,VAM_penalty_sqrtA,modified,VAM,5600.0,ok,5600.0,5600.0,0.0,0.0,0.0,0.0,100.0,True,True,0.0008337000017490936
RBSM_N01,literature,3,VAM_penalty_A,modified,VAM,5600.0,ok,5600.0,5600.0,0.0,0.0,0.0,0.0,100.0,True,True,0.0005785000012110686
RBSM_N01,literature,3,TDSM_theta1_5,modified,TDSM,5600.0,ok,5600.0,5600.0,0.0,0.0,0.0,0.0,100.0,True,True,0.0007777999999234453
RBSM_N01,literature,3,LCM_top2_product,modified,LCM,5600.0,ok,5600.0,5600.0,0.0,0.0,0.0,0.0,100.0,True,True,0.00039649999962421134
RBSM_N01,literature,3,LCM_top2_LB,modified,LCM,5600.0,ok,5600.0,5600.0,0.0,0.0,0.0,0.0,100.0,True,True,0.0018177000001742272
RBSM_N01,literature,3,VAM_top2_LB,modified,VAM,5600.0,ok,5600.0,5600.0,0.0,0.0,0.0,0.0,100.0,True,True,0.0015227000003505964
RBSM_N01,literature,3,THP_top2_LB,modified,THP,5600.0,ok,5600.0,5600.0,0.0,0.0,0.0,0.0,100.0,True,True,0.0010342000005039154
RBSM_N01,literature,3,LCM_top2_rollout,modified,LCM,5600.0,ok,5600.0,5600.0,0.0,0.0,0.0,0.0,100.0,True,True,0.0010022999995271675
RBSM_N01,literature,3,LCM_top3_rollout,modified,LCM,5600.0,ok,5600.0,5600.0,0.0,0.0,0.0,0.0,100.0,True,True,0.0013288999998621875
RBSM_N01,literature,3,VAM_top2_rollout,modified,VAM,5600.0,ok,5600.0,5600.0,0.0,0.0,0.0,0.0,100.0,True,True,0.0018464999993739184
RBSM_N01,literature,3,VAM_top3_rollout,modified,VAM,5600.0,ok,5600.0,5600.0,0.0,0.0,0.0,0.0,100.0,True,True,0.0032644000002619578
RBSM_N01,literature,3,THP_top2_rollout,modified,THP,5600.0,ok,5600.0,5600.0,0.0,0.0,0.0,0.0,100.0,True,True,0.002031299998634495
RBSM_N01,literature,3,THP_top3_rollout,modified,THP,5600.0,ok,5600.0,5600.0,0.0,0.0,0.0,0.0,100.0,True,True,0.0019480000009934884
RBSM_N01,literature,3,THP_top2_LCMcompletion,modified,THP,5600.0,ok,5600.0,5600.0,0.0,0.0,0.0,0.0,100.0,True,True,0.001239200000782148
RBSM_N01,literature,3,VAM_top2_first_only,modified,VAM,5600.0,ok,5600.0,5600.0,0.0,0.0,0.0,0.0,100.0,True,True,0.0010010999994847225
RBSM_N01,literature,3,THP_top2_first_only,modified,THP,5600.0,ok,5600.0,5600.0,0.0,0.0,0.0,0.0,100.0,True,True,0.0009353000004921341
RBSM_N01,literature,3,VAM_tieA_top2_rollout,modified,VAM,5600.0,ok,5600.0,5600.0,0.0,0.0,0.0,0.0,100.0,True,True,0.0018199999994976679
RBSM_N01,literature,3,MRM_orientation_ensemble,modified,MRM,5600.0,ok,5600.0,5600.0,0.0,0.0,0.0,0.0,100.0,True,True,0.0007007000003795838
RBSM_N01,literature,3,LCM_score_alpha025,modified,LCM,5600.0,ok,7600.0,5600.0,0.0,-2000.0,2000.0,35.714285714285715,73.6842105263158,False,True,0.0005838999986735871
RBSM_N01,literature,3,LCM_score_alpha050,modified,LCM,5600.0,ok,6880.0,5600.0,0.0,-1280.0,1280.0,22.857142857142858,81.3953488372093,False,True,0.0005552999991778051
RBSM_N01,literature,3,LCM_score_alpha075,modified,LCM,5600.0,ok,5600.0,5600.0,0.0,0.0,0.0,0.0,100.0,True,True,0.00054689999888069
RBSM_N02,literature,3,LCM_tie_allocation,modified,LCM,28.0,ok,28.0,28.0,0.0,0.0,0.0,0.0,100.0,True,True,0.000305800000205636
RBSM_N02,literature,3,VAM_tie_cost,modified,VAM,28.0,ok,28.0,28.0,0.0,0.0,0.0,0.0,100.0,True,True,0.000549700000192388
RBSM_N02,literature,3,VAM_tie_allocation,modified,VAM,28.0,ok,28.0,28.0,0.0,0.0,0.0,0.0,100.0,True,True,0.0006364000000758097
RBSM_N02,literature,3,VAM_penalty_sqrtA,modified,VAM,28.0,ok,28.0,28.0,0.0,0.0,0.0,0.0,100.0,True,True,0.00054439999985334
RBSM_N02,literature,3,VAM_penalty_A,modified,VAM,28.0,ok,28.0,28.0,0.0,0.0,0.0,0.0,100.0,True,True,0.0005370999988372205
RBSM_N02,literature,3,TDSM_theta1_5,modified,TDSM,28.0,ok,28.0,28.0,0.0,0.0,0.0,0.0,100.0,True,True,0.0005197999998927116
RBSM_N02,literature,3,LCM_top2_product,modified,LCM,28.0,ok,28.0,28.0,0.0,0.0,0.0,0.0,100.0,True,True,0.00032869999995455146
RBSM_N02,literature,3,LCM_top2_LB,modified,LCM,28.0,ok,28.0,28.0,0.0,0.0,0.0,0.0,100.0,True,True,0.0007332000004680594
RBSM_N02,literature,3,VAM_top2_LB,modified,VAM,28.0,ok,28.0,28.0,0.0,0.0,0.0,0.0,100.0,True,True,0.0009406000008311821
RBSM_N02,literature,3,THP_top2_LB,modified,THP,28.0,ok,28.0,28.0,0.0,0.0,0.0,0.0,100.0,True,True,0.001043000000208849
RBSM_N02,literature,3,LCM_top2_rollout,modified,LCM,28.0,ok,28.0,28.0,0.0,0.0,0.0,0.0,100.0,True,True,0.001015699999697972
RBSM_N02,literature,3,LCM_top3_rollout,modified,LCM,28.0,ok,28.0,28.0,0.0,0.0,0.0,0.0,100.0,True,True,0.001593200000570505
RBSM_N02,literature,3,VAM_top2_rollout,modified,VAM,28.0,ok,28.0,28.0,0.0,0.0,0.0,0.0,100.0,True,True,0.0021718000007240335
RBSM_N02,literature,3,VAM_top3_rollout,modified,VAM,28.0,ok,28.0,28.0,0.0,0.0,0.0,0.0,100.0,True,True,0.0026663000007829396
RBSM_N02,literature,3,THP_top2_rollout,modified,THP,28.0,ok,28.0,28.0,0.0,0.0,0.0,0.0,100.0,True,True,0.0025040999989869306
RBSM_N02,literature,3,THP_top3_rollout,modified,THP,28.0,ok,28.0,28.0,0.0,0.0,0.0,0.0,100.0,True,True,0.0030177000007824972
RBSM_N02,literature,3,THP_top2_LCMcompletion,modified,THP,28.0,ok,28.0,28.0,0.0,0.0,0.0,0.0,100.0,True,True,0.0012929000004078262
RBSM_N02,literature,3,VAM_top2_first_only,modified,VAM,28.0,ok,28.0,28.0,0.0,0.0,0.0,0.0,100.0,True,True,0.0009167000007437309
RBSM_N02,literature,3,THP_top2_first_only,modified,THP,28.0,ok,28.0,28.0,0.0,0.0,0.0,0.0,100.0,True,True,0.0009208000010403339
RBSM_N02,literature,3,VAM_tieA_top2_rollout,modified,VAM,28.0,ok,28.0,28.0,0.0,0.0,0.0,0.0,100.0,True,True,0.0031698000002506888
RBSM_N02,literature,3,MRM_orientation_ensemble,modified,MRM,28.0,ok,28.0,28.0,0.0,0.0,0.0,0.0,100.0,True,True,0.00087340000027325
RBSM_N02,literature,3,LCM_score_alpha025,modified,LCM,28.0,ok,36.0,28.0,0.0,-8.0,8.0,28.571428571428573,77.77777777777777,False,True,0.0005836000000272179
RBSM_N02,literature,3,LCM_score_alpha050,modified,LCM,28.0,ok,28.0,28.0,0.0,0.0,0.0,0.0,100.0,True,True,0.0005618000013782876
RBSM_N02,literature,3,LCM_score_alpha075,modified,LCM,28.0,ok,28.0,28.0,0.0,0.0,0.0,0.0,100.0,True,True,0.0005796000004920643
RBSM_N03,literature,5,LCM_tie_allocation,modified,LCM,1102.0,ok,1123.0,1123.0,1.9056261343012704,0.0,21.0,1.9056261343012704,98.1300089047195,False,True,0.0006243999996513594
RBSM_N03,literature,5,VAM_tie_cost,modified,VAM,1102.0,ok,1104.0,1104.0,0.18148820326678766,0.0,2.0,0.18148820326678766,99.81884057971014,False,True,0.0009780000000318978
RBSM_N03,literature,5,VAM_tie_allocation,modified,VAM,1102.0,ok,1104.0,1104.0,0.18148820326678766,0.0,2.0,0.18148820326678766,99.81884057971014,False,True,0.0010583999992377358
RBSM_N03,literature,5,VAM_penalty_sqrtA,modified,VAM,1102.0,ok,1104.0,1104.0,0.18148820326678766,0.0,2.0,0.18148820326678766,99.81884057971014,False,True,0.0009933000001183245
RBSM_N03,literature,5,VAM_penalty_A,modified,VAM,1102.0,ok,1127.0,1104.0,0.18148820326678766,-23.0,25.0,2.268602540834846,97.78172138420585,False,True,0.0010179000000789529
RBSM_N03,literature,5,TDSM_theta1_5,modified,TDSM,1102.0,ok,1102.0,1102.0,0.0,0.0,0.0,0.0,100.0,True,True,0.0012575000000651926
RBSM_N03,literature,5,LCM_top2_product,modified,LCM,1102.0,ok,1123.0,1123.0,1.9056261343012704,0.0,21.0,1.9056261343012704,98.1300089047195,False,True,0.0005565999999816995
RBSM_N03,literature,5,LCM_top2_LB,modified,LCM,1102.0,ok,1146.0,1123.0,1.9056261343012704,-23.0,44.0,3.9927404718693285,96.16055846422339,False,True,0.0012236000002303626
RBSM_N03,literature,5,VAM_top2_LB,modified,VAM,1102.0,ok,1146.0,1104.0,0.18148820326678766,-42.0,44.0,3.9927404718693285,96.16055846422339,False,True,0.0018626000000949716
RBSM_N03,literature,5,THP_top2_LB,modified,THP,1102.0,ok,1146.0,1102.0,0.0,-44.0,44.0,3.9927404718693285,96.16055846422339,False,True,0.0017858999999589287
RBSM_N03,literature,5,LCM_top2_rollout,modified,LCM,1102.0,ok,1102.0,1123.0,1.9056261343012704,21.0,0.0,0.0,100.0,True,True,0.004193700000541867
RBSM_N03,literature,5,LCM_top3_rollout,modified,LCM,1102.0,ok,1102.0,1123.0,1.9056261343012704,21.0,0.0,0.0,100.0,True,True,0.004211700001178542
RBSM_N03,literature,5,VAM_top2_rollout,modified,VAM,1102.0,ok,1104.0,1104.0,0.18148820326678766,0.0,2.0,0.18148820326678766,99.81884057971014,False,True,0.006400599999324186
RBSM_N03,literature,5,VAM_top3_rollout,modified,VAM,1102.0,ok,1104.0,1104.0,0.18148820326678766,0.0,2.0,0.18148820326678766,99.81884057971014,False,True,0.009250700000848155
RBSM_N03,literature,5,THP_top2_rollout,modified,THP,1102.0,ok,1102.0,1102.0,0.0,0.0,0.0,0.0,100.0,True,True,0.007044100000712206
RBSM_N03,literature,5,THP_top3_rollout,modified,THP,1102.0,ok,1102.0,1102.0,0.0,0.0,0.0,0.0,100.0,True,True,0.0077301000001170905
RBSM_N03,literature,5,THP_top2_LCMcompletion,modified,THP,1102.0,ok,1102.0,1102.0,0.0,0.0,0.0,0.0,100.0,True,True,0.0037051999988761963
RBSM_N03,literature,5,VAM_top2_first_only,modified,VAM,1102.0,ok,1104.0,1104.0,0.18148820326678766,0.0,2.0,0.18148820326678766,99.81884057971014,False,True,0.0017348000001220498
RBSM_N03,literature,5,THP_top2_first_only,modified,THP,1102.0,ok,1102.0,1102.0,0.0,0.0,0.0,0.0,100.0,True,True,0.001848099998824182
RBSM_N03,literature,5,VAM_tieA_top2_rollout,modified,VAM,1102.0,ok,1104.0,1104.0,0.18148820326678766,0.0,2.0,0.18148820326678766,99.81884057971014,False,True,0.005936100000326405
RBSM_N03,literature,5,MRM_orientation_ensemble,modified,MRM,1102.0,ok,1102.0,1102.0,0.0,0.0,0.0,0.0,100.0,True,True,0.0013006999997742241
RBSM_N03,literature,5,LCM_score_alpha025,modified,LCM,1102.0,ok,1137.0,1123.0,1.9056261343012704,-14.0,35.0,3.176043557168784,96.9217238346526,False,True,0.0010984999989887
RBSM_N03,literature,5,LCM_score_alpha050,modified,LCM,1102.0,ok,1123.0,1123.0,1.9056261343012704,0.0,21.0,1.9056261343012704,98.1300089047195,False,True,0.0009270000009564683
RBSM_N03,literature,5,LCM_score_alpha075,modified,LCM,1102.0,ok,1123.0,1123.0,1.9056261343012704,0.0,21.0,1.9056261343012704,98.1300089047195,False,True,0.0009143000006588409
RBSM_N04,literature,3,LCM_tie_allocation,modified,LCM,555.0,ok,555.0,555.0,0.0,0.0,0.0,0.0,100.0,True,True,0.0009850999995251186
RBSM_N04,literature,3,VAM_tie_cost,modified,VAM,555.0,ok,555.0,555.0,0.0,0.0,0.0,0.0,100.0,True,True,0.0010056999999505933
RBSM_N04,literature,3,VAM_tie_allocation,modified,VAM,555.0,ok,555.0,555.0,0.0,0.0,0.0,0.0,100.0,True,True,0.0011997000001429114
RBSM_N04,literature,3,VAM_penalty_sqrtA,modified,VAM,555.0,ok,555.0,555.0,0.0,0.0,0.0,0.0,100.0,True,True,0.0005693999992217869
RBSM_N04,literature,3,VAM_penalty_A,modified,VAM,555.0,ok,555.0,555.0,0.0,0.0,0.0,0.0,100.0,True,True,0.00048720000086177606
RBSM_N04,literature,3,TDSM_theta1_5,modified,TDSM,555.0,ok,555.0,555.0,0.0,0.0,0.0,0.0,100.0,True,True,0.0005005000002711313
RBSM_N04,literature,3,LCM_top2_product,modified,LCM,555.0,ok,555.0,555.0,0.0,0.0,0.0,0.0,100.0,True,True,0.0003248000011808472
RBSM_N04,literature,3,LCM_top2_LB,modified,LCM,555.0,ok,555.0,555.0,0.0,0.0,0.0,0.0,100.0,True,True,0.001517799999419367
RBSM_N04,literature,3,VAM_top2_LB,modified,VAM,555.0,ok,555.0,555.0,0.0,0.0,0.0,0.0,100.0,True,True,0.0008922999986680225
RBSM_N04,literature,3,THP_top2_LB,modified,THP,555.0,ok,555.0,555.0,0.0,0.0,0.0,0.0,100.0,True,True,0.0009136999997281237
RBSM_N04,literature,3,LCM_top2_rollout,modified,LCM,555.0,ok,555.0,555.0,0.0,0.0,0.0,0.0,100.0,True,True,0.0009236000005330425
RBSM_N04,literature,3,LCM_top3_rollout,modified,LCM,555.0,ok,555.0,555.0,0.0,0.0,0.0,0.0,100.0,True,True,0.0017877999998745508
RBSM_N04,literature,3,VAM_top2_rollout,modified,VAM,555.0,ok,555.0,555.0,0.0,0.0,0.0,0.0,100.0,True,True,0.002312099999471684
RBSM_N04,literature,3,VAM_top3_rollout,modified,VAM,555.0,ok,555.0,555.0,0.0,0.0,0.0,0.0,100.0,True,True,0.002281399998537381
RBSM_N04,literature,3,THP_top2_rollout,modified,THP,555.0,ok,555.0,555.0,0.0,0.0,0.0,0.0,100.0,True,True,0.0018466000001353677
RBSM_N04,literature,3,THP_top3_rollout,modified,THP,555.0,ok,555.0,555.0,0.0,0.0,0.0,0.0,100.0,True,True,0.0029211000000941567
RBSM_N04,literature,3,THP_top2_LCMcompletion,modified,THP,555.0,ok,555.0,555.0,0.0,0.0,0.0,0.0,100.0,True,True,0.0012413999993441394
RBSM_N04,literature,3,VAM_top2_first_only,modified,VAM,555.0,ok,555.0,555.0,0.0,0.0,0.0,0.0,100.0,True,True,0.0007458000000042375
RBSM_N04,literature,3,THP_top2_first_only,modified,THP,555.0,ok,555.0,555.0,0.0,0.0,0.0,0.0,100.0,True,True,0.0008680000009917421
RBSM_N04,literature,3,VAM_tieA_top2_rollout,modified,VAM,555.0,ok,555.0,555.0,0.0,0.0,0.0,0.0,100.0,True,True,0.0017743000007612864
RBSM_N04,literature,3,MRM_orientation_ensemble,modified,MRM,555.0,ok,555.0,555.0,0.0,0.0,0.0,0.0,100.0,True,True,0.0007055999994918238
RBSM_N04,literature,3,LCM_score_alpha025,modified,LCM,555.0,ok,555.0,555.0,0.0,0.0,0.0,0.0,100.0,True,True,0.0006979999998293351
RBSM_N04,literature,3,LCM_score_alpha050,modified,LCM,555.0,ok,555.0,555.0,0.0,0.0,0.0,0.0,100.0,True,True,0.0007298000000446336
RBSM_N04,literature,3,LCM_score_alpha075,modified,LCM,555.0,ok,555.0,555.0,0.0,0.0,0.0,0.0,100.0,True,True,0.0007490000007237541
RBSM_N05,literature,4,LCM_tie_allocation,modified,LCM,410.0,ok,435.0,435.0,6.097560975609756,0.0,25.0,6.097560975609756,94.25287356321839,False,True,0.00037230000089039095
RBSM_N05,literature,4,VAM_tie_cost,modified,VAM,410.0,ok,410.0,470.0,14.634146341463415,60.0,0.0,0.0,100.0,True,True,0.0012874999993073288
RBSM_N05,literature,4,VAM_tie_allocation,modified,VAM,410.0,ok,470.0,470.0,14.634146341463415,0.0,60.0,14.634146341463415,87.23404255319149,False,True,0.0006415999996534083
RBSM_N05,literature,4,VAM_penalty_sqrtA,modified,VAM,410.0,ok,470.0,470.0,14.634146341463415,0.0,60.0,14.634146341463415,87.23404255319149,False,True,0.000612899999396177
RBSM_N05,literature,4,VAM_penalty_A,modified,VAM,410.0,ok,470.0,470.0,14.634146341463415,0.0,60.0,14.634146341463415,87.23404255319149,False,True,0.0006358999999065418
RBSM_N05,literature,4,TDSM_theta1_5,modified,TDSM,410.0,ok,435.0,435.0,6.097560975609756,0.0,25.0,6.097560975609756,94.25287356321839,False,True,0.0005357000009098556
RBSM_N05,literature,4,LCM_top2_product,modified,LCM,410.0,ok,435.0,435.0,6.097560975609756,0.0,25.0,6.097560975609756,94.25287356321839,False,True,0.00040099999932863284
RBSM_N05,literature,4,LCM_top2_LB,modified,LCM,410.0,ok,430.0,435.0,6.097560975609756,5.0,20.0,4.878048780487805,95.34883720930233,False,True,0.0009544000004098052
RBSM_N05,literature,4,VAM_top2_LB,modified,VAM,410.0,ok,410.0,470.0,14.634146341463415,60.0,0.0,0.0,100.0,True,True,0.001247700000021723
RBSM_N05,literature,4,THP_top2_LB,modified,THP,410.0,ok,415.0,415.0,1.2195121951219512,0.0,5.0,1.2195121951219512,98.79518072289157,False,True,0.0013389999985520262
RBSM_N05,literature,4,LCM_top2_rollout,modified,LCM,410.0,ok,435.0,435.0,6.097560975609756,0.0,25.0,6.097560975609756,94.25287356321839,False,True,0.0017067000007955357
RBSM_N05,literature,4,LCM_top3_rollout,modified,LCM,410.0,ok,410.0,435.0,6.097560975609756,25.0,0.0,0.0,100.0,True,True,0.0030728000001545297
RBSM_N05,literature,4,VAM_top2_rollout,modified,VAM,410.0,ok,410.0,470.0,14.634146341463415,60.0,0.0,0.0,100.0,True,True,0.00437930000043707
RBSM_N05,literature,4,VAM_top3_rollout,modified,VAM,410.0,ok,410.0,470.0,14.634146341463415,60.0,0.0,0.0,100.0,True,True,0.00518259999989823
RBSM_N05,literature,4,THP_top2_rollout,modified,THP,410.0,ok,415.0,415.0,1.2195121951219512,0.0,5.0,1.2195121951219512,98.79518072289157,False,True,0.0042347999988123775
RBSM_N05,literature,4,THP_top3_rollout,modified,THP,410.0,ok,415.0,415.0,1.2195121951219512,0.0,5.0,1.2195121951219512,98.79518072289157,False,True,0.004687299999204697
RBSM_N05,literature,4,THP_top2_LCMcompletion,modified,THP,410.0,ok,415.0,415.0,1.2195121951219512,0.0,5.0,1.2195121951219512,98.79518072289157,False,True,0.002185299999837298
RBSM_N05,literature,4,VAM_top2_first_only,modified,VAM,410.0,ok,410.0,470.0,14.634146341463415,60.0,0.0,0.0,100.0,True,True,0.0011929000011150492
RBSM_N05,literature,4,THP_top2_first_only,modified,THP,410.0,ok,415.0,415.0,1.2195121951219512,0.0,5.0,1.2195121951219512,98.79518072289157,False,True,0.0012352999983704649
RBSM_N05,literature,4,VAM_tieA_top2_rollout,modified,VAM,410.0,ok,415.0,470.0,14.634146341463415,55.0,5.0,1.2195121951219512,98.79518072289157,False,True,0.0035041999999521067
RBSM_N05,literature,4,MRM_orientation_ensemble,modified,MRM,410.0,ok,415.0,415.0,1.2195121951219512,0.0,5.0,1.2195121951219512,98.79518072289157,False,True,0.0008278999994217884
RBSM_N05,literature,4,LCM_score_alpha025,modified,LCM,410.0,ok,430.0,435.0,6.097560975609756,5.0,20.0,4.878048780487805,95.34883720930233,False,True,0.0007649999988643685
RBSM_N05,literature,4,LCM_score_alpha050,modified,LCM,410.0,ok,435.0,435.0,6.097560975609756,0.0,25.0,6.097560975609756,94.25287356321839,False,True,0.0007131000002118526
RBSM_N05,literature,4,LCM_score_alpha075,modified,LCM,410.0,ok,435.0,435.0,6.097560975609756,0.0,25.0,6.097560975609756,94.25287356321839,False,True,0.0007382000003417488
RBSM_N06,literature,4,LCM_tie_allocation,modified,LCM,7750.0,ok,8800.0,8800.0,13.548387096774194,0.0,1050.0,13.548387096774194,88.06818181818181,False,True,0.0003488000002107583
RBSM_N06,literature,4,VAM_tie_cost,modified,VAM,7750.0,ok,8350.0,8350.0,7.741935483870968,0.0,600.0,7.741935483870968,92.81437125748504,False,True,0.0007117000004654983
RBSM_N06,literature,4,VAM_tie_allocation,modified,VAM,7750.0,ok,8350.0,8350.0,7.741935483870968,0.0,600.0,7.741935483870968,92.81437125748504,False,True,0.0007399000005534617
RBSM_N06,literature,4,VAM_penalty_sqrtA,modified,VAM,7750.0,ok,8350.0,8350.0,7.741935483870968,0.0,600.0,7.741935483870968,92.81437125748504,False,True,0.0007254000011016615
RBSM_N06,literature,4,VAM_penalty_A,modified,VAM,7750.0,ok,7750.0,8350.0,7.741935483870968,600.0,0.0,0.0,100.0,True,True,0.000751499999751104
RBSM_N06,literature,4,TDSM_theta1_5,modified,TDSM,7750.0,ok,7750.0,7750.0,0.0,0.0,0.0,0.0,100.0,True,True,0.0006905000009282958
RBSM_N06,literature,4,LCM_top2_product,modified,LCM,7750.0,ok,8800.0,8800.0,13.548387096774194,0.0,1050.0,13.548387096774194,88.06818181818181,False,True,0.00042859999848587904
RBSM_N06,literature,4,LCM_top2_LB,modified,LCM,7750.0,ok,8500.0,8800.0,13.548387096774194,300.0,750.0,9.67741935483871,91.17647058823529,False,True,0.0009516000009170966
RBSM_N06,literature,4,VAM_top2_LB,modified,VAM,7750.0,ok,8500.0,8350.0,7.741935483870968,-150.0,750.0,9.67741935483871,91.17647058823529,False,True,0.0012929000004078262
RBSM_N06,literature,4,THP_top2_LB,modified,THP,7750.0,ok,7950.0,7950.0,2.5806451612903225,0.0,200.0,2.5806451612903225,97.48427672955975,False,True,0.0012862999992648838
RBSM_N06,literature,4,LCM_top2_rollout,modified,LCM,7750.0,ok,8350.0,8800.0,13.548387096774194,450.0,600.0,7.741935483870968,92.81437125748504,False,True,0.0017590999996173196
RBSM_N06,literature,4,LCM_top3_rollout,modified,LCM,7750.0,ok,7950.0,8800.0,13.548387096774194,850.0,200.0,2.5806451612903225,97.48427672955975,False,True,0.0020831000001635402
RBSM_N06,literature,4,VAM_top2_rollout,modified,VAM,7750.0,ok,8350.0,8350.0,7.741935483870968,0.0,600.0,7.741935483870968,92.81437125748504,False,True,0.0034439999999449356
RBSM_N06,literature,4,VAM_top3_rollout,modified,VAM,7750.0,ok,7750.0,8350.0,7.741935483870968,600.0,0.0,0.0,100.0,True,True,0.004530499998509185
RBSM_N06,literature,4,THP_top2_rollout,modified,THP,7750.0,ok,7950.0,7950.0,2.5806451612903225,0.0,200.0,2.5806451612903225,97.48427672955975,False,True,0.004861499999606167
RBSM_N06,literature,4,THP_top3_rollout,modified,THP,7750.0,ok,7950.0,7950.0,2.5806451612903225,0.0,200.0,2.5806451612903225,97.48427672955975,False,True,0.004032599999845843
RBSM_N06,literature,4,THP_top2_LCMcompletion,modified,THP,7750.0,ok,7950.0,7950.0,2.5806451612903225,0.0,200.0,2.5806451612903225,97.48427672955975,False,True,0.0020309999999881256
RBSM_N06,literature,4,VAM_top2_first_only,modified,VAM,7750.0,ok,8350.0,8350.0,7.741935483870968,0.0,600.0,7.741935483870968,92.81437125748504,False,True,0.0011269999995420221
RBSM_N06,literature,4,THP_top2_first_only,modified,THP,7750.0,ok,7950.0,7950.0,2.5806451612903225,0.0,200.0,2.5806451612903225,97.48427672955975,False,True,0.0010657999991963152
RBSM_N06,literature,4,VAM_tieA_top2_rollout,modified,VAM,7750.0,ok,8350.0,8350.0,7.741935483870968,0.0,600.0,7.741935483870968,92.81437125748504,False,True,0.004839699999138247
RBSM_N06,literature,4,MRM_orientation_ensemble,modified,MRM,7750.0,ok,7750.0,10150.0,30.967741935483872,2400.0,0.0,0.0,100.0,True,True,0.0008534000007784925
RBSM_N06,literature,4,LCM_score_alpha025,modified,LCM,7750.0,ok,8900.0,8800.0,13.548387096774194,-100.0,1150.0,14.838709677419354,87.07865168539325,False,True,0.0009618000003683846
RBSM_N06,literature,4,LCM_score_alpha050,modified,LCM,7750.0,ok,8900.0,8800.0,13.548387096774194,-100.0,1150.0,14.838709677419354,87.07865168539325,False,True,0.0007177999996201834
RBSM_N06,literature,4,LCM_score_alpha075,modified,LCM,7750.0,ok,8800.0,8800.0,13.548387096774194,0.0,1050.0,13.548387096774194,88.06818181818181,False,True,0.0013151000002835644
RBSM_N07,literature,3,LCM_tie_allocation,modified,LCM,1160.0,ok,1165.0,1165.0,0.43103448275862066,0.0,5.0,0.43103448275862066,99.57081545064378,False,True,0.000553700001546531
RBSM_N07,literature,3,VAM_tie_cost,modified,VAM,1160.0,ok,1165.0,1220.0,5.172413793103448,55.0,5.0,0.43103448275862066,99.57081545064378,False,True,0.0008619000000180677
RBSM_N07,literature,3,VAM_tie_allocation,modified,VAM,1160.0,ok,1220.0,1220.0,5.172413793103448,0.0,60.0,5.172413793103448,95.08196721311475,False,True,0.0009110999999393243
RBSM_N07,literature,3,VAM_penalty_sqrtA,modified,VAM,1160.0,ok,1220.0,1220.0,5.172413793103448,0.0,60.0,5.172413793103448,95.08196721311475,False,True,0.0010661000014806632
RBSM_N07,literature,3,VAM_penalty_A,modified,VAM,1160.0,ok,1280.0,1220.0,5.172413793103448,-60.0,120.0,10.344827586206897,90.625,False,True,0.0006274000006669667
RBSM_N07,literature,3,TDSM_theta1_5,modified,TDSM,1160.0,ok,1160.0,1160.0,0.0,0.0,0.0,0.0,100.0,True,True,0.000668700000460376
RBSM_N07,literature,3,LCM_top2_product,modified,LCM,1160.0,ok,1165.0,1165.0,0.43103448275862066,0.0,5.0,0.43103448275862066,99.57081545064378,False,True,0.0003878999996231869
RBSM_N07,literature,3,LCM_top2_LB,modified,LCM,1160.0,ok,1165.0,1165.0,0.43103448275862066,0.0,5.0,0.43103448275862066,99.57081545064378,False,True,0.0007963999996718485
RBSM_N07,literature,3,VAM_top2_LB,modified,VAM,1160.0,ok,1165.0,1220.0,5.172413793103448,55.0,5.0,0.43103448275862066,99.57081545064378,False,True,0.0014382000008481555
RBSM_N07,literature,3,THP_top2_LB,modified,THP,1160.0,ok,1165.0,1165.0,0.43103448275862066,0.0,5.0,0.43103448275862066,99.57081545064378,False,True,0.001057800000126008
RBSM_N07,literature,3,LCM_top2_rollout,modified,LCM,1160.0,ok,1165.0,1165.0,0.43103448275862066,0.0,5.0,0.43103448275862066,99.57081545064378,False,True,0.0022170000011101365
RBSM_N07,literature,3,LCM_top3_rollout,modified,LCM,1160.0,ok,1165.0,1165.0,0.43103448275862066,0.0,5.0,0.43103448275862066,99.57081545064378,False,True,0.0018875000005209586
RBSM_N07,literature,3,VAM_top2_rollout,modified,VAM,1160.0,ok,1165.0,1220.0,5.172413793103448,55.0,5.0,0.43103448275862066,99.57081545064378,False,True,0.002569199999925331
RBSM_N07,literature,3,VAM_top3_rollout,modified,VAM,1160.0,ok,1165.0,1220.0,5.172413793103448,55.0,5.0,0.43103448275862066,99.57081545064378,False,True,0.003927899999325746
RBSM_N07,literature,3,THP_top2_rollout,modified,THP,1160.0,ok,1160.0,1165.0,0.43103448275862066,5.0,0.0,0.0,100.0,True,True,0.0025824999993346864
RBSM_N07,literature,3,THP_top3_rollout,modified,THP,1160.0,ok,1160.0,1165.0,0.43103448275862066,5.0,0.0,0.0,100.0,True,True,0.00324449999970966
RBSM_N07,literature,3,THP_top2_LCMcompletion,modified,THP,1160.0,ok,1165.0,1165.0,0.43103448275862066,0.0,5.0,0.43103448275862066,99.57081545064378,False,True,0.001652799999646959
RBSM_N07,literature,3,VAM_top2_first_only,modified,VAM,1160.0,ok,1165.0,1220.0,5.172413793103448,55.0,5.0,0.43103448275862066,99.57081545064378,False,True,0.0010521000003791414
RBSM_N07,literature,3,THP_top2_first_only,modified,THP,1160.0,ok,1160.0,1165.0,0.43103448275862066,5.0,0.0,0.0,100.0,True,True,0.0009743999999045627
RBSM_N07,literature,3,VAM_tieA_top2_rollout,modified,VAM,1160.0,ok,1220.0,1220.0,5.172413793103448,0.0,60.0,5.172413793103448,95.08196721311475,False,True,0.0025003999999171356
RBSM_N07,literature,3,MRM_orientation_ensemble,modified,MRM,1160.0,ok,1160.0,1165.0,0.43103448275862066,5.0,0.0,0.0,100.0,True,True,0.0007162000001699198
RBSM_N07,literature,3,LCM_score_alpha025,modified,LCM,1160.0,ok,1195.0,1165.0,0.43103448275862066,-30.0,35.0,3.0172413793103448,97.07112970711297,False,True,0.0006018000003678026
RBSM_N07,literature,3,LCM_score_alpha050,modified,LCM,1160.0,ok,1165.0,1165.0,0.43103448275862066,0.0,5.0,0.43103448275862066,99.57081545064378,False,True,0.000619800001004478
RBSM_N07,literature,3,LCM_score_alpha075,modified,LCM,1160.0,ok,1165.0,1165.0,0.43103448275862066,0.0,5.0,0.43103448275862066,99.57081545064378,False,True,0.0008082000003923895
RBSM_N08,literature,3,LCM_tie_allocation,modified,LCM,190.0,ok,190.0,192.0,1.0526315789473684,2.0,0.0,0.0,100.0,True,True,0.00030250000054365955
RBSM_N08,literature,3,VAM_tie_cost,modified,VAM,190.0,ok,190.0,190.0,0.0,0.0,0.0,0.0,100.0,True,True,0.0005732999998144805
RBSM_N08,literature,3,VAM_tie_allocation,modified,VAM,190.0,ok,190.0,190.0,0.0,0.0,0.0,0.0,100.0,True,True,0.0006410000005416805
RBSM_N08,literature,3,VAM_penalty_sqrtA,modified,VAM,190.0,ok,190.0,190.0,0.0,0.0,0.0,0.0,100.0,True,True,0.0005756999998993706
RBSM_N08,literature,3,VAM_penalty_A,modified,VAM,190.0,ok,190.0,190.0,0.0,0.0,0.0,0.0,100.0,True,True,0.000584299999900395
RBSM_N08,literature,3,TDSM_theta1_5,modified,TDSM,190.0,ok,190.0,190.0,0.0,0.0,0.0,0.0,100.0,True,True,0.0004748999999719672
RBSM_N08,literature,3,LCM_top2_product,modified,LCM,190.0,ok,192.0,192.0,1.0526315789473684,0.0,2.0,1.0526315789473684,98.95833333333333,False,True,0.000335599999743863
RBSM_N08,literature,3,LCM_top2_LB,modified,LCM,190.0,ok,190.0,192.0,1.0526315789473684,2.0,0.0,0.0,100.0,True,True,0.0007562000009784242
RBSM_N08,literature,3,VAM_top2_LB,modified,VAM,190.0,ok,190.0,190.0,0.0,0.0,0.0,0.0,100.0,True,True,0.0030263999997259816
RBSM_N08,literature,3,THP_top2_LB,modified,THP,190.0,ok,190.0,192.0,1.0526315789473684,2.0,0.0,0.0,100.0,True,True,0.0016985999991447898
RBSM_N08,literature,3,LCM_top2_rollout,modified,LCM,190.0,ok,190.0,192.0,1.0526315789473684,2.0,0.0,0.0,100.0,True,True,0.0015263000004779315
RBSM_N08,literature,3,LCM_top3_rollout,modified,LCM,190.0,ok,190.0,192.0,1.0526315789473684,2.0,0.0,0.0,100.0,True,True,0.0018010000003414461
RBSM_N08,literature,3,VAM_top2_rollout,modified,VAM,190.0,ok,190.0,190.0,0.0,0.0,0.0,0.0,100.0,True,True,0.0027632999990601093
RBSM_N08,literature,3,VAM_top3_rollout,modified,VAM,190.0,ok,190.0,190.0,0.0,0.0,0.0,0.0,100.0,True,True,0.0032714000008127186
RBSM_N08,literature,3,THP_top2_rollout,modified,THP,190.0,ok,190.0,192.0,1.0526315789473684,2.0,0.0,0.0,100.0,True,True,0.002660000000105356
RBSM_N08,literature,3,THP_top3_rollout,modified,THP,190.0,ok,190.0,192.0,1.0526315789473684,2.0,0.0,0.0,100.0,True,True,0.002736800001002848
RBSM_N08,literature,3,THP_top2_LCMcompletion,modified,THP,190.0,ok,190.0,192.0,1.0526315789473684,2.0,0.0,0.0,100.0,True,True,0.0014978000017435988
RBSM_N08,literature,3,VAM_top2_first_only,modified,VAM,190.0,ok,190.0,190.0,0.0,0.0,0.0,0.0,100.0,True,True,0.0008794000004854752
RBSM_N08,literature,3,THP_top2_first_only,modified,THP,190.0,ok,192.0,192.0,1.0526315789473684,0.0,2.0,1.0526315789473684,98.95833333333333,False,True,0.0009279000005335547
RBSM_N08,literature,3,VAM_tieA_top2_rollout,modified,VAM,190.0,ok,190.0,190.0,0.0,0.0,0.0,0.0,100.0,True,True,0.002382700000453042
RBSM_N08,literature,3,MRM_orientation_ensemble,modified,MRM,190.0,ok,190.0,190.0,0.0,0.0,0.0,0.0,100.0,True,True,0.0007053999997879146
RBSM_N08,literature,3,LCM_score_alpha025,modified,LCM,190.0,ok,216.0,192.0,1.0526315789473684,-24.0,26.0,13.68421052631579,87.96296296296296,False,True,0.0005979999987175688
RBSM_N08,literature,3,LCM_score_alpha050,modified,LCM,190.0,ok,190.0,192.0,1.0526315789473684,2.0,0.0,0.0,100.0,True,True,0.0006229999999050051
RBSM_N08,literature,3,LCM_score_alpha075,modified,LCM,190.0,ok,190.0,192.0,1.0526315789473684,2.0,0.0,0.0,100.0,True,True,0.0006035999995219754
RBSM_N10,literature,3,LCM_tie_allocation,modified,LCM,910.0,ok,990.0,990.0,8.791208791208792,0.0,80.0,8.791208791208792,91.91919191919192,False,True,0.0003431999994063517
RBSM_N10,literature,3,VAM_tie_cost,modified,VAM,910.0,ok,990.0,990.0,8.791208791208792,0.0,80.0,8.791208791208792,91.91919191919192,False,True,0.0004697999993368285
RBSM_N10,literature,3,VAM_tie_allocation,modified,VAM,910.0,ok,990.0,990.0,8.791208791208792,0.0,80.0,8.791208791208792,91.91919191919192,False,True,0.00047930000073392875
RBSM_N10,literature,3,VAM_penalty_sqrtA,modified,VAM,910.0,ok,990.0,990.0,8.791208791208792,0.0,80.0,8.791208791208792,91.91919191919192,False,True,0.000478300000395393
RBSM_N10,literature,3,VAM_penalty_A,modified,VAM,910.0,ok,990.0,990.0,8.791208791208792,0.0,80.0,8.791208791208792,91.91919191919192,False,True,0.0004948999994667247
RBSM_N10,literature,3,TDSM_theta1_5,modified,TDSM,910.0,ok,990.0,990.0,8.791208791208792,0.0,80.0,8.791208791208792,91.91919191919192,False,True,0.000426500000685337
RBSM_N10,literature,3,LCM_top2_product,modified,LCM,910.0,ok,1080.0,990.0,8.791208791208792,-90.0,170.0,18.681318681318682,84.25925925925925,False,True,0.0002990000011777738
RBSM_N10,literature,3,LCM_top2_LB,modified,LCM,910.0,ok,960.0,990.0,8.791208791208792,30.0,50.0,5.4945054945054945,94.79166666666667,False,True,0.0006775000001653098
RBSM_N10,literature,3,VAM_top2_LB,modified,VAM,910.0,ok,910.0,990.0,8.791208791208792,80.0,0.0,0.0,100.0,True,True,0.0010209000010945601
RBSM_N10,literature,3,THP_top2_LB,modified,THP,910.0,ok,960.0,990.0,8.791208791208792,30.0,50.0,5.4945054945054945,94.79166666666667,False,True,0.0008856000004016096
RBSM_N10,literature,3,LCM_top2_rollout,modified,LCM,910.0,ok,960.0,990.0,8.791208791208792,30.0,50.0,5.4945054945054945,94.79166666666667,False,True,0.0009050000007846393
RBSM_N10,literature,3,LCM_top3_rollout,modified,LCM,910.0,ok,960.0,990.0,8.791208791208792,30.0,50.0,5.4945054945054945,94.79166666666667,False,True,0.0011561999999685213
RBSM_N10,literature,3,VAM_top2_rollout,modified,VAM,910.0,ok,910.0,990.0,8.791208791208792,80.0,0.0,0.0,100.0,True,True,0.002241899999717134
RBSM_N10,literature,3,VAM_top3_rollout,modified,VAM,910.0,ok,910.0,990.0,8.791208791208792,80.0,0.0,0.0,100.0,True,True,0.0028081000000383938
RBSM_N10,literature,3,THP_top2_rollout,modified,THP,910.0,ok,960.0,990.0,8.791208791208792,30.0,50.0,5.4945054945054945,94.79166666666667,False,True,0.0018727000006037997
RBSM_N10,literature,3,THP_top3_rollout,modified,THP,910.0,ok,960.0,990.0,8.791208791208792,30.0,50.0,5.4945054945054945,94.79166666666667,False,True,0.0018835999999282649
RBSM_N10,literature,3,THP_top2_LCMcompletion,modified,THP,910.0,ok,960.0,990.0,8.791208791208792,30.0,50.0,5.4945054945054945,94.79166666666667,False,True,0.0011269999995420221
RBSM_N10,literature,3,VAM_top2_first_only,modified,VAM,910.0,ok,990.0,990.0,8.791208791208792,0.0,80.0,8.791208791208792,91.91919191919192,False,True,0.0007251999995787628
RBSM_N10,literature,3,THP_top2_first_only,modified,THP,910.0,ok,960.0,990.0,8.791208791208792,30.0,50.0,5.4945054945054945,94.79166666666667,False,True,0.0007851999998820247
RBSM_N10,literature,3,VAM_tieA_top2_rollout,modified,VAM,910.0,ok,910.0,990.0,8.791208791208792,80.0,0.0,0.0,100.0,True,True,0.002110800000082236
RBSM_N10,literature,3,MRM_orientation_ensemble,modified,MRM,910.0,ok,990.0,990.0,8.791208791208792,0.0,80.0,8.791208791208792,91.91919191919192,False,True,0.0008116999997582752
RBSM_N10,literature,3,LCM_score_alpha025,modified,LCM,910.0,ok,1130.0,990.0,8.791208791208792,-140.0,220.0,24.175824175824175,80.53097345132744,False,True,0.0007058999999571824
RBSM_N10,literature,3,LCM_score_alpha050,modified,LCM,910.0,ok,1130.0,990.0,8.791208791208792,-140.0,220.0,24.175824175824175,80.53097345132744,False,True,0.0005184000001463573
RBSM_N10,literature,3,LCM_score_alpha075,modified,LCM,910.0,ok,990.0,990.0,8.791208791208792,0.0,80.0,8.791208791208792,91.91919191919192,False,True,0.0007688000005146023
RBSM_N11,literature,3,LCM_tie_allocation,modified,LCM,2460.0,ok,2980.0,2980.0,21.13821138211382,0.0,520.0,21.13821138211382,82.5503355704698,False,True,0.00038750000021536835
RBSM_N11,literature,3,VAM_tie_cost,modified,VAM,2460.0,ok,2980.0,2980.0,21.13821138211382,0.0,520.0,21.13821138211382,82.5503355704698,False,True,0.0005160000000614673
RBSM_N11,literature,3,VAM_tie_allocation,modified,VAM,2460.0,ok,2500.0,2980.0,21.13821138211382,480.0,40.0,1.6260162601626016,98.4,False,True,0.0004836999996769009
RBSM_N11,literature,3,VAM_penalty_sqrtA,modified,VAM,2460.0,ok,2500.0,2980.0,21.13821138211382,480.0,40.0,1.6260162601626016,98.4,False,True,0.0005077999994682614
RBSM_N11,literature,3,VAM_penalty_A,modified,VAM,2460.0,ok,2500.0,2980.0,21.13821138211382,480.0,40.0,1.6260162601626016,98.4,False,True,0.0004715000013675308
RBSM_N11,literature,3,TDSM_theta1_5,modified,TDSM,2460.0,ok,2500.0,2500.0,1.6260162601626016,0.0,40.0,1.6260162601626016,98.4,False,True,0.00046409999958996195
RBSM_N11,literature,3,LCM_top2_product,modified,LCM,2460.0,ok,3280.0,2980.0,21.13821138211382,-300.0,820.0,33.333333333333336,75.0,False,True,0.00029090000134601723
RBSM_N11,literature,3,LCM_top2_LB,modified,LCM,2460.0,ok,2500.0,2980.0,21.13821138211382,480.0,40.0,1.6260162601626016,98.4,False,True,0.0010797999984788476
RBSM_N11,literature,3,VAM_top2_LB,modified,VAM,2460.0,ok,2500.0,2980.0,21.13821138211382,480.0,40.0,1.6260162601626016,98.4,False,True,0.001051200000802055
RBSM_N11,literature,3,THP_top2_LB,modified,THP,2460.0,ok,2500.0,3280.0,33.333333333333336,780.0,40.0,1.6260162601626016,98.4,False,True,0.0009058000014192658
RBSM_N11,literature,3,LCM_top2_rollout,modified,LCM,2460.0,ok,2980.0,2980.0,21.13821138211382,0.0,520.0,21.13821138211382,82.5503355704698,False,True,0.0008773000008659437
RBSM_N11,literature,3,LCM_top3_rollout,modified,LCM,2460.0,ok,2500.0,2980.0,21.13821138211382,480.0,40.0,1.6260162601626016,98.4,False,True,0.0012189999997644918
RBSM_N11,literature,3,VAM_top2_rollout,modified,VAM,2460.0,ok,2500.0,2980.0,21.13821138211382,480.0,40.0,1.6260162601626016,98.4,False,True,0.0016315000011672964
RBSM_N11,literature,3,VAM_top3_rollout,modified,VAM,2460.0,ok,2500.0,2980.0,21.13821138211382,480.0,40.0,1.6260162601626016,98.4,False,True,0.0024415999996563187
RBSM_N11,literature,3,THP_top2_rollout,modified,THP,2460.0,ok,2500.0,3280.0,33.333333333333336,780.0,40.0,1.6260162601626016,98.4,False,True,0.0022487999995064456
RBSM_N11,literature,3,THP_top3_rollout,modified,THP,2460.0,ok,2500.0,3280.0,33.333333333333336,780.0,40.0,1.6260162601626016,98.4,False,True,0.0018543000005593058
RBSM_N11,literature,3,THP_top2_LCMcompletion,modified,THP,2460.0,ok,2500.0,3280.0,33.333333333333336,780.0,40.0,1.6260162601626016,98.4,False,True,0.0011493000001792097
RBSM_N11,literature,3,VAM_top2_first_only,modified,VAM,2460.0,ok,2500.0,2980.0,21.13821138211382,480.0,40.0,1.6260162601626016,98.4,False,True,0.0007239000005938578
RBSM_N11,literature,3,THP_top2_first_only,modified,THP,2460.0,ok,2500.0,3280.0,33.333333333333336,780.0,40.0,1.6260162601626016,98.4,False,True,0.0008023999998840736
RBSM_N11,literature,3,VAM_tieA_top2_rollout,modified,VAM,2460.0,ok,2500.0,2980.0,21.13821138211382,480.0,40.0,1.6260162601626016,98.4,False,True,0.002206799999839859
RBSM_N11,literature,3,MRM_orientation_ensemble,modified,MRM,2460.0,ok,2500.0,2500.0,1.6260162601626016,0.0,40.0,1.6260162601626016,98.4,False,True,0.0007731000005151145
RBSM_N11,literature,3,LCM_score_alpha025,modified,LCM,2460.0,ok,2980.0,2980.0,21.13821138211382,0.0,520.0,21.13821138211382,82.5503355704698,False,True,0.0005433999995148042
RBSM_N11,literature,3,LCM_score_alpha050,modified,LCM,2460.0,ok,2980.0,2980.0,21.13821138211382,0.0,520.0,21.13821138211382,82.5503355704698,False,True,0.0005172000001039123
RBSM_N11,literature,3,LCM_score_alpha075,modified,LCM,2460.0,ok,2980.0,2980.0,21.13821138211382,0.0,520.0,21.13821138211382,82.5503355704698,False,True,0.0005032999997638399
RBSM_N12,literature,3,LCM_tie_allocation,modified,LCM,425.0,ok,433.0,433.0,1.8823529411764706,0.0,8.0,1.8823529411764706,98.15242494226328,False,True,0.0002710999997361796
RBSM_N12,literature,3,VAM_tie_cost,modified,VAM,425.0,ok,425.0,425.0,0.0,0.0,0.0,0.0,100.0,True,True,0.0004650999999284977
RBSM_N12,literature,3,VAM_tie_allocation,modified,VAM,425.0,ok,425.0,425.0,0.0,0.0,0.0,0.0,100.0,True,True,0.00046040000052016694
RBSM_N12,literature,3,VAM_penalty_sqrtA,modified,VAM,425.0,ok,439.0,425.0,0.0,-14.0,14.0,3.2941176470588234,96.81093394077449,False,True,0.0006639000002905959
RBSM_N12,literature,3,VAM_penalty_A,modified,VAM,425.0,ok,439.0,425.0,0.0,-14.0,14.0,3.2941176470588234,96.81093394077449,False,True,0.000983900001301663
RBSM_N12,literature,3,TDSM_theta1_5,modified,TDSM,425.0,ok,425.0,425.0,0.0,0.0,0.0,0.0,100.0,True,True,0.0008020000004762551
RBSM_N12,literature,3,LCM_top2_product,modified,LCM,425.0,ok,433.0,433.0,1.8823529411764706,0.0,8.0,1.8823529411764706,98.15242494226328,False,True,0.0003661999999167165
RBSM_N12,literature,3,LCM_top2_LB,modified,LCM,425.0,ok,433.0,433.0,1.8823529411764706,0.0,8.0,1.8823529411764706,98.15242494226328,False,True,0.0008350000007339986
RBSM_N12,literature,3,VAM_top2_LB,modified,VAM,425.0,ok,425.0,425.0,0.0,0.0,0.0,0.0,100.0,True,True,0.001196400000480935
RBSM_N12,literature,3,THP_top2_LB,modified,THP,425.0,ok,425.0,425.0,0.0,0.0,0.0,0.0,100.0,True,True,0.00087340000027325
RBSM_N12,literature,3,LCM_top2_rollout,modified,LCM,425.0,ok,433.0,433.0,1.8823529411764706,0.0,8.0,1.8823529411764706,98.15242494226328,False,True,0.0009233000000676839
RBSM_N12,literature,3,LCM_top3_rollout,modified,LCM,425.0,ok,425.0,433.0,1.8823529411764706,8.0,0.0,0.0,100.0,True,True,0.0010661999986041337
RBSM_N12,literature,3,VAM_top2_rollout,modified,VAM,425.0,ok,425.0,425.0,0.0,0.0,0.0,0.0,100.0,True,True,0.0017698000010568649
RBSM_N12,literature,3,VAM_top3_rollout,modified,VAM,425.0,ok,425.0,425.0,0.0,0.0,0.0,0.0,100.0,True,True,0.0027718000001186738
RBSM_N12,literature,3,THP_top2_rollout,modified,THP,425.0,ok,425.0,425.0,0.0,0.0,0.0,0.0,100.0,True,True,0.0014921999991202028
RBSM_N12,literature,3,THP_top3_rollout,modified,THP,425.0,ok,425.0,425.0,0.0,0.0,0.0,0.0,100.0,True,True,0.0014864000004308764
RBSM_N12,literature,3,THP_top2_LCMcompletion,modified,THP,425.0,ok,425.0,425.0,0.0,0.0,0.0,0.0,100.0,True,True,0.0013108999992255121
RBSM_N12,literature,3,VAM_top2_first_only,modified,VAM,425.0,ok,425.0,425.0,0.0,0.0,0.0,0.0,100.0,True,True,0.0007244000007631257
RBSM_N12,literature,3,THP_top2_first_only,modified,THP,425.0,ok,425.0,425.0,0.0,0.0,0.0,0.0,100.0,True,True,0.0007046999999147374
RBSM_N12,literature,3,VAM_tieA_top2_rollout,modified,VAM,425.0,ok,425.0,425.0,0.0,0.0,0.0,0.0,100.0,True,True,0.0020440000007511117
RBSM_N12,literature,3,MRM_orientation_ensemble,modified,MRM,425.0,ok,425.0,425.0,0.0,0.0,0.0,0.0,100.0,True,True,0.0006236999997781822
RBSM_N12,literature,3,LCM_score_alpha025,modified,LCM,425.0,ok,433.0,433.0,1.8823529411764706,0.0,8.0,1.8823529411764706,98.15242494226328,False,True,0.0005292000005283626
RBSM_N12,literature,3,LCM_score_alpha050,modified,LCM,425.0,ok,433.0,433.0,1.8823529411764706,0.0,8.0,1.8823529411764706,98.15242494226328,False,True,0.0004948000005242648
RBSM_N12,literature,3,LCM_score_alpha075,modified,LCM,425.0,ok,433.0,433.0,1.8823529411764706,0.0,8.0,1.8823529411764706,98.15242494226328,False,True,0.0004949999984091846
RBSM_N14,literature,3,LCM_tie_allocation,modified,LCM,920.0,ok,960.0,960.0,4.3478260869565215,0.0,40.0,4.3478260869565215,95.83333333333333,False,True,0.0003997999992861878
RBSM_N14,literature,3,VAM_tie_cost,modified,VAM,920.0,ok,960.0,960.0,4.3478260869565215,0.0,40.0,4.3478260869565215,95.83333333333333,False,True,0.0006962999996176222
RBSM_N14,literature,3,VAM_tie_allocation,modified,VAM,920.0,ok,960.0,960.0,4.3478260869565215,0.0,40.0,4.3478260869565215,95.83333333333333,False,True,0.0006458000007114606
RBSM_N14,literature,3,VAM_penalty_sqrtA,modified,VAM,920.0,ok,960.0,960.0,4.3478260869565215,0.0,40.0,4.3478260869565215,95.83333333333333,False,True,0.0005733999987569405
RBSM_N14,literature,3,VAM_penalty_A,modified,VAM,920.0,ok,930.0,960.0,4.3478260869565215,30.0,10.0,1.0869565217391304,98.9247311827957,False,True,0.0005005999992135912
RBSM_N14,literature,3,TDSM_theta1_5,modified,TDSM,920.0,ok,960.0,960.0,4.3478260869565215,0.0,40.0,4.3478260869565215,95.83333333333333,False,True,0.00047450000056414865
RBSM_N14,literature,3,LCM_top2_product,modified,LCM,920.0,ok,960.0,960.0,4.3478260869565215,0.0,40.0,4.3478260869565215,95.83333333333333,False,True,0.0003448999996180646
RBSM_N14,literature,3,LCM_top2_LB,modified,LCM,920.0,ok,960.0,960.0,4.3478260869565215,0.0,40.0,4.3478260869565215,95.83333333333333,False,True,0.0008176999999705004
RBSM_N14,literature,3,VAM_top2_LB,modified,VAM,920.0,ok,960.0,960.0,4.3478260869565215,0.0,40.0,4.3478260869565215,95.83333333333333,False,True,0.0009993000003305497
RBSM_N14,literature,3,THP_top2_LB,modified,THP,920.0,ok,920.0,920.0,0.0,0.0,0.0,0.0,100.0,True,True,0.0009884999999485444
RBSM_N14,literature,3,LCM_top2_rollout,modified,LCM,920.0,ok,930.0,960.0,4.3478260869565215,30.0,10.0,1.0869565217391304,98.9247311827957,False,True,0.0009819999995670514
RBSM_N14,literature,3,LCM_top3_rollout,modified,LCM,920.0,ok,930.0,960.0,4.3478260869565215,30.0,10.0,1.0869565217391304,98.9247311827957,False,True,0.001366099999358994
RBSM_N14,literature,3,VAM_top2_rollout,modified,VAM,920.0,ok,940.0,960.0,4.3478260869565215,20.0,20.0,2.1739130434782608,97.87234042553192,False,True,0.0031616000014764722
RBSM_N14,literature,3,VAM_top3_rollout,modified,VAM,920.0,ok,920.0,960.0,4.3478260869565215,40.0,0.0,0.0,100.0,True,True,0.0035889000009774463
RBSM_N14,literature,3,THP_top2_rollout,modified,THP,920.0,ok,920.0,920.0,0.0,0.0,0.0,0.0,100.0,True,True,0.00358800000140036
RBSM_N14,literature,3,THP_top3_rollout,modified,THP,920.0,ok,920.0,920.0,0.0,0.0,0.0,0.0,100.0,True,True,0.003437100000155624
RBSM_N14,literature,3,THP_top2_LCMcompletion,modified,THP,920.0,ok,920.0,920.0,0.0,0.0,0.0,0.0,100.0,True,True,0.0014929999997548293
RBSM_N14,literature,3,VAM_top2_first_only,modified,VAM,920.0,ok,940.0,960.0,4.3478260869565215,20.0,20.0,2.1739130434782608,97.87234042553192,False,True,0.0008948999984568218
RBSM_N14,literature,3,THP_top2_first_only,modified,THP,920.0,ok,920.0,920.0,0.0,0.0,0.0,0.0,100.0,True,True,0.002101300000504125
RBSM_N14,literature,3,VAM_tieA_top2_rollout,modified,VAM,920.0,ok,920.0,960.0,4.3478260869565215,40.0,0.0,0.0,100.0,True,True,0.002697900001294329
RBSM_N14,literature,3,MRM_orientation_ensemble,modified,MRM,920.0,ok,920.0,960.0,4.3478260869565215,40.0,0.0,0.0,100.0,True,True,0.0007524000011471799
RBSM_N14,literature,3,LCM_score_alpha025,modified,LCM,920.0,ok,970.0,960.0,4.3478260869565215,-10.0,50.0,5.434782608695652,94.84536082474227,False,True,0.000706299999365001
RBSM_N14,literature,3,LCM_score_alpha050,modified,LCM,920.0,ok,960.0,960.0,4.3478260869565215,0.0,40.0,4.3478260869565215,95.83333333333333,False,True,0.0006475999998656334
RBSM_N14,literature,3,LCM_score_alpha075,modified,LCM,920.0,ok,960.0,960.0,4.3478260869565215,0.0,40.0,4.3478260869565215,95.83333333333333,False,True,0.0006053000015526777
RBSM_N15,literature,3,LCM_tie_allocation,modified,LCM,156.0,ok,156.0,156.0,0.0,0.0,0.0,0.0,100.0,True,True,0.00035229999957664404
RBSM_N15,literature,3,VAM_tie_cost,modified,VAM,156.0,ok,156.0,156.0,0.0,0.0,0.0,0.0,100.0,True,True,0.000718000001143082
RBSM_N15,literature,3,VAM_tie_allocation,modified,VAM,156.0,ok,156.0,156.0,0.0,0.0,0.0,0.0,100.0,True,True,0.0005911999996897066
RBSM_N15,literature,3,VAM_penalty_sqrtA,modified,VAM,156.0,ok,156.0,156.0,0.0,0.0,0.0,0.0,100.0,True,True,0.0005748999992647441
RBSM_N15,literature,3,VAM_penalty_A,modified,VAM,156.0,ok,164.0,156.0,0.0,-8.0,8.0,5.128205128205129,95.1219512195122,False,True,0.0005646999998134561
RBSM_N15,literature,3,TDSM_theta1_5,modified,TDSM,156.0,ok,156.0,156.0,0.0,0.0,0.0,0.0,100.0,True,True,0.0004946999997628154
RBSM_N15,literature,3,LCM_top2_product,modified,LCM,156.0,ok,156.0,156.0,0.0,0.0,0.0,0.0,100.0,True,True,0.00032869999995455146
RBSM_N15,literature,3,LCM_top2_LB,modified,LCM,156.0,ok,156.0,156.0,0.0,0.0,0.0,0.0,100.0,True,True,0.0007824000003893161
RBSM_N15,literature,3,VAM_top2_LB,modified,VAM,156.0,ok,156.0,156.0,0.0,0.0,0.0,0.0,100.0,True,True,0.0010289999991073273
RBSM_N15,literature,3,THP_top2_LB,modified,THP,156.0,ok,156.0,156.0,0.0,0.0,0.0,0.0,100.0,True,True,0.0013806000006297836
RBSM_N15,literature,3,LCM_top2_rollout,modified,LCM,156.0,ok,156.0,156.0,0.0,0.0,0.0,0.0,100.0,True,True,0.0012139000009483425
RBSM_N15,literature,3,LCM_top3_rollout,modified,LCM,156.0,ok,156.0,156.0,0.0,0.0,0.0,0.0,100.0,True,True,0.0016369000004488043
RBSM_N15,literature,3,VAM_top2_rollout,modified,VAM,156.0,ok,156.0,156.0,0.0,0.0,0.0,0.0,100.0,True,True,0.00247020000097109
RBSM_N15,literature,3,VAM_top3_rollout,modified,VAM,156.0,ok,156.0,156.0,0.0,0.0,0.0,0.0,100.0,True,True,0.003844700000627199
RBSM_N15,literature,3,THP_top2_rollout,modified,THP,156.0,ok,156.0,156.0,0.0,0.0,0.0,0.0,100.0,True,True,0.002686899999389425
RBSM_N15,literature,3,THP_top3_rollout,modified,THP,156.0,ok,156.0,156.0,0.0,0.0,0.0,0.0,100.0,True,True,0.0025834000007307623
RBSM_N15,literature,3,THP_top2_LCMcompletion,modified,THP,156.0,ok,156.0,156.0,0.0,0.0,0.0,0.0,100.0,True,True,0.0014341999994940124
RBSM_N15,literature,3,VAM_top2_first_only,modified,VAM,156.0,ok,156.0,156.0,0.0,0.0,0.0,0.0,100.0,True,True,0.0012590000005729962
RBSM_N15,literature,3,THP_top2_first_only,modified,THP,156.0,ok,156.0,156.0,0.0,0.0,0.0,0.0,100.0,True,True,0.0010762999991129618
RBSM_N15,literature,3,VAM_tieA_top2_rollout,modified,VAM,156.0,ok,156.0,156.0,0.0,0.0,0.0,0.0,100.0,True,True,0.0026204000005236594
RBSM_N15,literature,3,MRM_orientation_ensemble,modified,MRM,156.0,ok,156.0,156.0,0.0,0.0,0.0,0.0,100.0,True,True,0.000712799999746494
RBSM_N15,literature,3,LCM_score_alpha025,modified,LCM,156.0,ok,190.0,156.0,0.0,-34.0,34.0,21.794871794871796,82.10526315789474,False,True,0.0005298999985825503
RBSM_N15,literature,3,LCM_score_alpha050,modified,LCM,156.0,ok,164.0,156.0,0.0,-8.0,8.0,5.128205128205129,95.1219512195122,False,True,0.0006033999998180661
RBSM_N15,literature,3,LCM_score_alpha075,modified,LCM,156.0,ok,156.0,156.0,0.0,0.0,0.0,0.0,100.0,True,True,0.0005797000012535136
RBSM_N16,literature,3,LCM_tie_allocation,modified,LCM,1510.0,ok,1650.0,1650.0,9.271523178807946,0.0,140.0,9.271523178807946,91.51515151515152,False,True,0.00033239999902434647
RBSM_N16,literature,3,VAM_tie_cost,modified,VAM,1510.0,ok,1590.0,1590.0,5.298013245033113,0.0,80.0,5.298013245033113,94.96855345911949,False,True,0.0005349000002752291
RBSM_N16,literature,3,VAM_tie_allocation,modified,VAM,1510.0,ok,1590.0,1590.0,5.298013245033113,0.0,80.0,5.298013245033113,94.96855345911949,False,True,0.0005662999992637197
RBSM_N16,literature,3,VAM_penalty_sqrtA,modified,VAM,1510.0,ok,1510.0,1590.0,5.298013245033113,80.0,0.0,0.0,100.0,True,True,0.00048179999976127874
RBSM_N16,literature,3,VAM_penalty_A,modified,VAM,1510.0,ok,1510.0,1590.0,5.298013245033113,80.0,0.0,0.0,100.0,True,True,0.0004969000001437962
RBSM_N16,literature,3,TDSM_theta1_5,modified,TDSM,1510.0,ok,1590.0,1590.0,5.298013245033113,0.0,80.0,5.298013245033113,94.96855345911949,False,True,0.00043229999937466346
RBSM_N16,literature,3,LCM_top2_product,modified,LCM,1510.0,ok,1650.0,1650.0,9.271523178807946,0.0,140.0,9.271523178807946,91.51515151515152,False,True,0.00036240000008547213
RBSM_N16,literature,3,LCM_top2_LB,modified,LCM,1510.0,ok,1590.0,1650.0,9.271523178807946,60.0,80.0,5.298013245033113,94.96855345911949,False,True,0.0006771999996999511
RBSM_N16,literature,3,VAM_top2_LB,modified,VAM,1510.0,ok,1530.0,1590.0,5.298013245033113,60.0,20.0,1.3245033112582782,98.69281045751634,False,True,0.0011451999998826068
RBSM_N16,literature,3,THP_top2_LB,modified,THP,1510.0,ok,1590.0,1650.0,9.271523178807946,60.0,80.0,5.298013245033113,94.96855345911949,False,True,0.002270100001624087
RBSM_N16,literature,3,LCM_top2_rollout,modified,LCM,1510.0,ok,1510.0,1650.0,9.271523178807946,140.0,0.0,0.0,100.0,True,True,0.0013022999992244877
RBSM_N16,literature,3,LCM_top3_rollout,modified,LCM,1510.0,ok,1510.0,1650.0,9.271523178807946,140.0,0.0,0.0,100.0,True,True,0.0014738000008946983
RBSM_N16,literature,3,VAM_top2_rollout,modified,VAM,1510.0,ok,1590.0,1590.0,5.298013245033113,0.0,80.0,5.298013245033113,94.96855345911949,False,True,0.002660400001332164
RBSM_N16,literature,3,VAM_top3_rollout,modified,VAM,1510.0,ok,1510.0,1590.0,5.298013245033113,80.0,0.0,0.0,100.0,True,True,0.0029875000000174623
RBSM_N16,literature,3,THP_top2_rollout,modified,THP,1510.0,ok,1510.0,1650.0,9.271523178807946,140.0,0.0,0.0,100.0,True,True,0.001745699999446515
RBSM_N16,literature,3,THP_top3_rollout,modified,THP,1510.0,ok,1510.0,1650.0,9.271523178807946,140.0,0.0,0.0,100.0,True,True,0.0017433000011806143
RBSM_N16,literature,3,THP_top2_LCMcompletion,modified,THP,1510.0,ok,1510.0,1650.0,9.271523178807946,140.0,0.0,0.0,100.0,True,True,0.0010954999997920822
RBSM_N16,literature,3,VAM_top2_first_only,modified,VAM,1510.0,ok,1590.0,1590.0,5.298013245033113,0.0,80.0,5.298013245033113,94.96855345911949,False,True,0.0008270000016636914
RBSM_N16,literature,3,THP_top2_first_only,modified,THP,1510.0,ok,1530.0,1650.0,9.271523178807946,120.0,20.0,1.3245033112582782,98.69281045751634,False,True,0.0007912000000942498
RBSM_N16,literature,3,VAM_tieA_top2_rollout,modified,VAM,1510.0,ok,1510.0,1590.0,5.298013245033113,80.0,0.0,0.0,100.0,True,True,0.0025069000002986286
RBSM_N16,literature,3,MRM_orientation_ensemble,modified,MRM,1510.0,ok,1510.0,1510.0,0.0,0.0,0.0,0.0,100.0,True,True,0.0007165999995777383
RBSM_N16,literature,3,LCM_score_alpha025,modified,LCM,1510.0,ok,1530.0,1650.0,9.271523178807946,120.0,20.0,1.3245033112582782,98.69281045751634,False,True,0.0005541999998968095
RBSM_N16,literature,3,LCM_score_alpha050,modified,LCM,1510.0,ok,1530.0,1650.0,9.271523178807946,120.0,20.0,1.3245033112582782,98.69281045751634,False,True,0.0005154000009497395
RBSM_N16,literature,3,LCM_score_alpha075,modified,LCM,1510.0,ok,1650.0,1650.0,9.271523178807946,0.0,140.0,9.271523178807946,91.51515151515152,False,True,0.0005967999986751238
RBSM_N18,literature,3,LCM_tie_allocation,modified,LCM,1650.0,ok,1885.0,1885.0,14.242424242424242,0.0,235.0,14.242424242424242,87.53315649867373,False,True,0.0004490999999688938
RBSM_N18,literature,3,VAM_tie_cost,modified,VAM,1650.0,ok,1745.0,1745.0,5.757575757575758,0.0,95.0,5.757575757575758,94.55587392550143,False,True,0.0010485999991942663
RBSM_N18,literature,3,VAM_tie_allocation,modified,VAM,1650.0,ok,1745.0,1745.0,5.757575757575758,0.0,95.0,5.757575757575758,94.55587392550143,False,True,0.0009129999998549465
RBSM_N18,literature,3,VAM_penalty_sqrtA,modified,VAM,1650.0,ok,1745.0,1745.0,5.757575757575758,0.0,95.0,5.757575757575758,94.55587392550143,False,True,0.0007783999990351731
RBSM_N18,literature,3,VAM_penalty_A,modified,VAM,1650.0,ok,1745.0,1745.0,5.757575757575758,0.0,95.0,5.757575757575758,94.55587392550143,False,True,0.0005852999984199414
RBSM_N18,literature,3,TDSM_theta1_5,modified,TDSM,1650.0,ok,1650.0,1650.0,0.0,0.0,0.0,0.0,100.0,True,True,0.0005048999992141034
RBSM_N18,literature,3,LCM_top2_product,modified,LCM,1650.0,ok,1885.0,1885.0,14.242424242424242,0.0,235.0,14.242424242424242,87.53315649867373,False,True,0.0003761000007216353
RBSM_N18,literature,3,LCM_top2_LB,modified,LCM,1650.0,ok,1650.0,1885.0,14.242424242424242,235.0,0.0,0.0,100.0,True,True,0.0008065000001806766
RBSM_N18,literature,3,VAM_top2_LB,modified,VAM,1650.0,ok,1770.0,1745.0,5.757575757575758,-25.0,120.0,7.2727272727272725,93.22033898305085,False,True,0.0013352000005397713
RBSM_N18,literature,3,THP_top2_LB,modified,THP,1650.0,ok,1650.0,1695.0,2.727272727272727,45.0,0.0,0.0,100.0,True,True,0.0010632000012265053
RBSM_N18,literature,3,LCM_top2_rollout,modified,LCM,1650.0,ok,1650.0,1885.0,14.242424242424242,235.0,0.0,0.0,100.0,True,True,0.001658700000916724
RBSM_N18,literature,3,LCM_top3_rollout,modified,LCM,1650.0,ok,1650.0,1885.0,14.242424242424242,235.0,0.0,0.0,100.0,True,True,0.001677199999903678
RBSM_N18,literature,3,VAM_top2_rollout,modified,VAM,1650.0,ok,1650.0,1745.0,5.757575757575758,95.0,0.0,0.0,100.0,True,True,0.002471499999955995
RBSM_N18,literature,3,VAM_top3_rollout,modified,VAM,1650.0,ok,1650.0,1745.0,5.757575757575758,95.0,0.0,0.0,100.0,True,True,0.0035790999991149874
RBSM_N18,literature,3,THP_top2_rollout,modified,THP,1650.0,ok,1650.0,1695.0,2.727272727272727,45.0,0.0,0.0,100.0,True,True,0.0027649000003293622
RBSM_N18,literature,3,THP_top3_rollout,modified,THP,1650.0,ok,1650.0,1695.0,2.727272727272727,45.0,0.0,0.0,100.0,True,True,0.0028146000004198868
RBSM_N18,literature,3,THP_top2_LCMcompletion,modified,THP,1650.0,ok,1650.0,1695.0,2.727272727272727,45.0,0.0,0.0,100.0,True,True,0.0014295000000856817
RBSM_N18,literature,3,VAM_top2_first_only,modified,VAM,1650.0,ok,1650.0,1745.0,5.757575757575758,95.0,0.0,0.0,100.0,True,True,0.0008922000015445519
RBSM_N18,literature,3,THP_top2_first_only,modified,THP,1650.0,ok,1695.0,1695.0,2.727272727272727,0.0,45.0,2.727272727272727,97.34513274336283,False,True,0.0016680000007909257
RBSM_N18,literature,3,VAM_tieA_top2_rollout,modified,VAM,1650.0,ok,1650.0,1745.0,5.757575757575758,95.0,0.0,0.0,100.0,True,True,0.002692199999728473
RBSM_N18,literature,3,MRM_orientation_ensemble,modified,MRM,1650.0,ok,1650.0,1650.0,0.0,0.0,0.0,0.0,100.0,True,True,0.0009479000000283122
RBSM_N18,literature,3,LCM_score_alpha025,modified,LCM,1650.0,ok,1860.0,1885.0,14.242424242424242,25.0,210.0,12.727272727272727,88.70967741935483,False,True,0.0006484000005002599
RBSM_N18,literature,3,LCM_score_alpha050,modified,LCM,1650.0,ok,1885.0,1885.0,14.242424242424242,0.0,235.0,14.242424242424242,87.53315649867373,False,True,0.0006171999993966892
RBSM_N18,literature,3,LCM_score_alpha075,modified,LCM,1650.0,ok,1885.0,1885.0,14.242424242424242,0.0,235.0,14.242424242424242,87.53315649867373,False,True,0.0006309999989753123
RBSM_N21,literature,3,LCM_tie_allocation,modified,LCM,4205.0,ok,4329.0,4329.0,2.948870392390012,0.0,124.0,2.948870392390012,97.13559713559714,False,True,0.00029490000088117085
RBSM_N21,literature,3,VAM_tie_cost,modified,VAM,4205.0,ok,4205.0,4205.0,0.0,0.0,0.0,0.0,100.0,True,True,0.0007693999996263301
RBSM_N21,literature,3,VAM_tie_allocation,modified,VAM,4205.0,ok,4205.0,4205.0,0.0,0.0,0.0,0.0,100.0,True,True,0.0005779000002803514
RBSM_N21,literature,3,VAM_penalty_sqrtA,modified,VAM,4205.0,ok,4429.0,4205.0,0.0,-224.0,224.0,5.326991676575505,94.94242492662,False,True,0.0005099999998492422
RBSM_N21,literature,3,VAM_penalty_A,modified,VAM,4205.0,ok,4429.0,4205.0,0.0,-224.0,224.0,5.326991676575505,94.94242492662,False,True,0.0005053999993833713
RBSM_N21,literature,3,TDSM_theta1_5,modified,TDSM,4205.0,ok,4205.0,4205.0,0.0,0.0,0.0,0.0,100.0,True,True,0.0004490999999688938
RBSM_N21,literature,3,LCM_top2_product,modified,LCM,4205.0,ok,4205.0,4329.0,2.948870392390012,124.0,0.0,0.0,100.0,True,True,0.0003094000003329711
RBSM_N21,literature,3,LCM_top2_LB,modified,LCM,4205.0,ok,4205.0,4329.0,2.948870392390012,124.0,0.0,0.0,100.0,True,True,0.0006967999997868901
RBSM_N21,literature,3,VAM_top2_LB,modified,VAM,4205.0,ok,4205.0,4205.0,0.0,0.0,0.0,0.0,100.0,True,True,0.000881199999639648
RBSM_N21,literature,3,THP_top2_LB,modified,THP,4205.0,ok,4205.0,4205.0,0.0,0.0,0.0,0.0,100.0,True,True,0.0009300000001530861
RBSM_N21,literature,3,LCM_top2_rollout,modified,LCM,4205.0,ok,4205.0,4329.0,2.948870392390012,124.0,0.0,0.0,100.0,True,True,0.0011890000005223555
RBSM_N21,literature,3,LCM_top3_rollout,modified,LCM,4205.0,ok,4205.0,4329.0,2.948870392390012,124.0,0.0,0.0,100.0,True,True,0.00123399999938556
RBSM_N21,literature,3,VAM_top2_rollout,modified,VAM,4205.0,ok,4205.0,4205.0,0.0,0.0,0.0,0.0,100.0,True,True,0.001724800000374671
RBSM_N21,literature,3,VAM_top3_rollout,modified,VAM,4205.0,ok,4205.0,4205.0,0.0,0.0,0.0,0.0,100.0,True,True,0.0022663000017928425
RBSM_N21,literature,3,THP_top2_rollout,modified,THP,4205.0,ok,4205.0,4205.0,0.0,0.0,0.0,0.0,100.0,True,True,0.0013796999992337078
RBSM_N21,literature,3,THP_top3_rollout,modified,THP,4205.0,ok,4205.0,4205.0,0.0,0.0,0.0,0.0,100.0,True,True,0.0017960999994102167
RBSM_N21,literature,3,THP_top2_LCMcompletion,modified,THP,4205.0,ok,4205.0,4205.0,0.0,0.0,0.0,0.0,100.0,True,True,0.0010086999991472112
RBSM_N21,literature,3,VAM_top2_first_only,modified,VAM,4205.0,ok,4205.0,4205.0,0.0,0.0,0.0,0.0,100.0,True,True,0.0007528000005549984
RBSM_N21,literature,3,THP_top2_first_only,modified,THP,4205.0,ok,4205.0,4205.0,0.0,0.0,0.0,0.0,100.0,True,True,0.0005529000009119045
RBSM_N21,literature,3,VAM_tieA_top2_rollout,modified,VAM,4205.0,ok,4205.0,4205.0,0.0,0.0,0.0,0.0,100.0,True,True,0.0017781999995349906
RBSM_N21,literature,3,MRM_orientation_ensemble,modified,MRM,4205.0,ok,4205.0,4205.0,0.0,0.0,0.0,0.0,100.0,True,True,0.0006713000002491754
RBSM_N21,literature,3,LCM_score_alpha025,modified,LCM,4205.0,ok,4329.0,4329.0,2.948870392390012,0.0,124.0,2.948870392390012,97.13559713559714,False,True,0.0005820000005769543
RBSM_N21,literature,3,LCM_score_alpha050,modified,LCM,4205.0,ok,4329.0,4329.0,2.948870392390012,0.0,124.0,2.948870392390012,97.13559713559714,False,True,0.0006460000004153699
RBSM_N21,literature,3,LCM_score_alpha075,modified,LCM,4205.0,ok,4329.0,4329.0,2.948870392390012,0.0,124.0,2.948870392390012,97.13559713559714,False,True,0.0006393999992724275
RBSM_N22,literature,3,LCM_tie_allocation,modified,LCM,12075.0,ok,12825.0,12825.0,6.211180124223603,0.0,750.0,6.211180124223603,94.15204678362574,False,True,0.00032139999893843196
RBSM_N22,literature,3,VAM_tie_cost,modified,VAM,12075.0,ok,12075.0,12075.0,0.0,0.0,0.0,0.0,100.0,True,True,0.0005906999995204387
RBSM_N22,literature,3,VAM_tie_allocation,modified,VAM,12075.0,ok,12075.0,12075.0,0.0,0.0,0.0,0.0,100.0,True,True,0.0005831000016769394
RBSM_N22,literature,3,VAM_penalty_sqrtA,modified,VAM,12075.0,ok,12700.0,12075.0,0.0,-625.0,625.0,5.175983436853002,95.07874015748031,False,True,0.0006028999996487983
RBSM_N22,literature,3,VAM_penalty_A,modified,VAM,12075.0,ok,12700.0,12075.0,0.0,-625.0,625.0,5.175983436853002,95.07874015748031,False,True,0.0006066000005375827
RBSM_N22,literature,3,TDSM_theta1_5,modified,TDSM,12075.0,ok,12200.0,12200.0,1.0351966873706004,0.0,125.0,1.0351966873706004,98.97540983606558,False,True,0.0005067000001872657
RBSM_N22,literature,3,LCM_top2_product,modified,LCM,12075.0,ok,13175.0,12825.0,6.211180124223603,-350.0,1100.0,9.109730848861284,91.65085388994308,False,True,0.00033660000008239876
RBSM_N22,literature,3,LCM_top2_LB,modified,LCM,12075.0,ok,12825.0,12825.0,6.211180124223603,0.0,750.0,6.211180124223603,94.15204678362574,False,True,0.0009153999999398366
RBSM_N22,literature,3,VAM_top2_LB,modified,VAM,12075.0,ok,12825.0,12075.0,0.0,-750.0,750.0,6.211180124223603,94.15204678362574,False,True,0.0011873000003106426
RBSM_N22,literature,3,THP_top2_LB,modified,THP,12075.0,ok,12200.0,12200.0,1.0351966873706004,0.0,125.0,1.0351966873706004,98.97540983606558,False,True,0.001114499998948304
RBSM_N22,literature,3,LCM_top2_rollout,modified,LCM,12075.0,ok,12200.0,12825.0,6.211180124223603,625.0,125.0,1.0351966873706004,98.97540983606558,False,True,0.0013658999996550847
RBSM_N22,literature,3,LCM_top3_rollout,modified,LCM,12075.0,ok,12200.0,12825.0,6.211180124223603,625.0,125.0,1.0351966873706004,98.97540983606558,False,True,0.0015541000011580763
RBSM_N22,literature,3,VAM_top2_rollout,modified,VAM,12075.0,ok,12075.0,12075.0,0.0,0.0,0.0,0.0,100.0,True,True,0.002427900000839145
RBSM_N22,literature,3,VAM_top3_rollout,modified,VAM,12075.0,ok,12075.0,12075.0,0.0,0.0,0.0,0.0,100.0,True,True,0.0037687000003643334
RBSM_N22,literature,3,THP_top2_rollout,modified,THP,12075.0,ok,12200.0,12200.0,1.0351966873706004,0.0,125.0,1.0351966873706004,98.97540983606558,False,True,0.0027317000003677094
RBSM_N22,literature,3,THP_top3_rollout,modified,THP,12075.0,ok,12200.0,12200.0,1.0351966873706004,0.0,125.0,1.0351966873706004,98.97540983606558,False,True,0.004100699999980861
RBSM_N22,literature,3,THP_top2_LCMcompletion,modified,THP,12075.0,ok,12200.0,12200.0,1.0351966873706004,0.0,125.0,1.0351966873706004,98.97540983606558,False,True,0.0019037000001844717
RBSM_N22,literature,3,VAM_top2_first_only,modified,VAM,12075.0,ok,12075.0,12075.0,0.0,0.0,0.0,0.0,100.0,True,True,0.0009436000000278
RBSM_N22,literature,3,THP_top2_first_only,modified,THP,12075.0,ok,12200.0,12200.0,1.0351966873706004,0.0,125.0,1.0351966873706004,98.97540983606558,False,True,0.0011529000003065448
RBSM_N22,literature,3,VAM_tieA_top2_rollout,modified,VAM,12075.0,ok,12075.0,12075.0,0.0,0.0,0.0,0.0,100.0,True,True,0.0030702999993081903
RBSM_N22,literature,3,MRM_orientation_ensemble,modified,MRM,12075.0,ok,12075.0,12200.0,1.0351966873706004,125.0,0.0,0.0,100.0,True,True,0.001223299999765004
RBSM_N22,literature,3,LCM_score_alpha025,modified,LCM,12075.0,ok,12700.0,12825.0,6.211180124223603,125.0,625.0,5.175983436853002,95.07874015748031,False,True,0.0006653000000369502
RBSM_N22,literature,3,LCM_score_alpha050,modified,LCM,12075.0,ok,12825.0,12825.0,6.211180124223603,0.0,750.0,6.211180124223603,94.15204678362574,False,True,0.0006961999988561729
RBSM_N22,literature,3,LCM_score_alpha075,modified,LCM,12075.0,ok,12825.0,12825.0,6.211180124223603,0.0,750.0,6.211180124223603,94.15204678362574,False,True,0.0006431999991036719
RBSM_N23,literature,3,LCM_tie_allocation,modified,LCM,23.0,ok,23.0,23.0,0.0,0.0,0.0,0.0,100.0,True,True,0.00028480000037234277
RBSM_N23,literature,3,VAM_tie_cost,modified,VAM,23.0,ok,23.0,23.0,0.0,0.0,0.0,0.0,100.0,True,True,0.0005257000011624768
RBSM_N23,literature,3,VAM_tie_allocation,modified,VAM,23.0,ok,23.0,23.0,0.0,0.0,0.0,0.0,100.0,True,True,0.0005246999990049517
RBSM_N23,literature,3,VAM_penalty_sqrtA,modified,VAM,23.0,ok,23.0,23.0,0.0,0.0,0.0,0.0,100.0,True,True,0.0007268999997904757
RBSM_N23,literature,3,VAM_penalty_A,modified,VAM,23.0,ok,23.0,23.0,0.0,0.0,0.0,0.0,100.0,True,True,0.0005751000007876428
RBSM_N23,literature,3,TDSM_theta1_5,modified,TDSM,23.0,ok,23.0,23.0,0.0,0.0,0.0,0.0,100.0,True,True,0.0005314000009093434
RBSM_N23,literature,3,LCM_top2_product,modified,LCM,23.0,ok,23.0,23.0,0.0,0.0,0.0,0.0,100.0,True,True,0.00036530000033963006
RBSM_N23,literature,3,LCM_top2_LB,modified,LCM,23.0,ok,23.0,23.0,0.0,0.0,0.0,0.0,100.0,True,True,0.0007005999996181345
RBSM_N23,literature,3,VAM_top2_LB,modified,VAM,23.0,ok,23.0,23.0,0.0,0.0,0.0,0.0,100.0,True,True,0.0009514000012131874
RBSM_N23,literature,3,THP_top2_LB,modified,THP,23.0,ok,23.0,23.0,0.0,0.0,0.0,0.0,100.0,True,True,0.00087100000018836
RBSM_N23,literature,3,LCM_top2_rollout,modified,LCM,23.0,ok,23.0,23.0,0.0,0.0,0.0,0.0,100.0,True,True,0.000904399999853922
RBSM_N23,literature,3,LCM_top3_rollout,modified,LCM,23.0,ok,23.0,23.0,0.0,0.0,0.0,0.0,100.0,True,True,0.0012511999993876088
RBSM_N23,literature,3,VAM_top2_rollout,modified,VAM,23.0,ok,23.0,23.0,0.0,0.0,0.0,0.0,100.0,True,True,0.0018732000007730676
RBSM_N23,literature,3,VAM_top3_rollout,modified,VAM,23.0,ok,23.0,23.0,0.0,0.0,0.0,0.0,100.0,True,True,0.003507499999614083
RBSM_N23,literature,3,THP_top2_rollout,modified,THP,23.0,ok,23.0,23.0,0.0,0.0,0.0,0.0,100.0,True,True,0.0020464000008360017
RBSM_N23,literature,3,THP_top3_rollout,modified,THP,23.0,ok,23.0,23.0,0.0,0.0,0.0,0.0,100.0,True,True,0.003066900000703754
RBSM_N23,literature,3,THP_top2_LCMcompletion,modified,THP,23.0,ok,23.0,23.0,0.0,0.0,0.0,0.0,100.0,True,True,0.0017000999996525934
RBSM_N23,literature,3,VAM_top2_first_only,modified,VAM,23.0,ok,23.0,23.0,0.0,0.0,0.0,0.0,100.0,True,True,0.0009843999996519415
RBSM_N23,literature,3,THP_top2_first_only,modified,THP,23.0,ok,23.0,23.0,0.0,0.0,0.0,0.0,100.0,True,True,0.0009243999993486796
RBSM_N23,literature,3,VAM_tieA_top2_rollout,modified,VAM,23.0,ok,23.0,23.0,0.0,0.0,0.0,0.0,100.0,True,True,0.001980600000024424
RBSM_N23,literature,3,MRM_orientation_ensemble,modified,MRM,23.0,ok,23.0,23.0,0.0,0.0,0.0,0.0,100.0,True,True,0.0007738000003882917
RBSM_N23,literature,3,LCM_score_alpha025,modified,LCM,23.0,ok,23.0,23.0,0.0,0.0,0.0,0.0,100.0,True,True,0.0005801999996037921
RBSM_N23,literature,3,LCM_score_alpha050,modified,LCM,23.0,ok,23.0,23.0,0.0,0.0,0.0,0.0,100.0,True,True,0.0005357000009098556
RBSM_N23,literature,3,LCM_score_alpha075,modified,LCM,23.0,ok,23.0,23.0,0.0,0.0,0.0,0.0,100.0,True,True,0.0005461000000650529
RBSM_N25,literature,3,LCM_tie_allocation,modified,LCM,809.0,ok,894.0,894.0,10.506798516687269,0.0,85.0,10.506798516687269,90.49217002237137,False,True,0.0003558999997039791
RBSM_N25,literature,3,VAM_tie_cost,modified,VAM,809.0,ok,849.0,849.0,4.944375772558715,0.0,40.0,4.944375772558715,95.28857479387514,False,True,0.0006100000009610085
RBSM_N25,literature,3,VAM_tie_allocation,modified,VAM,809.0,ok,849.0,849.0,4.944375772558715,0.0,40.0,4.944375772558715,95.28857479387514,False,True,0.0005940999999438645
RBSM_N25,literature,3,VAM_penalty_sqrtA,modified,VAM,809.0,ok,849.0,849.0,4.944375772558715,0.0,40.0,4.944375772558715,95.28857479387514,False,True,0.0005816000011691358
RBSM_N25,literature,3,VAM_penalty_A,modified,VAM,809.0,ok,849.0,849.0,4.944375772558715,0.0,40.0,4.944375772558715,95.28857479387514,False,True,0.0005894000005355338
RBSM_N25,literature,3,TDSM_theta1_5,modified,TDSM,809.0,ok,849.0,855.0,5.686032138442521,6.0,40.0,4.944375772558715,95.28857479387514,False,True,0.0004876000002695946
RBSM_N25,literature,3,LCM_top2_product,modified,LCM,809.0,ok,894.0,894.0,10.506798516687269,0.0,85.0,10.506798516687269,90.49217002237137,False,True,0.00035600000046542846
RBSM_N25,literature,3,LCM_top2_LB,modified,LCM,809.0,ok,849.0,894.0,10.506798516687269,45.0,40.0,4.944375772558715,95.28857479387514,False,True,0.0009193000005325302
RBSM_N25,literature,3,VAM_top2_LB,modified,VAM,809.0,ok,809.0,849.0,4.944375772558715,40.0,0.0,0.0,100.0,True,True,0.0019301000011182623
RBSM_N25,literature,3,THP_top2_LB,modified,THP,809.0,ok,809.0,894.0,10.506798516687269,85.0,0.0,0.0,100.0,True,True,0.0013573999985965202
RBSM_N25,literature,3,LCM_top2_rollout,modified,LCM,809.0,ok,849.0,894.0,10.506798516687269,45.0,40.0,4.944375772558715,95.28857479387514,False,True,0.0012311999998928513
RBSM_N25,literature,3,LCM_top3_rollout,modified,LCM,809.0,ok,849.0,894.0,10.506798516687269,45.0,40.0,4.944375772558715,95.28857479387514,False,True,0.0017690000004222384
RBSM_N25,literature,3,VAM_top2_rollout,modified,VAM,809.0,ok,809.0,849.0,4.944375772558715,40.0,0.0,0.0,100.0,True,True,0.0028318000004219357
RBSM_N25,literature,3,VAM_top3_rollout,modified,VAM,809.0,ok,809.0,849.0,4.944375772558715,40.0,0.0,0.0,100.0,True,True,0.003942499999538995
RBSM_N25,literature,3,THP_top2_rollout,modified,THP,809.0,ok,809.0,894.0,10.506798516687269,85.0,0.0,0.0,100.0,True,True,0.002594199999293778
RBSM_N25,literature,3,THP_top3_rollout,modified,THP,809.0,ok,809.0,894.0,10.506798516687269,85.0,0.0,0.0,100.0,True,True,0.0028679999995802063
RBSM_N25,literature,3,THP_top2_LCMcompletion,modified,THP,809.0,ok,809.0,894.0,10.506798516687269,85.0,0.0,0.0,100.0,True,True,0.001704000000245287
RBSM_N25,literature,3,VAM_top2_first_only,modified,VAM,809.0,ok,849.0,849.0,4.944375772558715,0.0,40.0,4.944375772558715,95.28857479387514,False,True,0.0010886999989452306
RBSM_N25,literature,3,THP_top2_first_only,modified,THP,809.0,ok,849.0,894.0,10.506798516687269,45.0,40.0,4.944375772558715,95.28857479387514,False,True,0.0011235000001761364
RBSM_N25,literature,3,VAM_tieA_top2_rollout,modified,VAM,809.0,ok,809.0,849.0,4.944375772558715,40.0,0.0,0.0,100.0,True,True,0.002806300000884221
RBSM_N25,literature,3,MRM_orientation_ensemble,modified,MRM,809.0,ok,809.0,809.0,0.0,0.0,0.0,0.0,100.0,True,True,0.0007743999995000195
RBSM_N25,literature,3,LCM_score_alpha025,modified,LCM,809.0,ok,849.0,894.0,10.506798516687269,45.0,40.0,4.944375772558715,95.28857479387514,False,True,0.0008254999993368983
RBSM_N25,literature,3,LCM_score_alpha050,modified,LCM,809.0,ok,894.0,894.0,10.506798516687269,0.0,85.0,10.506798516687269,90.49217002237137,False,True,0.0006755000013072276
RBSM_N25,literature,3,LCM_score_alpha075,modified,LCM,809.0,ok,894.0,894.0,10.506798516687269,0.0,85.0,10.506798516687269,90.49217002237137,False,True,0.0006575000006705523
RBSM_N26,literature,4,LCM_tie_allocation,modified,LCM,490.0,ok,748.0,748.0,52.6530612244898,0.0,258.0,52.6530612244898,65.50802139037434,False,True,0.0004743999998026993
RBSM_N26,literature,4,VAM_tie_cost,modified,VAM,490.0,ok,490.0,490.0,0.0,0.0,0.0,0.0,100.0,True,True,0.0008361000000149943
RBSM_N26,literature,4,VAM_tie_allocation,modified,VAM,490.0,ok,490.0,490.0,0.0,0.0,0.0,0.0,100.0,True,True,0.0008988999998109648
RBSM_N26,literature,4,VAM_penalty_sqrtA,modified,VAM,490.0,ok,535.0,490.0,0.0,-45.0,45.0,9.183673469387756,91.58878504672897,False,True,0.0008468999985780101
RBSM_N26,literature,4,VAM_penalty_A,modified,VAM,490.0,ok,535.0,490.0,0.0,-45.0,45.0,9.183673469387756,91.58878504672897,False,True,0.0008433999992121244
RBSM_N26,literature,4,TDSM_theta1_5,modified,TDSM,490.0,ok,532.0,532.0,8.571428571428571,0.0,42.0,8.571428571428571,92.10526315789474,False,True,0.0006809000005887356
RBSM_N26,literature,4,LCM_top2_product,modified,LCM,490.0,ok,616.0,748.0,52.6530612244898,132.0,126.0,25.714285714285715,79.54545454545455,False,True,0.00043059999916295055
RBSM_N26,literature,4,LCM_top2_LB,modified,LCM,490.0,ok,748.0,748.0,52.6530612244898,0.0,258.0,52.6530612244898,65.50802139037434,False,True,0.0010826999987330055
RBSM_N26,literature,4,VAM_top2_LB,modified,VAM,490.0,ok,490.0,490.0,0.0,0.0,0.0,0.0,100.0,True,True,0.0014615000000048894
RBSM_N26,literature,4,THP_top2_LB,modified,THP,490.0,ok,532.0,532.0,8.571428571428571,0.0,42.0,8.571428571428571,92.10526315789474,False,True,0.0022812000006524613
RBSM_N26,literature,4,LCM_top2_rollout,modified,LCM,490.0,ok,748.0,748.0,52.6530612244898,0.0,258.0,52.6530612244898,65.50802139037434,False,True,0.002155400001356611
RBSM_N26,literature,4,LCM_top3_rollout,modified,LCM,490.0,ok,532.0,748.0,52.6530612244898,216.0,42.0,8.571428571428571,92.10526315789474,False,True,0.00270019999879878
RBSM_N26,literature,4,VAM_top2_rollout,modified,VAM,490.0,ok,490.0,490.0,0.0,0.0,0.0,0.0,100.0,True,True,0.005329899999196641
RBSM_N26,literature,4,VAM_top3_rollout,modified,VAM,490.0,ok,490.0,490.0,0.0,0.0,0.0,0.0,100.0,True,True,0.007981499999004882
RBSM_N26,literature,4,THP_top2_rollout,modified,THP,490.0,ok,490.0,532.0,8.571428571428571,42.0,0.0,0.0,100.0,True,True,0.004943400001138798
RBSM_N26,literature,4,THP_top3_rollout,modified,THP,490.0,ok,490.0,532.0,8.571428571428571,42.0,0.0,0.0,100.0,True,True,0.0057434999998804415
RBSM_N26,literature,4,THP_top2_LCMcompletion,modified,THP,490.0,ok,502.0,532.0,8.571428571428571,30.0,12.0,2.4489795918367347,97.60956175298804,False,True,0.002807000000757398
RBSM_N26,literature,4,VAM_top2_first_only,modified,VAM,490.0,ok,490.0,490.0,0.0,0.0,0.0,0.0,100.0,True,True,0.0018796000003931113
RBSM_N26,literature,4,THP_top2_first_only,modified,THP,490.0,ok,508.0,532.0,8.571428571428571,24.0,18.0,3.673469387755102,96.45669291338582,False,True,0.0015672999998059822
RBSM_N26,literature,4,VAM_tieA_top2_rollout,modified,VAM,490.0,ok,490.0,490.0,0.0,0.0,0.0,0.0,100.0,True,True,0.005223399999522371
RBSM_N26,literature,4,MRM_orientation_ensemble,modified,MRM,490.0,ok,490.0,532.0,8.571428571428571,42.0,0.0,0.0,100.0,True,True,0.0010973000007652445
RBSM_N26,literature,4,LCM_score_alpha025,modified,LCM,490.0,ok,748.0,748.0,52.6530612244898,0.0,258.0,52.6530612244898,65.50802139037434,False,True,0.0008606999999756226
RBSM_N26,literature,4,LCM_score_alpha050,modified,LCM,490.0,ok,748.0,748.0,52.6530612244898,0.0,258.0,52.6530612244898,65.50802139037434,False,True,0.000791899999967427
RBSM_N26,literature,4,LCM_score_alpha075,modified,LCM,490.0,ok,748.0,748.0,52.6530612244898,0.0,258.0,52.6530612244898,65.50802139037434,False,True,0.0008017000000108965
RBSM_N27,literature,5,LCM_tie_allocation,modified,LCM,59356.0,ok,72174.0,72174.0,21.5951209650246,0.0,12818.0,21.5951209650246,82.24014187934714,False,True,0.00045339999996940605
RBSM_N27,literature,5,VAM_tie_cost,modified,VAM,59356.0,ok,68804.0,68804.0,15.917514657321922,0.0,9448.0,15.917514657321922,86.26824021859194,False,True,0.0009500000014668331
RBSM_N27,literature,5,VAM_tie_allocation,modified,VAM,59356.0,ok,68804.0,68804.0,15.917514657321922,0.0,9448.0,15.917514657321922,86.26824021859194,False,True,0.0009814000004553236
RBSM_N27,literature,5,VAM_penalty_sqrtA,modified,VAM,59356.0,ok,60790.0,68804.0,15.917514657321922,8014.0,1434.0,2.4159309926544914,97.64105938476723,False,True,0.0008973999993031612
RBSM_N27,literature,5,VAM_penalty_A,modified,VAM,59356.0,ok,60790.0,68804.0,15.917514657321922,8014.0,1434.0,2.4159309926544914,97.64105938476723,False,True,0.0009530000006634509
RBSM_N27,literature,5,TDSM_theta1_5,modified,TDSM,59356.0,ok,68559.0,68559.0,15.504750994002292,0.0,9203.0,15.504750994002292,86.57652532854914,False,True,0.0008455999995931052
RBSM_N27,literature,5,LCM_top2_product,modified,LCM,59356.0,ok,71710.0,72174.0,21.5951209650246,464.0,12354.0,20.8133971291866,82.77227722772277,False,True,0.00048429999878862873
RBSM_N27,literature,5,LCM_top2_LB,modified,LCM,59356.0,ok,60796.0,72174.0,21.5951209650246,11378.0,1440.0,2.426039490531707,97.6314231199421,False,True,0.0011880999991262797
RBSM_N27,literature,5,VAM_top2_LB,modified,VAM,59356.0,ok,68804.0,68804.0,15.917514657321922,0.0,9448.0,15.917514657321922,86.26824021859194,False,True,0.0017193999992741738
RBSM_N27,literature,5,THP_top2_LB,modified,THP,59356.0,ok,59356.0,66587.0,12.182424691690814,7231.0,0.0,0.0,100.0,True,True,0.0015150999988691183
RBSM_N27,literature,5,LCM_top2_rollout,modified,LCM,59356.0,ok,60796.0,72174.0,21.5951209650246,11378.0,1440.0,2.426039490531707,97.6314231199421,False,True,0.002757799999017152
RBSM_N27,literature,5,LCM_top3_rollout,modified,LCM,59356.0,ok,59356.0,72174.0,21.5951209650246,12818.0,0.0,0.0,100.0,True,True,0.003068399999392568
RBSM_N27,literature,5,VAM_top2_rollout,modified,VAM,59356.0,ok,59812.0,68804.0,15.917514657321922,8992.0,456.0,0.7682458386683739,99.23761118170268,False,True,0.006103699999584933
RBSM_N27,literature,5,VAM_top3_rollout,modified,VAM,59356.0,ok,59812.0,68804.0,15.917514657321922,8992.0,456.0,0.7682458386683739,99.23761118170268,False,True,0.007715400000961381
RBSM_N27,literature,5,THP_top2_rollout,modified,THP,59356.0,ok,59356.0,66587.0,12.182424691690814,7231.0,0.0,0.0,100.0,True,True,0.005022600000302191
RBSM_N27,literature,5,THP_top3_rollout,modified,THP,59356.0,ok,59356.0,66587.0,12.182424691690814,7231.0,0.0,0.0,100.0,True,True,0.006625199999689357
RBSM_N27,literature,5,THP_top2_LCMcompletion,modified,THP,59356.0,ok,66587.0,66587.0,12.182424691690814,0.0,7231.0,12.182424691690814,89.14052292489525,False,True,0.0028103999993618345
RBSM_N27,literature,5,VAM_top2_first_only,modified,VAM,59356.0,ok,68804.0,68804.0,15.917514657321922,0.0,9448.0,15.917514657321922,86.26824021859194,False,True,0.0021503000007214723
RBSM_N27,literature,5,THP_top2_first_only,modified,THP,59356.0,ok,59356.0,66587.0,12.182424691690814,7231.0,0.0,0.0,100.0,True,True,0.0020686999996542
RBSM_N27,literature,5,VAM_tieA_top2_rollout,modified,VAM,59356.0,ok,59812.0,68804.0,15.917514657321922,8992.0,456.0,0.7682458386683739,99.23761118170268,False,True,0.007347200000367593
RBSM_N27,literature,5,MRM_orientation_ensemble,modified,MRM,59356.0,ok,60748.0,66587.0,12.182424691690814,5839.0,1392.0,2.3451715075139834,97.70856653716994,False,True,0.0010726000000431668
RBSM_N27,literature,5,LCM_score_alpha025,modified,LCM,59356.0,ok,68919.0,72174.0,21.5951209650246,3255.0,9563.0,16.111260866635217,86.12429083416765,False,True,0.000935800000661402
RBSM_N27,literature,5,LCM_score_alpha050,modified,LCM,59356.0,ok,72174.0,72174.0,21.5951209650246,0.0,12818.0,21.5951209650246,82.24014187934714,False,True,0.0009458999993512407
RBSM_N27,literature,5,LCM_score_alpha075,modified,LCM,59356.0,ok,72174.0,72174.0,21.5951209650246,0.0,12818.0,21.5951209650246,82.24014187934714,False,True,0.0009688999998616055
RBSM_N28,literature,4,LCM_tie_allocation,modified,LCM,2090.0,ok,2330.0,3490.0,66.98564593301435,1160.0,240.0,11.483253588516746,89.69957081545064,False,True,0.0003696999992826022
RBSM_N28,literature,4,VAM_tie_cost,modified,VAM,2090.0,ok,2690.0,2090.0,0.0,-600.0,600.0,28.708133971291865,77.69516728624535,False,True,0.0007320000004256144
RBSM_N28,literature,4,VAM_tie_allocation,modified,VAM,2090.0,ok,2540.0,2090.0,0.0,-450.0,450.0,21.5311004784689,82.28346456692914,False,True,0.0007304999999178108
RBSM_N28,literature,4,VAM_penalty_sqrtA,modified,VAM,2090.0,ok,2540.0,2090.0,0.0,-450.0,450.0,21.5311004784689,82.28346456692914,False,True,0.0007475999991584104
RBSM_N28,literature,4,VAM_penalty_A,modified,VAM,2090.0,ok,2540.0,2090.0,0.0,-450.0,450.0,21.5311004784689,82.28346456692914,False,True,0.0007385000008071074
RBSM_N28,literature,4,TDSM_theta1_5,modified,TDSM,2090.0,ok,2090.0,2090.0,0.0,0.0,0.0,0.0,100.0,True,True,0.0006291999998211395
RBSM_N28,literature,4,LCM_top2_product,modified,LCM,2090.0,ok,3490.0,3490.0,66.98564593301435,0.0,1400.0,66.98564593301435,59.88538681948424,False,True,0.00040050000097835436
RBSM_N28,literature,4,LCM_top2_LB,modified,LCM,2090.0,ok,3410.0,3490.0,66.98564593301435,80.0,1320.0,63.1578947368421,61.29032258064516,False,True,0.001401500001520617
RBSM_N28,literature,4,VAM_top2_LB,modified,VAM,2090.0,ok,2690.0,2090.0,0.0,-600.0,600.0,28.708133971291865,77.69516728624535,False,True,0.001642199998968863
RBSM_N28,literature,4,THP_top2_LB,modified,THP,2090.0,ok,2280.0,3610.0,72.72727272727273,1330.0,190.0,9.090909090909092,91.66666666666667,False,True,0.0013275999990582932
RBSM_N28,literature,4,LCM_top2_rollout,modified,LCM,2090.0,ok,3350.0,3490.0,66.98564593301435,140.0,1260.0,60.28708133971292,62.38805970149254,False,True,0.0016407999992225086
RBSM_N28,literature,4,LCM_top3_rollout,modified,LCM,2090.0,ok,2540.0,3490.0,66.98564593301435,950.0,450.0,21.5311004784689,82.28346456692914,False,True,0.002231799999208306
RBSM_N28,literature,4,VAM_top2_rollout,modified,VAM,2090.0,ok,2090.0,2090.0,0.0,0.0,0.0,0.0,100.0,True,True,0.004331100000854349
RBSM_N28,literature,4,VAM_top3_rollout,modified,VAM,2090.0,ok,2090.0,2090.0,0.0,0.0,0.0,0.0,100.0,True,True,0.006009799999446841
RBSM_N28,literature,4,THP_top2_rollout,modified,THP,2090.0,ok,2280.0,3610.0,72.72727272727273,1330.0,190.0,9.090909090909092,91.66666666666667,False,True,0.004230900000038673
RBSM_N28,literature,4,THP_top3_rollout,modified,THP,2090.0,ok,2280.0,3610.0,72.72727272727273,1330.0,190.0,9.090909090909092,91.66666666666667,False,True,0.005879199999981211
RBSM_N28,literature,4,THP_top2_LCMcompletion,modified,THP,2090.0,ok,2280.0,3610.0,72.72727272727273,1330.0,190.0,9.090909090909092,91.66666666666667,False,True,0.002246000000013737
RBSM_N28,literature,4,VAM_top2_first_only,modified,VAM,2090.0,ok,2090.0,2090.0,0.0,0.0,0.0,0.0,100.0,True,True,0.0016077000000223052
RBSM_N28,literature,4,THP_top2_first_only,modified,THP,2090.0,ok,2280.0,3610.0,72.72727272727273,1330.0,190.0,9.090909090909092,91.66666666666667,False,True,0.0012846999998146202
RBSM_N28,literature,4,VAM_tieA_top2_rollout,modified,VAM,2090.0,ok,2540.0,2090.0,0.0,-450.0,450.0,21.5311004784689,82.28346456692914,False,True,0.0043631000007735565
RBSM_N28,literature,4,MRM_orientation_ensemble,modified,MRM,2090.0,ok,2090.0,2280.0,9.090909090909092,190.0,0.0,0.0,100.0,True,True,0.0008720999994693557
RBSM_N28,literature,4,LCM_score_alpha025,modified,LCM,2090.0,ok,4600.0,3490.0,66.98564593301435,-1110.0,2510.0,120.09569377990431,45.43478260869565,False,True,0.0007497000005969312
RBSM_N28,literature,4,LCM_score_alpha050,modified,LCM,2090.0,ok,3410.0,3490.0,66.98564593301435,80.0,1320.0,63.1578947368421,61.29032258064516,False,True,0.0007464000009349547
RBSM_N28,literature,4,LCM_score_alpha075,modified,LCM,2090.0,ok,3410.0,3490.0,66.98564593301435,80.0,1320.0,63.1578947368421,61.29032258064516,False,True,0.0007553999985248083
RBSM_N29,literature,3,LCM_tie_allocation,modified,LCM,3857.0,ok,4504.0,4504.0,16.774695359087374,0.0,647.0,16.774695359087374,85.63499111900533,False,True,0.0003233999996155035
RBSM_N29,literature,3,VAM_tie_cost,modified,VAM,3857.0,ok,3857.0,3857.0,0.0,0.0,0.0,0.0,100.0,True,True,0.0005103000003146008
RBSM_N29,literature,3,VAM_tie_allocation,modified,VAM,3857.0,ok,3857.0,3857.0,0.0,0.0,0.0,0.0,100.0,True,True,0.000535400000444497
RBSM_N29,literature,3,VAM_penalty_sqrtA,modified,VAM,3857.0,ok,3857.0,3857.0,0.0,0.0,0.0,0.0,100.0,True,True,0.0005408000015449943
RBSM_N29,literature,3,VAM_penalty_A,modified,VAM,3857.0,ok,3857.0,3857.0,0.0,0.0,0.0,0.0,100.0,True,True,0.0005103999992570607
RBSM_N29,literature,3,TDSM_theta1_5,modified,TDSM,3857.0,ok,3857.0,3857.0,0.0,0.0,0.0,0.0,100.0,True,True,0.0004867999996349681
RBSM_N29,literature,3,LCM_top2_product,modified,LCM,3857.0,ok,4504.0,4504.0,16.774695359087374,0.0,647.0,16.774695359087374,85.63499111900533,False,True,0.00036290000025474
RBSM_N29,literature,3,LCM_top2_LB,modified,LCM,3857.0,ok,3857.0,4504.0,16.774695359087374,647.0,0.0,0.0,100.0,True,True,0.0007261999999172986
RBSM_N29,literature,3,VAM_top2_LB,modified,VAM,3857.0,ok,3857.0,3857.0,0.0,0.0,0.0,0.0,100.0,True,True,0.0008871999998518731
RBSM_N29,literature,3,THP_top2_LB,modified,THP,3857.0,ok,3857.0,3857.0,0.0,0.0,0.0,0.0,100.0,True,True,0.0010050999990198761
RBSM_N29,literature,3,LCM_top2_rollout,modified,LCM,3857.0,ok,3857.0,4504.0,16.774695359087374,647.0,0.0,0.0,100.0,True,True,0.0009903999998641666
RBSM_N29,literature,3,LCM_top3_rollout,modified,LCM,3857.0,ok,3983.0,4504.0,16.774695359087374,521.0,126.0,3.266787658802178,96.8365553602812,False,True,0.0012829999996029073
RBSM_N29,literature,3,VAM_top2_rollout,modified,VAM,3857.0,ok,3857.0,3857.0,0.0,0.0,0.0,0.0,100.0,True,True,0.0018844999995053513
RBSM_N29,literature,3,VAM_top3_rollout,modified,VAM,3857.0,ok,3857.0,3857.0,0.0,0.0,0.0,0.0,100.0,True,True,0.0027413999996497296
RBSM_N29,literature,3,THP_top2_rollout,modified,THP,3857.0,ok,3857.0,3857.0,0.0,0.0,0.0,0.0,100.0,True,True,0.0023990000008780044
RBSM_N29,literature,3,THP_top3_rollout,modified,THP,3857.0,ok,3857.0,3857.0,0.0,0.0,0.0,0.0,100.0,True,True,0.0018493000006856164
RBSM_N29,literature,3,THP_top2_LCMcompletion,modified,THP,3857.0,ok,3857.0,3857.0,0.0,0.0,0.0,0.0,100.0,True,True,0.0011621000012382865
RBSM_N29,literature,3,VAM_top2_first_only,modified,VAM,3857.0,ok,3857.0,3857.0,0.0,0.0,0.0,0.0,100.0,True,True,0.000866899999891757
RBSM_N29,literature,3,THP_top2_first_only,modified,THP,3857.0,ok,3857.0,3857.0,0.0,0.0,0.0,0.0,100.0,True,True,0.0008323000001837499
RBSM_N29,literature,3,VAM_tieA_top2_rollout,modified,VAM,3857.0,ok,3857.0,3857.0,0.0,0.0,0.0,0.0,100.0,True,True,0.001985900000363472
RBSM_N29,literature,3,MRM_orientation_ensemble,modified,MRM,3857.0,ok,3857.0,3857.0,0.0,0.0,0.0,0.0,100.0,True,True,0.001475699998991331
RBSM_N29,literature,3,LCM_score_alpha025,modified,LCM,3857.0,ok,4409.0,4504.0,16.774695359087374,95.0,552.0,14.311641171895255,87.48015422998412,False,True,0.0007481000011466676
RBSM_N29,literature,3,LCM_score_alpha050,modified,LCM,3857.0,ok,4504.0,4504.0,16.774695359087374,0.0,647.0,16.774695359087374,85.63499111900533,False,True,0.000713999999788939
RBSM_N29,literature,3,LCM_score_alpha075,modified,LCM,3857.0,ok,4504.0,4504.0,16.774695359087374,0.0,647.0,16.774695359087374,85.63499111900533,False,True,0.0006490000014309771
RBSM_N31,literature,3,LCM_tie_allocation,modified,LCM,1480.0,ok,1480.0,1480.0,0.0,0.0,0.0,0.0,100.0,True,True,0.00030929999957152177
RBSM_N31,literature,3,VAM_tie_cost,modified,VAM,1480.0,ok,1480.0,1480.0,0.0,0.0,0.0,0.0,100.0,True,True,0.0004998999993404141
RBSM_N31,literature,3,VAM_tie_allocation,modified,VAM,1480.0,ok,1480.0,1480.0,0.0,0.0,0.0,0.0,100.0,True,True,0.0005042000011599157
RBSM_N31,literature,3,VAM_penalty_sqrtA,modified,VAM,1480.0,ok,1480.0,1480.0,0.0,0.0,0.0,0.0,100.0,True,True,0.0005043000001023756
RBSM_N31,literature,3,VAM_penalty_A,modified,VAM,1480.0,ok,1480.0,1480.0,0.0,0.0,0.0,0.0,100.0,True,True,0.0005196000001888024
RBSM_N31,literature,3,TDSM_theta1_5,modified,TDSM,1480.0,ok,1480.0,1480.0,0.0,0.0,0.0,0.0,100.0,True,True,0.00048070000048028305
RBSM_N31,literature,3,LCM_top2_product,modified,LCM,1480.0,ok,1480.0,1480.0,0.0,0.0,0.0,0.0,100.0,True,True,0.0003360999999131309
RBSM_N31,literature,3,LCM_top2_LB,modified,LCM,1480.0,ok,1480.0,1480.0,0.0,0.0,0.0,0.0,100.0,True,True,0.000774799998907838
RBSM_N31,literature,3,VAM_top2_LB,modified,VAM,1480.0,ok,1480.0,1480.0,0.0,0.0,0.0,0.0,100.0,True,True,0.0010741000005509704
RBSM_N31,literature,3,THP_top2_LB,modified,THP,1480.0,ok,1480.0,1480.0,0.0,0.0,0.0,0.0,100.0,True,True,0.0009367999991809484
RBSM_N31,literature,3,LCM_top2_rollout,modified,LCM,1480.0,ok,1480.0,1480.0,0.0,0.0,0.0,0.0,100.0,True,True,0.0009773000001587206
RBSM_N31,literature,3,LCM_top3_rollout,modified,LCM,1480.0,ok,1480.0,1480.0,0.0,0.0,0.0,0.0,100.0,True,True,0.001239200000782148
RBSM_N31,literature,3,VAM_top2_rollout,modified,VAM,1480.0,ok,1480.0,1480.0,0.0,0.0,0.0,0.0,100.0,True,True,0.0017607999998290325
RBSM_N31,literature,3,VAM_top3_rollout,modified,VAM,1480.0,ok,1480.0,1480.0,0.0,0.0,0.0,0.0,100.0,True,True,0.0022814999992988305
RBSM_N31,literature,3,THP_top2_rollout,modified,THP,1480.0,ok,1480.0,1480.0,0.0,0.0,0.0,0.0,100.0,True,True,0.0019407999989198288
RBSM_N31,literature,3,THP_top3_rollout,modified,THP,1480.0,ok,1480.0,1480.0,0.0,0.0,0.0,0.0,100.0,True,True,0.0018823999998858199
RBSM_N31,literature,3,THP_top2_LCMcompletion,modified,THP,1480.0,ok,1480.0,1480.0,0.0,0.0,0.0,0.0,100.0,True,True,0.0011835000004793983
RBSM_N31,literature,3,VAM_top2_first_only,modified,VAM,1480.0,ok,1480.0,1480.0,0.0,0.0,0.0,0.0,100.0,True,True,0.0007905000002210727
RBSM_N31,literature,3,THP_top2_first_only,modified,THP,1480.0,ok,1480.0,1480.0,0.0,0.0,0.0,0.0,100.0,True,True,0.0009059000003617257
RBSM_N31,literature,3,VAM_tieA_top2_rollout,modified,VAM,1480.0,ok,1480.0,1480.0,0.0,0.0,0.0,0.0,100.0,True,True,0.002157600001737592
RBSM_N31,literature,3,MRM_orientation_ensemble,modified,MRM,1480.0,ok,1480.0,1480.0,0.0,0.0,0.0,0.0,100.0,True,True,0.0008070000003499445
RBSM_N31,literature,3,LCM_score_alpha025,modified,LCM,1480.0,ok,1480.0,1480.0,0.0,0.0,0.0,0.0,100.0,True,True,0.0006192000000737607
RBSM_N31,literature,3,LCM_score_alpha050,modified,LCM,1480.0,ok,1480.0,1480.0,0.0,0.0,0.0,0.0,100.0,True,True,0.0005639999999402789
RBSM_N31,literature,3,LCM_score_alpha075,modified,LCM,1480.0,ok,1480.0,1480.0,0.0,0.0,0.0,0.0,100.0,True,True,0.0005780999999842606
RBSM_N32,literature,4,LCM_tie_allocation,modified,LCM,1780.0,ok,1820.0,1820.0,2.247191011235955,0.0,40.0,2.247191011235955,97.8021978021978,False,True,0.0004116000000067288
RBSM_N32,literature,4,VAM_tie_cost,modified,VAM,1780.0,ok,1820.0,1820.0,2.247191011235955,0.0,40.0,2.247191011235955,97.8021978021978,False,True,0.0007932999997137813
RBSM_N32,literature,4,VAM_tie_allocation,modified,VAM,1780.0,ok,1820.0,1820.0,2.247191011235955,0.0,40.0,2.247191011235955,97.8021978021978,False,True,0.0007432000002154382
RBSM_N32,literature,4,VAM_penalty_sqrtA,modified,VAM,1780.0,ok,1820.0,1820.0,2.247191011235955,0.0,40.0,2.247191011235955,97.8021978021978,False,True,0.0007600000008096686
RBSM_N32,literature,4,VAM_penalty_A,modified,VAM,1780.0,ok,1780.0,1820.0,2.247191011235955,40.0,0.0,0.0,100.0,True,True,0.0006730999994033482
RBSM_N32,literature,4,TDSM_theta1_5,modified,TDSM,1780.0,ok,1780.0,1780.0,0.0,0.0,0.0,0.0,100.0,True,True,0.0006044000001566019
RBSM_N32,literature,4,LCM_top2_product,modified,LCM,1780.0,ok,1940.0,1820.0,2.247191011235955,-120.0,160.0,8.98876404494382,91.75257731958763,False,True,0.00040999999873747583
RBSM_N32,literature,4,LCM_top2_LB,modified,LCM,1780.0,ok,1860.0,1820.0,2.247191011235955,-40.0,80.0,4.49438202247191,95.6989247311828,False,True,0.001238000000739703
RBSM_N32,literature,4,VAM_top2_LB,modified,VAM,1780.0,ok,1820.0,1820.0,2.247191011235955,0.0,40.0,2.247191011235955,97.8021978021978,False,True,0.0013392999990173848
RBSM_N32,literature,4,THP_top2_LB,modified,THP,1780.0,ok,1820.0,1820.0,2.247191011235955,0.0,40.0,2.247191011235955,97.8021978021978,False,True,0.0013644000009662705
RBSM_N32,literature,4,LCM_top2_rollout,modified,LCM,1780.0,ok,1820.0,1820.0,2.247191011235955,0.0,40.0,2.247191011235955,97.8021978021978,False,True,0.0016584000004513655
RBSM_N32,literature,4,LCM_top3_rollout,modified,LCM,1780.0,ok,1780.0,1820.0,2.247191011235955,40.0,0.0,0.0,100.0,True,True,0.0016961000001174398
RBSM_N32,literature,4,VAM_top2_rollout,modified,VAM,1780.0,ok,1780.0,1820.0,2.247191011235955,40.0,0.0,0.0,100.0,True,True,0.0038165999994816957
RBSM_N32,literature,4,VAM_top3_rollout,modified,VAM,1780.0,ok,1780.0,1820.0,2.247191011235955,40.0,0.0,0.0,100.0,True,True,0.004498000000239699
RBSM_N32,literature,4,THP_top2_rollout,modified,THP,1780.0,ok,1780.0,1820.0,2.247191011235955,40.0,0.0,0.0,100.0,True,True,0.0033671999990474433
RBSM_N32,literature,4,THP_top3_rollout,modified,THP,1780.0,ok,1780.0,1820.0,2.247191011235955,40.0,0.0,0.0,100.0,True,True,0.0037754000004497357
RBSM_N32,literature,4,THP_top2_LCMcompletion,modified,THP,1780.0,ok,1780.0,1820.0,2.247191011235955,40.0,0.0,0.0,100.0,True,True,0.0017334000003756955
RBSM_N32,literature,4,VAM_top2_first_only,modified,VAM,1780.0,ok,1820.0,1820.0,2.247191011235955,0.0,40.0,2.247191011235955,97.8021978021978,False,True,0.001684800001385156
RBSM_N32,literature,4,THP_top2_first_only,modified,THP,1780.0,ok,1780.0,1820.0,2.247191011235955,40.0,0.0,0.0,100.0,True,True,0.0013617999993584817
RBSM_N32,literature,4,VAM_tieA_top2_rollout,modified,VAM,1780.0,ok,1780.0,1820.0,2.247191011235955,40.0,0.0,0.0,100.0,True,True,0.003293799998573377
RBSM_N32,literature,4,MRM_orientation_ensemble,modified,MRM,1780.0,ok,1780.0,1780.0,0.0,0.0,0.0,0.0,100.0,True,True,0.00090480000108073
RBSM_N32,literature,4,LCM_score_alpha025,modified,LCM,1780.0,ok,1820.0,1820.0,2.247191011235955,0.0,40.0,2.247191011235955,97.8021978021978,False,True,0.0007537000001320848
RBSM_N32,literature,4,LCM_score_alpha050,modified,LCM,1780.0,ok,1820.0,1820.0,2.247191011235955,0.0,40.0,2.247191011235955,97.8021978021978,False,True,0.0007368000005953945
RBSM_N32,literature,4,LCM_score_alpha075,modified,LCM,1780.0,ok,1820.0,1820.0,2.247191011235955,0.0,40.0,2.247191011235955,97.8021978021978,False,True,0.0007287000007636379
RBSM_N33,literature,3,LCM_tie_allocation,modified,LCM,1250.0,ok,1310.0,1590.0,27.2,280.0,60.0,4.8,95.41984732824427,False,True,0.00043709999954444356
RBSM_N33,literature,3,VAM_tie_cost,modified,VAM,1250.0,ok,1430.0,1430.0,14.4,0.0,180.0,14.4,87.41258741258741,False,True,0.0006063000000722241
RBSM_N33,literature,3,VAM_tie_allocation,modified,VAM,1250.0,ok,1430.0,1430.0,14.4,0.0,180.0,14.4,87.41258741258741,False,True,0.0005407999997260049
RBSM_N33,literature,3,VAM_penalty_sqrtA,modified,VAM,1250.0,ok,1430.0,1430.0,14.4,0.0,180.0,14.4,87.41258741258741,False,True,0.0005295000009937212
RBSM_N33,literature,3,VAM_penalty_A,modified,VAM,1250.0,ok,1430.0,1430.0,14.4,0.0,180.0,14.4,87.41258741258741,False,True,0.0005091000002721557
RBSM_N33,literature,3,TDSM_theta1_5,modified,TDSM,1250.0,ok,1250.0,1250.0,0.0,0.0,0.0,0.0,100.0,True,True,0.0004747000002680579
RBSM_N33,literature,3,LCM_top2_product,modified,LCM,1250.0,ok,1590.0,1590.0,27.2,0.0,340.0,27.2,78.61635220125787,False,True,0.00030560000050172675
RBSM_N33,literature,3,LCM_top2_LB,modified,LCM,1250.0,ok,1250.0,1590.0,27.2,340.0,0.0,0.0,100.0,True,True,0.0010796000005939277
RBSM_N33,literature,3,VAM_top2_LB,modified,VAM,1250.0,ok,1250.0,1430.0,14.4,180.0,0.0,0.0,100.0,True,True,0.0009224999994330574
RBSM_N33,literature,3,THP_top2_LB,modified,THP,1250.0,ok,1250.0,1250.0,0.0,0.0,0.0,0.0,100.0,True,True,0.00090480000108073
RBSM_N33,literature,3,LCM_top2_rollout,modified,LCM,1250.0,ok,1250.0,1590.0,27.2,340.0,0.0,0.0,100.0,True,True,0.0009585999996488681
RBSM_N33,literature,3,LCM_top3_rollout,modified,LCM,1250.0,ok,1250.0,1590.0,27.2,340.0,0.0,0.0,100.0,True,True,0.0012831000003643567
RBSM_N33,literature,3,VAM_top2_rollout,modified,VAM,1250.0,ok,1250.0,1430.0,14.4,180.0,0.0,0.0,100.0,True,True,0.0017215000007126946
RBSM_N33,literature,3,VAM_top3_rollout,modified,VAM,1250.0,ok,1250.0,1430.0,14.4,180.0,0.0,0.0,100.0,True,True,0.0025456000003032386
RBSM_N33,literature,3,THP_top2_rollout,modified,THP,1250.0,ok,1250.0,1250.0,0.0,0.0,0.0,0.0,100.0,True,True,0.0017486000015196623
RBSM_N33,literature,3,THP_top3_rollout,modified,THP,1250.0,ok,1250.0,1250.0,0.0,0.0,0.0,0.0,100.0,True,True,0.0023160000000643777
RBSM_N33,literature,3,THP_top2_LCMcompletion,modified,THP,1250.0,ok,1250.0,1250.0,0.0,0.0,0.0,0.0,100.0,True,True,0.001378599999952712
RBSM_N33,literature,3,VAM_top2_first_only,modified,VAM,1250.0,ok,1250.0,1430.0,14.4,180.0,0.0,0.0,100.0,True,True,0.0007917999992059777
RBSM_N33,literature,3,THP_top2_first_only,modified,THP,1250.0,ok,1250.0,1250.0,0.0,0.0,0.0,0.0,100.0,True,True,0.0008342000000993721
RBSM_N33,literature,3,VAM_tieA_top2_rollout,modified,VAM,1250.0,ok,1250.0,1430.0,14.4,180.0,0.0,0.0,100.0,True,True,0.0018365999985689996
RBSM_N33,literature,3,MRM_orientation_ensemble,modified,MRM,1250.0,ok,1250.0,1250.0,0.0,0.0,0.0,0.0,100.0,True,True,0.0007201999997050734
RBSM_N33,literature,3,LCM_score_alpha025,modified,LCM,1250.0,ok,1310.0,1590.0,27.2,280.0,60.0,4.8,95.41984732824427,False,True,0.0004833000002690824
RBSM_N33,literature,3,LCM_score_alpha050,modified,LCM,1250.0,ok,1310.0,1590.0,27.2,280.0,60.0,4.8,95.41984732824427,False,True,0.0005174999987502815
RBSM_N33,literature,3,LCM_score_alpha075,modified,LCM,1250.0,ok,1310.0,1590.0,27.2,280.0,60.0,4.8,95.41984732824427,False,True,0.0007960999992064899
RBSM_N34,literature,4,LCM_tie_allocation,modified,LCM,510.0,ok,510.0,510.0,0.0,0.0,0.0,0.0,100.0,True,True,0.0004666999993787613
RBSM_N34,literature,4,VAM_tie_cost,modified,VAM,510.0,ok,510.0,510.0,0.0,0.0,0.0,0.0,100.0,True,True,0.0010270999991917051
RBSM_N34,literature,4,VAM_tie_allocation,modified,VAM,510.0,ok,510.0,510.0,0.0,0.0,0.0,0.0,100.0,True,True,0.0008576000000175554
RBSM_N34,literature,4,VAM_penalty_sqrtA,modified,VAM,510.0,ok,510.0,510.0,0.0,0.0,0.0,0.0,100.0,True,True,0.0008835000007820781
RBSM_N34,literature,4,VAM_penalty_A,modified,VAM,510.0,ok,510.0,510.0,0.0,0.0,0.0,0.0,100.0,True,True,0.0008280000001832377
RBSM_N34,literature,4,TDSM_theta1_5,modified,TDSM,510.0,ok,510.0,510.0,0.0,0.0,0.0,0.0,100.0,True,True,0.0011183999995409977
RBSM_N34,literature,4,LCM_top2_product,modified,LCM,510.0,ok,520.0,510.0,0.0,-10.0,10.0,1.9607843137254901,98.07692307692308,False,True,0.0005425999988801777
RBSM_N34,literature,4,LCM_top2_LB,modified,LCM,510.0,ok,510.0,510.0,0.0,0.0,0.0,0.0,100.0,True,True,0.0012475999992602738
RBSM_N34,literature,4,VAM_top2_LB,modified,VAM,510.0,ok,510.0,510.0,0.0,0.0,0.0,0.0,100.0,True,True,0.0014857999995001592
RBSM_N34,literature,4,THP_top2_LB,modified,THP,510.0,ok,510.0,520.0,1.9607843137254901,10.0,0.0,0.0,100.0,True,True,0.001579600000695791
RBSM_N34,literature,4,LCM_top2_rollout,modified,LCM,510.0,ok,510.0,510.0,0.0,0.0,0.0,0.0,100.0,True,True,0.0017572000015206868
RBSM_N34,literature,4,LCM_top3_rollout,modified,LCM,510.0,ok,510.0,510.0,0.0,0.0,0.0,0.0,100.0,True,True,0.002526100000977749
RBSM_N34,literature,4,VAM_top2_rollout,modified,VAM,510.0,ok,510.0,510.0,0.0,0.0,0.0,0.0,100.0,True,True,0.003954800000428804
RBSM_N34,literature,4,VAM_top3_rollout,modified,VAM,510.0,ok,510.0,510.0,0.0,0.0,0.0,0.0,100.0,True,True,0.0060379000005923444
RBSM_N34,literature,4,THP_top2_rollout,modified,THP,510.0,ok,510.0,520.0,1.9607843137254901,10.0,0.0,0.0,100.0,True,True,0.006444999999075662
RBSM_N34,literature,4,THP_top3_rollout,modified,THP,510.0,ok,510.0,520.0,1.9607843137254901,10.0,0.0,0.0,100.0,True,True,0.006986500000493834
RBSM_N34,literature,4,THP_top2_LCMcompletion,modified,THP,510.0,ok,510.0,520.0,1.9607843137254901,10.0,0.0,0.0,100.0,True,True,0.0029864999996789265
RBSM_N34,literature,4,VAM_top2_first_only,modified,VAM,510.0,ok,510.0,510.0,0.0,0.0,0.0,0.0,100.0,True,True,0.001448700000764802
RBSM_N34,literature,4,THP_top2_first_only,modified,THP,510.0,ok,520.0,520.0,1.9607843137254901,0.0,10.0,1.9607843137254901,98.07692307692308,False,True,0.0017482000002928544
RBSM_N34,literature,4,VAM_tieA_top2_rollout,modified,VAM,510.0,ok,510.0,510.0,0.0,0.0,0.0,0.0,100.0,True,True,0.004314999998314306
RBSM_N34,literature,4,MRM_orientation_ensemble,modified,MRM,510.0,ok,510.0,510.0,0.0,0.0,0.0,0.0,100.0,True,True,0.0010075999998662155
RBSM_N34,literature,4,LCM_score_alpha025,modified,LCM,510.0,ok,525.0,510.0,0.0,-15.0,15.0,2.9411764705882355,97.14285714285714,False,True,0.0007774000005156267
RBSM_N34,literature,4,LCM_score_alpha050,modified,LCM,510.0,ok,525.0,510.0,0.0,-15.0,15.0,2.9411764705882355,97.14285714285714,False,True,0.0007186000002548099
RBSM_N34,literature,4,LCM_score_alpha075,modified,LCM,510.0,ok,510.0,510.0,0.0,0.0,0.0,0.0,100.0,True,True,0.000784199999543489
RBSM_N35,literature,3,LCM_tie_allocation,modified,LCM,280.0,ok,320.0,320.0,14.285714285714286,0.0,40.0,14.285714285714286,87.5,False,True,0.00040360000093642157
RBSM_N35,literature,3,VAM_tie_cost,modified,VAM,280.0,ok,320.0,320.0,14.285714285714286,0.0,40.0,14.285714285714286,87.5,False,True,0.000680600000123377
RBSM_N35,literature,3,VAM_tie_allocation,modified,VAM,280.0,ok,320.0,320.0,14.285714285714286,0.0,40.0,14.285714285714286,87.5,False,True,0.0007010999997874023
RBSM_N35,literature,3,VAM_penalty_sqrtA,modified,VAM,280.0,ok,320.0,320.0,14.285714285714286,0.0,40.0,14.285714285714286,87.5,False,True,0.0007070999999996275
RBSM_N35,literature,3,VAM_penalty_A,modified,VAM,280.0,ok,320.0,320.0,14.285714285714286,0.0,40.0,14.285714285714286,87.5,False,True,0.000665899999148678
RBSM_N35,literature,3,TDSM_theta1_5,modified,TDSM,280.0,ok,280.0,280.0,0.0,0.0,0.0,0.0,100.0,True,True,0.0006076999998185784
RBSM_N35,literature,3,LCM_top2_product,modified,LCM,280.0,ok,320.0,320.0,14.285714285714286,0.0,40.0,14.285714285714286,87.5,False,True,0.0004050999996252358
RBSM_N35,literature,3,LCM_top2_LB,modified,LCM,280.0,ok,280.0,320.0,14.285714285714286,40.0,0.0,0.0,100.0,True,True,0.0008206999991671182
RBSM_N35,literature,3,VAM_top2_LB,modified,VAM,280.0,ok,370.0,320.0,14.285714285714286,-50.0,90.0,32.142857142857146,75.67567567567568,False,True,0.0012086000006092945
RBSM_N35,literature,3,THP_top2_LB,modified,THP,280.0,ok,280.0,320.0,14.285714285714286,40.0,0.0,0.0,100.0,True,True,0.0011049999993701931
RBSM_N35,literature,3,LCM_top2_rollout,modified,LCM,280.0,ok,280.0,320.0,14.285714285714286,40.0,0.0,0.0,100.0,True,True,0.0014184000010573072
RBSM_N35,literature,3,LCM_top3_rollout,modified,LCM,280.0,ok,310.0,320.0,14.285714285714286,10.0,30.0,10.714285714285714,90.3225806451613,False,True,0.0018430000000080327
RBSM_N35,literature,3,VAM_top2_rollout,modified,VAM,280.0,ok,280.0,320.0,14.285714285714286,40.0,0.0,0.0,100.0,True,True,0.0032618000004731584
RBSM_N35,literature,3,VAM_top3_rollout,modified,VAM,280.0,ok,280.0,320.0,14.285714285714286,40.0,0.0,0.0,100.0,True,True,0.003782100000535138
RBSM_N35,literature,3,THP_top2_rollout,modified,THP,280.0,ok,280.0,320.0,14.285714285714286,40.0,0.0,0.0,100.0,True,True,0.0025937999998859596
RBSM_N35,literature,3,THP_top3_rollout,modified,THP,280.0,ok,280.0,320.0,14.285714285714286,40.0,0.0,0.0,100.0,True,True,0.0036244999992049998
RBSM_N35,literature,3,THP_top2_LCMcompletion,modified,THP,280.0,ok,280.0,320.0,14.285714285714286,40.0,0.0,0.0,100.0,True,True,0.002199599999585189
RBSM_N35,literature,3,VAM_top2_first_only,modified,VAM,280.0,ok,320.0,320.0,14.285714285714286,0.0,40.0,14.285714285714286,87.5,False,True,0.0014257000002544373
RBSM_N35,literature,3,THP_top2_first_only,modified,THP,280.0,ok,320.0,320.0,14.285714285714286,0.0,40.0,14.285714285714286,87.5,False,True,0.0012105999994673766
RBSM_N35,literature,3,VAM_tieA_top2_rollout,modified,VAM,280.0,ok,280.0,320.0,14.285714285714286,40.0,0.0,0.0,100.0,True,True,0.003555400000550435
RBSM_N35,literature,3,MRM_orientation_ensemble,modified,MRM,280.0,ok,280.0,280.0,0.0,0.0,0.0,0.0,100.0,True,True,0.0009265999997296603
RBSM_N35,literature,3,LCM_score_alpha025,modified,LCM,280.0,ok,320.0,320.0,14.285714285714286,0.0,40.0,14.285714285714286,87.5,False,True,0.0007772000008117175
RBSM_N35,literature,3,LCM_score_alpha050,modified,LCM,280.0,ok,320.0,320.0,14.285714285714286,0.0,40.0,14.285714285714286,87.5,False,True,0.0007308000003831694
RBSM_N35,literature,3,LCM_score_alpha075,modified,LCM,280.0,ok,320.0,320.0,14.285714285714286,0.0,40.0,14.285714285714286,87.5,False,True,0.0007129999994504033
RBSM_S1,author_synthetic,5,LCM_tie_allocation,modified,LCM,18855.0,ok,19260.0,19440.0,3.1026252983293556,180.0,405.0,2.1479713603818618,97.89719626168224,False,True,0.0008287999989988748
RBSM_S1,author_synthetic,5,VAM_tie_cost,modified,VAM,18855.0,ok,18855.0,18855.0,0.0,0.0,0.0,0.0,100.0,True,True,0.0016105999984574737
RBSM_S1,author_synthetic,5,VAM_tie_allocation,modified,VAM,18855.0,ok,18855.0,18855.0,0.0,0.0,0.0,0.0,100.0,True,True,0.0015086000003066147
RBSM_S1,author_synthetic,5,VAM_penalty_sqrtA,modified,VAM,18855.0,ok,18855.0,18855.0,0.0,0.0,0.0,0.0,100.0,True,True,0.0012502999998105224
RBSM_S1,author_synthetic,5,VAM_penalty_A,modified,VAM,18855.0,ok,18855.0,18855.0,0.0,0.0,0.0,0.0,100.0,True,True,0.0013693000000785105
RBSM_S1,author_synthetic,5,TDSM_theta1_5,modified,TDSM,18855.0,ok,18855.0,18855.0,0.0,0.0,0.0,0.0,100.0,True,True,0.00112999999873864
RBSM_S1,author_synthetic,5,LCM_top2_product,modified,LCM,18855.0,ok,19440.0,19440.0,3.1026252983293556,0.0,585.0,3.1026252983293556,96.99074074074075,False,True,0.0005936999987170566
RBSM_S1,author_synthetic,5,LCM_top2_LB,modified,LCM,18855.0,ok,18855.0,19440.0,3.1026252983293556,585.0,0.0,0.0,100.0,True,True,0.0015158000005612848
RBSM_S1,author_synthetic,5,VAM_top2_LB,modified,VAM,18855.0,ok,18855.0,18855.0,0.0,0.0,0.0,0.0,100.0,True,True,0.0021402000002126442
RBSM_S1,author_synthetic,5,THP_top2_LB,modified,THP,18855.0,ok,18855.0,19440.0,3.1026252983293556,585.0,0.0,0.0,100.0,True,True,0.0020696000010502758
RBSM_S1,author_synthetic,5,LCM_top2_rollout,modified,LCM,18855.0,ok,19440.0,19440.0,3.1026252983293556,0.0,585.0,3.1026252983293556,96.99074074074075,False,True,0.0030482000001939014
RBSM_S1,author_synthetic,5,LCM_top3_rollout,modified,LCM,18855.0,ok,18855.0,19440.0,3.1026252983293556,585.0,0.0,0.0,100.0,True,True,0.004358899999715504
RBSM_S1,author_synthetic,5,VAM_top2_rollout,modified,VAM,18855.0,ok,18855.0,18855.0,0.0,0.0,0.0,0.0,100.0,True,True,0.007194100000560866
RBSM_S1,author_synthetic,5,VAM_top3_rollout,modified,VAM,18855.0,ok,18855.0,18855.0,0.0,0.0,0.0,0.0,100.0,True,True,0.012322000000494882
RBSM_S1,author_synthetic,5,THP_top2_rollout,modified,THP,18855.0,ok,18855.0,19440.0,3.1026252983293556,585.0,0.0,0.0,100.0,True,True,0.007750699998723576
RBSM_S1,author_synthetic,5,THP_top3_rollout,modified,THP,18855.0,ok,18855.0,19440.0,3.1026252983293556,585.0,0.0,0.0,100.0,True,True,0.010007500000938307
RBSM_S1,author_synthetic,5,THP_top2_LCMcompletion,modified,THP,18855.0,ok,18855.0,19440.0,3.1026252983293556,585.0,0.0,0.0,100.0,True,True,0.003764999999475549
RBSM_S1,author_synthetic,5,VAM_top2_first_only,modified,VAM,18855.0,ok,18855.0,18855.0,0.0,0.0,0.0,0.0,100.0,True,True,0.001960999999937485
RBSM_S1,author_synthetic,5,THP_top2_first_only,modified,THP,18855.0,ok,19440.0,19440.0,3.1026252983293556,0.0,585.0,3.1026252983293556,96.99074074074075,False,True,0.002313999999387306
RBSM_S1,author_synthetic,5,VAM_tieA_top2_rollout,modified,VAM,18855.0,ok,18855.0,18855.0,0.0,0.0,0.0,0.0,100.0,True,True,0.008416000000579515
RBSM_S1,author_synthetic,5,MRM_orientation_ensemble,modified,MRM,18855.0,ok,18855.0,18855.0,0.0,0.0,0.0,0.0,100.0,True,True,0.0018362999999226304
RBSM_S1,author_synthetic,5,LCM_score_alpha025,modified,LCM,18855.0,ok,19035.0,19440.0,3.1026252983293556,405.0,180.0,0.954653937947494,99.05437352245863,False,True,0.0011068000003433554
RBSM_S1,author_synthetic,5,LCM_score_alpha050,modified,LCM,18855.0,ok,19035.0,19440.0,3.1026252983293556,405.0,180.0,0.954653937947494,99.05437352245863,False,True,0.0010801000007631956
RBSM_S1,author_synthetic,5,LCM_score_alpha075,modified,LCM,18855.0,ok,19260.0,19440.0,3.1026252983293556,180.0,405.0,2.1479713603818618,97.89719626168224,False,True,0.001076999998986139
RBSM_S2,author_synthetic,5,LCM_tie_allocation,modified,LCM,153500.0,ok,156000.0,159000.0,3.583061889250814,3000.0,2500.0,1.6286644951140066,98.3974358974359,False,True,0.0005295000009937212
RBSM_S2,author_synthetic,5,VAM_tie_cost,modified,VAM,153500.0,ok,153500.0,153500.0,0.0,0.0,0.0,0.0,100.0,True,True,0.0017446000001655193
RBSM_S2,author_synthetic,5,VAM_tie_allocation,modified,VAM,153500.0,ok,153500.0,153500.0,0.0,0.0,0.0,0.0,100.0,True,True,0.0014135000001260778
RBSM_S2,author_synthetic,5,VAM_penalty_sqrtA,modified,VAM,153500.0,ok,153500.0,153500.0,0.0,0.0,0.0,0.0,100.0,True,True,0.0012174000003142282
RBSM_S2,author_synthetic,5,VAM_penalty_A,modified,VAM,153500.0,ok,153500.0,153500.0,0.0,0.0,0.0,0.0,100.0,True,True,0.0011781000011978904
RBSM_S2,author_synthetic,5,TDSM_theta1_5,modified,TDSM,153500.0,ok,153500.0,153500.0,0.0,0.0,0.0,0.0,100.0,True,True,0.0017576000009285053
RBSM_S2,author_synthetic,5,LCM_top2_product,modified,LCM,153500.0,ok,159000.0,159000.0,3.583061889250814,0.0,5500.0,3.583061889250814,96.54088050314465,False,True,0.0005972999988443917
RBSM_S2,author_synthetic,5,LCM_top2_LB,modified,LCM,153500.0,ok,153500.0,159000.0,3.583061889250814,5500.0,0.0,0.0,100.0,True,True,0.0014073000002099434
RBSM_S2,author_synthetic,5,VAM_top2_LB,modified,VAM,153500.0,ok,153500.0,153500.0,0.0,0.0,0.0,0.0,100.0,True,True,0.0022013000016158912
RBSM_S2,author_synthetic,5,THP_top2_LB,modified,THP,153500.0,ok,153500.0,159000.0,3.583061889250814,5500.0,0.0,0.0,100.0,True,True,0.002260299999761628
RBSM_S2,author_synthetic,5,LCM_top2_rollout,modified,LCM,153500.0,ok,159000.0,159000.0,3.583061889250814,0.0,5500.0,3.583061889250814,96.54088050314465,False,True,0.0029875000000174623
RBSM_S2,author_synthetic,5,LCM_top3_rollout,modified,LCM,153500.0,ok,153500.0,159000.0,3.583061889250814,5500.0,0.0,0.0,100.0,True,True,0.004433500000232016
RBSM_S2,author_synthetic,5,VAM_top2_rollout,modified,VAM,153500.0,ok,153500.0,153500.0,0.0,0.0,0.0,0.0,100.0,True,True,0.0078038999999989755
RBSM_S2,author_synthetic,5,VAM_top3_rollout,modified,VAM,153500.0,ok,153500.0,153500.0,0.0,0.0,0.0,0.0,100.0,True,True,0.011701100000209408
RBSM_S2,author_synthetic,5,THP_top2_rollout,modified,THP,153500.0,ok,153500.0,159000.0,3.583061889250814,5500.0,0.0,0.0,100.0,True,True,0.008180899998478708
RBSM_S2,author_synthetic,5,THP_top3_rollout,modified,THP,153500.0,ok,153500.0,159000.0,3.583061889250814,5500.0,0.0,0.0,100.0,True,True,0.009802200000194716
RBSM_S2,author_synthetic,5,THP_top2_LCMcompletion,modified,THP,153500.0,ok,153500.0,159000.0,3.583061889250814,5500.0,0.0,0.0,100.0,True,True,0.004047599999466911
RBSM_S2,author_synthetic,5,VAM_top2_first_only,modified,VAM,153500.0,ok,153500.0,153500.0,0.0,0.0,0.0,0.0,100.0,True,True,0.001983099999051774
RBSM_S2,author_synthetic,5,THP_top2_first_only,modified,THP,153500.0,ok,159000.0,159000.0,3.583061889250814,0.0,5500.0,3.583061889250814,96.54088050314465,False,True,0.0020438999999896623
RBSM_S2,author_synthetic,5,VAM_tieA_top2_rollout,modified,VAM,153500.0,ok,153500.0,153500.0,0.0,0.0,0.0,0.0,100.0,True,True,0.009478799998760223
RBSM_S2,author_synthetic,5,MRM_orientation_ensemble,modified,MRM,153500.0,ok,153500.0,153500.0,0.0,0.0,0.0,0.0,100.0,True,True,0.0018901000003097579
RBSM_S2,author_synthetic,5,LCM_score_alpha025,modified,LCM,153500.0,ok,153500.0,159000.0,3.583061889250814,5500.0,0.0,0.0,100.0,True,True,0.0012679999999818392
RBSM_S2,author_synthetic,5,LCM_score_alpha050,modified,LCM,153500.0,ok,153500.0,159000.0,3.583061889250814,5500.0,0.0,0.0,100.0,True,True,0.0010753000005934155
RBSM_S2,author_synthetic,5,LCM_score_alpha075,modified,LCM,153500.0,ok,156000.0,159000.0,3.583061889250814,3000.0,2500.0,1.6286644951140066,98.3974358974359,False,True,0.0010306000003765803
RBSM_S3,author_synthetic,11,LCM_tie_allocation,modified,LCM,1044180.0,ok,1044180.0,1044180.0,0.0,0.0,0.0,0.0,100.0,True,True,0.001048399999490357
RBSM_S3,author_synthetic,11,VAM_tie_cost,modified,VAM,1044180.0,ok,1044180.0,1044180.0,0.0,0.0,0.0,0.0,100.0,True,True,0.002909999999246793
RBSM_S3,author_synthetic,11,VAM_tie_allocation,modified,VAM,1044180.0,ok,1044180.0,1044180.0,0.0,0.0,0.0,0.0,100.0,True,True,0.0029823999993823236
RBSM_S3,author_synthetic,11,VAM_penalty_sqrtA,modified,VAM,1044180.0,ok,1044180.0,1044180.0,0.0,0.0,0.0,0.0,100.0,True,True,0.0030845000001136214
RBSM_S3,author_synthetic,11,VAM_penalty_A,modified,VAM,1044180.0,ok,1044180.0,1044180.0,0.0,0.0,0.0,0.0,100.0,True,True,0.0030125000012048986
RBSM_S3,author_synthetic,11,TDSM_theta1_5,modified,TDSM,1044180.0,ok,1044180.0,1044180.0,0.0,0.0,0.0,0.0,100.0,True,True,0.0020533000006253133
RBSM_S3,author_synthetic,11,LCM_top2_product,modified,LCM,1044180.0,ok,1044180.0,1044180.0,0.0,0.0,0.0,0.0,100.0,True,True,0.0009704000003694091
RBSM_S3,author_synthetic,11,LCM_top2_LB,modified,LCM,1044180.0,ok,1044180.0,1044180.0,0.0,0.0,0.0,0.0,100.0,True,True,0.002941500000815722
RBSM_S3,author_synthetic,11,VAM_top2_LB,modified,VAM,1044180.0,ok,1044180.0,1044180.0,0.0,0.0,0.0,0.0,100.0,True,True,0.0045172999998612795
RBSM_S3,author_synthetic,11,THP_top2_LB,modified,THP,1044180.0,ok,1044180.0,1044180.0,0.0,0.0,0.0,0.0,100.0,True,True,0.0047321999991254415
RBSM_S3,author_synthetic,11,LCM_top2_rollout,modified,LCM,1044180.0,ok,1044180.0,1044180.0,0.0,0.0,0.0,0.0,100.0,True,True,0.008097100000668433
RBSM_S3,author_synthetic,11,LCM_top3_rollout,modified,LCM,1044180.0,ok,1044180.0,1044180.0,0.0,0.0,0.0,0.0,100.0,True,True,0.01077389999954903
RBSM_S3,author_synthetic,11,VAM_top2_rollout,modified,VAM,1044180.0,ok,1044180.0,1044180.0,0.0,0.0,0.0,0.0,100.0,True,True,0.02687569999943662
RBSM_S3,author_synthetic,11,VAM_top3_rollout,modified,VAM,1044180.0,ok,1044180.0,1044180.0,0.0,0.0,0.0,0.0,100.0,True,True,0.03310769999916374
RBSM_S3,author_synthetic,11,THP_top2_rollout,modified,THP,1044180.0,ok,1044180.0,1044180.0,0.0,0.0,0.0,0.0,100.0,True,True,0.025459700000283192
RBSM_S3,author_synthetic,11,THP_top3_rollout,modified,THP,1044180.0,ok,1044180.0,1044180.0,0.0,0.0,0.0,0.0,100.0,True,True,0.027515100000528037
RBSM_S3,author_synthetic,11,THP_top2_LCMcompletion,modified,THP,1044180.0,ok,1044180.0,1044180.0,0.0,0.0,0.0,0.0,100.0,True,True,0.008716199999980745
RBSM_S3,author_synthetic,11,VAM_top2_first_only,modified,VAM,1044180.0,ok,1044180.0,1044180.0,0.0,0.0,0.0,0.0,100.0,True,True,0.005636699999740813
RBSM_S3,author_synthetic,11,THP_top2_first_only,modified,THP,1044180.0,ok,1044180.0,1044180.0,0.0,0.0,0.0,0.0,100.0,True,True,0.005510900000444963
RBSM_S3,author_synthetic,11,VAM_tieA_top2_rollout,modified,VAM,1044180.0,ok,1044180.0,1044180.0,0.0,0.0,0.0,0.0,100.0,True,True,0.02883569999903557
RBSM_S3,author_synthetic,11,MRM_orientation_ensemble,modified,MRM,1044180.0,ok,1044180.0,1044180.0,0.0,0.0,0.0,0.0,100.0,True,True,0.0058743999998114305
RBSM_S3,author_synthetic,11,LCM_score_alpha025,modified,LCM,1044180.0,ok,1044180.0,1044180.0,0.0,0.0,0.0,0.0,100.0,True,True,0.0020048000005772337
RBSM_S3,author_synthetic,11,LCM_score_alpha050,modified,LCM,1044180.0,ok,1044180.0,1044180.0,0.0,0.0,0.0,0.0,100.0,True,True,0.005089500000394764
RBSM_S3,author_synthetic,11,LCM_score_alpha075,modified,LCM,1044180.0,ok,1044180.0,1044180.0,0.0,0.0,0.0,0.0,100.0,True,True,0.00271940000129689
RBSM_S4,author_synthetic,11,LCM_tie_allocation,modified,LCM,92212.0,ok,93966.0,92856.0,0.6983906649893723,-1110.0,1754.0,1.9021385502971413,98.13336738820425,False,True,0.002783999998428044
RBSM_S4,author_synthetic,11,VAM_tie_cost,modified,VAM,92212.0,ok,92705.0,93351.0,1.2351971543833775,646.0,493.0,0.5346375742853424,99.46820559840354,False,True,0.006653499998719781
RBSM_S4,author_synthetic,11,VAM_tie_allocation,modified,VAM,92212.0,ok,93883.0,93351.0,1.2351971543833775,-532.0,1671.0,1.8121285732876415,98.22012504926344,False,True,0.0057369000005564885
RBSM_S4,author_synthetic,11,VAM_penalty_sqrtA,modified,VAM,92212.0,ok,93828.0,93351.0,1.2351971543833775,-477.0,1616.0,1.7524834077994187,98.27769962058234,False,True,0.006479199999375851
RBSM_S4,author_synthetic,11,VAM_penalty_A,modified,VAM,92212.0,ok,93828.0,93351.0,1.2351971543833775,-477.0,1616.0,1.7524834077994187,98.27769962058234,False,True,0.006269699999393197
RBSM_S4,author_synthetic,11,TDSM_theta1_5,modified,TDSM,92212.0,ok,92986.0,92707.0,0.5368064893940051,-279.0,774.0,0.8393701470524444,99.1676166304605,False,True,0.0040002999994612765
RBSM_S4,author_synthetic,11,LCM_top2_product,modified,LCM,92212.0,ok,93104.0,92856.0,0.6983906649893723,-248.0,892.0,0.9673361384635405,99.04193160336828,False,True,0.003568000000086613
RBSM_S4,author_synthetic,11,LCM_top2_LB,modified,LCM,92212.0,ok,93149.0,92856.0,0.6983906649893723,-293.0,937.0,1.0161367284084502,98.99408474594468,False,True,0.005120800000440795
RBSM_S4,author_synthetic,11,VAM_top2_LB,modified,VAM,92212.0,ok,92929.0,93351.0,1.2351971543833775,422.0,717.0,0.777556066455559,99.22844322009276,False,True,0.008164199998645927
RBSM_S4,author_synthetic,11,THP_top2_LB,modified,THP,92212.0,ok,93443.0,94618.0,2.609204875721164,1175.0,1231.0,1.3349672493818592,98.6826193508342,False,True,0.00870759999997972
RBSM_S4,author_synthetic,11,LCM_top2_rollout,modified,LCM,92212.0,ok,92417.0,92856.0,0.6983906649893723,439.0,205.0,0.2223137986379213,99.77817933929904,False,True,0.024482099999659113
RBSM_S4,author_synthetic,11,LCM_top3_rollout,modified,LCM,92212.0,ok,92433.0,92856.0,0.6983906649893723,423.0,221.0,0.2396651195072225,99.76090790085792,False,True,0.03506149999884656
RBSM_S4,author_synthetic,11,VAM_top2_rollout,modified,VAM,92212.0,ok,92903.0,93351.0,1.2351971543833775,448.0,691.0,0.7493601700429445,99.2562134699633,False,True,0.08763729999918723
RBSM_S4,author_synthetic,11,VAM_top3_rollout,modified,VAM,92212.0,ok,92809.0,93351.0,1.2351971543833775,542.0,597.0,0.6474211599358001,99.35674341928046,False,True,0.126554299999043
RBSM_S4,author_synthetic,11,THP_top2_rollout,modified,THP,92212.0,ok,93492.0,94618.0,2.609204875721164,1126.0,1280.0,1.388105669544094,98.63089890044068,False,True,0.0941714000000502
RBSM_S4,author_synthetic,11,THP_top3_rollout,modified,THP,92212.0,ok,93492.0,94618.0,2.609204875721164,1126.0,1280.0,1.388105669544094,98.63089890044068,False,True,0.13114049999967392
RBSM_S4,author_synthetic,11,THP_top2_LCMcompletion,modified,THP,92212.0,ok,93370.0,94618.0,2.609204875721164,1248.0,1158.0,1.2558018479156725,98.75977294634251,False,True,0.03641810000044643
RBSM_S4,author_synthetic,11,VAM_top2_first_only,modified,VAM,92212.0,ok,93351.0,93351.0,1.2351971543833775,0.0,1139.0,1.2351971543833775,98.77987380960033,False,True,0.011940700000195648
RBSM_S4,author_synthetic,11,THP_top2_first_only,modified,THP,92212.0,ok,94091.0,94618.0,2.609204875721164,527.0,1879.0,2.037695744588557,98.00299709855352,False,True,0.011360700000295765
RBSM_S4,author_synthetic,11,VAM_tieA_top2_rollout,modified,VAM,92212.0,ok,92831.0,93351.0,1.2351971543833775,520.0,619.0,0.6712792261310893,99.33319688466138,False,True,0.13131759999851056
RBSM_S4,author_synthetic,11,MRM_orientation_ensemble,modified,MRM,92212.0,ok,92901.0,93499.0,1.3956968724244132,598.0,689.0,0.7471912549342818,99.25835028686451,False,True,0.005634099999952014
RBSM_S4,author_synthetic,11,LCM_score_alpha025,modified,LCM,92212.0,ok,93061.0,92856.0,0.6983906649893723,-205.0,849.0,0.9207044636272936,99.08769516768571,False,True,0.0038088000001152977
RBSM_S4,author_synthetic,11,LCM_score_alpha050,modified,LCM,92212.0,ok,93966.0,92856.0,0.6983906649893723,-1110.0,1754.0,1.9021385502971413,98.13336738820425,False,True,0.00431399999979476
RBSM_S4,author_synthetic,11,LCM_score_alpha075,modified,LCM,92212.0,ok,93966.0,92856.0,0.6983906649893723,-1110.0,1754.0,1.9021385502971413,98.13336738820425,False,True,0.010884499999519903
RBSM_S5,author_synthetic,11,LCM_tie_allocation,modified,LCM,116020.0,ok,116020.0,116020.0,0.0,0.0,0.0,0.0,100.0,True,True,0.002016100001128507
RBSM_S5,author_synthetic,11,VAM_tie_cost,modified,VAM,116020.0,ok,116020.0,116020.0,0.0,0.0,0.0,0.0,100.0,True,True,0.004382800001621945
RBSM_S5,author_synthetic,11,VAM_tie_allocation,modified,VAM,116020.0,ok,116020.0,116020.0,0.0,0.0,0.0,0.0,100.0,True,True,0.0038824999992357334
RBSM_S5,author_synthetic,11,VAM_penalty_sqrtA,modified,VAM,116020.0,ok,116020.0,116020.0,0.0,0.0,0.0,0.0,100.0,True,True,0.004985800000213203
RBSM_S5,author_synthetic,11,VAM_penalty_A,modified,VAM,116020.0,ok,116020.0,116020.0,0.0,0.0,0.0,0.0,100.0,True,True,0.004279400000086753
RBSM_S5,author_synthetic,11,TDSM_theta1_5,modified,TDSM,116020.0,ok,116020.0,116020.0,0.0,0.0,0.0,0.0,100.0,True,True,0.0055382999998983
RBSM_S5,author_synthetic,11,LCM_top2_product,modified,LCM,116020.0,ok,116020.0,116020.0,0.0,0.0,0.0,0.0,100.0,True,True,0.004848900000069989
RBSM_S5,author_synthetic,11,LCM_top2_LB,modified,LCM,116020.0,ok,116020.0,116020.0,0.0,0.0,0.0,0.0,100.0,True,True,0.002776799999992363
RBSM_S5,author_synthetic,11,VAM_top2_LB,modified,VAM,116020.0,ok,116020.0,116020.0,0.0,0.0,0.0,0.0,100.0,True,True,0.00528669999948761
RBSM_S5,author_synthetic,11,THP_top2_LB,modified,THP,116020.0,ok,116020.0,116020.0,0.0,0.0,0.0,0.0,100.0,True,True,0.0057027000002563
RBSM_S5,author_synthetic,11,LCM_top2_rollout,modified,LCM,116020.0,ok,116020.0,116020.0,0.0,0.0,0.0,0.0,100.0,True,True,0.00875859999905515
RBSM_S5,author_synthetic,11,LCM_top3_rollout,modified,LCM,116020.0,ok,116020.0,116020.0,0.0,0.0,0.0,0.0,100.0,True,True,0.012801900000340538
RBSM_S5,author_synthetic,11,VAM_top2_rollout,modified,VAM,116020.0,ok,116020.0,116020.0,0.0,0.0,0.0,0.0,100.0,True,True,0.027060499998697196
RBSM_S5,author_synthetic,11,VAM_top3_rollout,modified,VAM,116020.0,ok,116020.0,116020.0,0.0,0.0,0.0,0.0,100.0,True,True,0.04047509999873
RBSM_S5,author_synthetic,11,THP_top2_rollout,modified,THP,116020.0,ok,116020.0,116020.0,0.0,0.0,0.0,0.0,100.0,True,True,0.02881089999937103
RBSM_S5,author_synthetic,11,THP_top3_rollout,modified,THP,116020.0,ok,116020.0,116020.0,0.0,0.0,0.0,0.0,100.0,True,True,0.03286699999989651
RBSM_S5,author_synthetic,11,THP_top2_LCMcompletion,modified,THP,116020.0,ok,116020.0,116020.0,0.0,0.0,0.0,0.0,100.0,True,True,0.011529699999300647
RBSM_S5,author_synthetic,11,VAM_top2_first_only,modified,VAM,116020.0,ok,116020.0,116020.0,0.0,0.0,0.0,0.0,100.0,True,True,0.006480999998530024
RBSM_S5,author_synthetic,11,THP_top2_first_only,modified,THP,116020.0,ok,116020.0,116020.0,0.0,0.0,0.0,0.0,100.0,True,True,0.007109499998477986
RBSM_S5,author_synthetic,11,VAM_tieA_top2_rollout,modified,VAM,116020.0,ok,116020.0,116020.0,0.0,0.0,0.0,0.0,100.0,True,True,0.028737200000250596
RBSM_S5,author_synthetic,11,MRM_orientation_ensemble,modified,MRM,116020.0,ok,116020.0,116020.0,0.0,0.0,0.0,0.0,100.0,True,True,0.004055899999002577
RBSM_S5,author_synthetic,11,LCM_score_alpha025,modified,LCM,116020.0,ok,116020.0,116020.0,0.0,0.0,0.0,0.0,100.0,True,True,0.002164499999707914
RBSM_S5,author_synthetic,11,LCM_score_alpha050,modified,LCM,116020.0,ok,116020.0,116020.0,0.0,0.0,0.0,0.0,100.0,True,True,0.002038399999946705
RBSM_S5,author_synthetic,11,LCM_score_alpha075,modified,LCM,116020.0,ok,116020.0,116020.0,0.0,0.0,0.0,0.0,100.0,True,True,0.0021093000013934216
CSM_N03,literature,5,LCM_tie_allocation,modified,LCM,1079.0,ok,1079.0,1079.0,0.0,0.0,0.0,0.0,100.0,True,True,0.0005524000007426366
CSM_N03,literature,5,VAM_tie_cost,modified,VAM,1079.0,ok,1104.0,1104.0,2.3169601482854496,0.0,25.0,2.3169601482854496,97.73550724637681,False,True,0.0014984999997977866
CSM_N03,literature,5,VAM_tie_allocation,modified,VAM,1079.0,ok,1104.0,1104.0,2.3169601482854496,0.0,25.0,2.3169601482854496,97.73550724637681,False,True,0.0014134000011836179
CSM_N03,literature,5,VAM_penalty_sqrtA,modified,VAM,1079.0,ok,1104.0,1104.0,2.3169601482854496,0.0,25.0,2.3169601482854496,97.73550724637681,False,True,0.001220100000864477
CSM_N03,literature,5,VAM_penalty_A,modified,VAM,1079.0,ok,1127.0,1104.0,2.3169601482854496,-23.0,48.0,4.448563484708063,95.74090505767525,False,True,0.0012645999995584134
CSM_N03,literature,5,TDSM_theta1_5,modified,TDSM,1079.0,ok,1091.0,1091.0,1.1121408711770158,0.0,12.0,1.1121408711770158,98.90009165902842,False,True,0.0010939000003418187
CSM_N03,literature,5,LCM_top2_product,modified,LCM,1079.0,ok,1079.0,1079.0,0.0,0.0,0.0,0.0,100.0,True,True,0.0006410000005416805
CSM_N03,literature,5,LCM_top2_LB,modified,LCM,1079.0,ok,1130.0,1079.0,0.0,-51.0,51.0,4.726598702502317,95.48672566371681,False,True,0.0013600000002043089
CSM_N03,literature,5,VAM_top2_LB,modified,VAM,1079.0,ok,1130.0,1104.0,2.3169601482854496,-26.0,51.0,4.726598702502317,95.48672566371681,False,True,0.002710599999772967
CSM_N03,literature,5,THP_top2_LB,modified,THP,1079.0,ok,1079.0,1079.0,0.0,0.0,0.0,0.0,100.0,True,True,0.0023118000008253148
CSM_N03,literature,5,LCM_top2_rollout,modified,LCM,1079.0,ok,1079.0,1079.0,0.0,0.0,0.0,0.0,100.0,True,True,0.003047599999263184
CSM_N03,literature,5,LCM_top3_rollout,modified,LCM,1079.0,ok,1079.0,1079.0,0.0,0.0,0.0,0.0,100.0,True,True,0.0052068000004510395
CSM_N03,literature,5,VAM_top2_rollout,modified,VAM,1079.0,ok,1088.0,1104.0,2.3169601482854496,16.0,9.0,0.8341056533827618,99.17279411764706,False,True,0.007683199999519275
CSM_N03,literature,5,VAM_top3_rollout,modified,VAM,1079.0,ok,1079.0,1104.0,2.3169601482854496,25.0,0.0,0.0,100.0,True,True,0.010986100000081933
CSM_N03,literature,5,THP_top2_rollout,modified,THP,1079.0,ok,1079.0,1079.0,0.0,0.0,0.0,0.0,100.0,True,True,0.00848500000029162
CSM_N03,literature,5,THP_top3_rollout,modified,THP,1079.0,ok,1079.0,1079.0,0.0,0.0,0.0,0.0,100.0,True,True,0.00764780000099563
CSM_N03,literature,5,THP_top2_LCMcompletion,modified,THP,1079.0,ok,1079.0,1079.0,0.0,0.0,0.0,0.0,100.0,True,True,0.004270600000381819
CSM_N03,literature,5,VAM_top2_first_only,modified,VAM,1079.0,ok,1104.0,1104.0,2.3169601482854496,0.0,25.0,2.3169601482854496,97.73550724637681,False,True,0.002120400000421796
CSM_N03,literature,5,THP_top2_first_only,modified,THP,1079.0,ok,1079.0,1079.0,0.0,0.0,0.0,0.0,100.0,True,True,0.0022308999996312195
CSM_N03,literature,5,VAM_tieA_top2_rollout,modified,VAM,1079.0,ok,1088.0,1104.0,2.3169601482854496,16.0,9.0,0.8341056533827618,99.17279411764706,False,True,0.007400700000289362
CSM_N03,literature,5,MRM_orientation_ensemble,modified,MRM,1079.0,ok,1079.0,1079.0,0.0,0.0,0.0,0.0,100.0,True,True,0.0011854000003950205
CSM_N03,literature,5,LCM_score_alpha025,modified,LCM,1079.0,ok,1079.0,1079.0,0.0,0.0,0.0,0.0,100.0,True,True,0.0014068000000406755
CSM_N03,literature,5,LCM_score_alpha050,modified,LCM,1079.0,ok,1079.0,1079.0,0.0,0.0,0.0,0.0,100.0,True,True,0.001692600000751554
CSM_N03,literature,5,LCM_score_alpha075,modified,LCM,1079.0,ok,1079.0,1079.0,0.0,0.0,0.0,0.0,100.0,True,True,0.0012475000003178138
CSM_N04,literature,3,LCM_tie_allocation,modified,LCM,1580.0,ok,1825.0,1870.0,18.354430379746834,45.0,245.0,15.50632911392405,86.57534246575342,False,True,0.0004616999995050719
CSM_N04,literature,3,VAM_tie_cost,modified,VAM,1580.0,ok,1580.0,1580.0,0.0,0.0,0.0,0.0,100.0,True,True,0.0008572999995521968
CSM_N04,literature,3,VAM_tie_allocation,modified,VAM,1580.0,ok,1580.0,1580.0,0.0,0.0,0.0,0.0,100.0,True,True,0.0008664999986649491
CSM_N04,literature,3,VAM_penalty_sqrtA,modified,VAM,1580.0,ok,1580.0,1580.0,0.0,0.0,0.0,0.0,100.0,True,True,0.0008496999998897081
CSM_N04,literature,3,VAM_penalty_A,modified,VAM,1580.0,ok,1580.0,1580.0,0.0,0.0,0.0,0.0,100.0,True,True,0.0008491999997204402
CSM_N04,literature,3,TDSM_theta1_5,modified,TDSM,1580.0,ok,1595.0,1595.0,0.9493670886075949,0.0,15.0,0.9493670886075949,99.05956112852665,False,True,0.0006762000011804048
CSM_N04,literature,3,LCM_top2_product,modified,LCM,1580.0,ok,1870.0,1870.0,18.354430379746834,0.0,290.0,18.354430379746834,84.49197860962566,False,True,0.0004661999992094934
CSM_N04,literature,3,LCM_top2_LB,modified,LCM,1580.0,ok,1690.0,1870.0,18.354430379746834,180.0,110.0,6.962025316455696,93.49112426035504,False,True,0.0011169000008521834
CSM_N04,literature,3,VAM_top2_LB,modified,VAM,1580.0,ok,1580.0,1580.0,0.0,0.0,0.0,0.0,100.0,True,True,0.0019510000001901062
CSM_N04,literature,3,THP_top2_LB,modified,THP,1580.0,ok,1690.0,1690.0,6.962025316455696,0.0,110.0,6.962025316455696,93.49112426035504,False,True,0.0018428000003041234
CSM_N04,literature,3,LCM_top2_rollout,modified,LCM,1580.0,ok,1805.0,1870.0,18.354430379746834,65.0,225.0,14.240506329113924,87.53462603878117,False,True,0.0022942000014154473
CSM_N04,literature,3,LCM_top3_rollout,modified,LCM,1580.0,ok,1580.0,1870.0,18.354430379746834,290.0,0.0,0.0,100.0,True,True,0.0028167000000394182
CSM_N04,literature,3,VAM_top2_rollout,modified,VAM,1580.0,ok,1580.0,1580.0,0.0,0.0,0.0,0.0,100.0,True,True,0.005611000000499189
CSM_N04,literature,3,VAM_top3_rollout,modified,VAM,1580.0,ok,1580.0,1580.0,0.0,0.0,0.0,0.0,100.0,True,True,0.007023500000286731
CSM_N04,literature,3,THP_top2_rollout,modified,THP,1580.0,ok,1625.0,1690.0,6.962025316455696,65.0,45.0,2.848101265822785,97.23076923076923,False,True,0.005266600001050392
CSM_N04,literature,3,THP_top3_rollout,modified,THP,1580.0,ok,1580.0,1690.0,6.962025316455696,110.0,0.0,0.0,100.0,True,True,0.0064717000004748115
CSM_N04,literature,3,THP_top2_LCMcompletion,modified,THP,1580.0,ok,1625.0,1690.0,6.962025316455696,65.0,45.0,2.848101265822785,97.23076923076923,False,True,0.002710099999603699
CSM_N04,literature,3,VAM_top2_first_only,modified,VAM,1580.0,ok,1580.0,1580.0,0.0,0.0,0.0,0.0,100.0,True,True,0.0019583000012062257
CSM_N04,literature,3,THP_top2_first_only,modified,THP,1580.0,ok,1690.0,1690.0,6.962025316455696,0.0,110.0,6.962025316455696,93.49112426035504,False,True,0.0015902999984973576
CSM_N04,literature,3,VAM_tieA_top2_rollout,modified,VAM,1580.0,ok,1580.0,1580.0,0.0,0.0,0.0,0.0,100.0,True,True,0.005527200000869925
CSM_N04,literature,3,MRM_orientation_ensemble,modified,MRM,1580.0,ok,1635.0,1685.0,6.6455696202531644,50.0,55.0,3.481012658227848,96.63608562691131,False,True,0.0010812000000441913
CSM_N04,literature,3,LCM_score_alpha025,modified,LCM,1580.0,ok,1805.0,1870.0,18.354430379746834,65.0,225.0,14.240506329113924,87.53462603878117,False,True,0.0009687000001576962
CSM_N04,literature,3,LCM_score_alpha050,modified,LCM,1580.0,ok,1825.0,1870.0,18.354430379746834,45.0,245.0,15.50632911392405,86.57534246575342,False,True,0.0008809999999357387
CSM_N04,literature,3,LCM_score_alpha075,modified,LCM,1580.0,ok,1825.0,1870.0,18.354430379746834,45.0,245.0,15.50632911392405,86.57534246575342,False,True,0.0009196000009978889
CSM_N06,literature,3,LCM_tie_allocation,modified,LCM,2850.0,ok,2900.0,2850.0,0.0,-50.0,50.0,1.7543859649122806,98.27586206896552,False,True,0.00039629999992030207
CSM_N06,literature,3,VAM_tie_cost,modified,VAM,2850.0,ok,2850.0,2850.0,0.0,0.0,0.0,0.0,100.0,True,True,0.0007060999996610917
CSM_N06,literature,3,VAM_tie_allocation,modified,VAM,2850.0,ok,2850.0,2850.0,0.0,0.0,0.0,0.0,100.0,True,True,0.000731100000848528
CSM_N06,literature,3,VAM_penalty_sqrtA,modified,VAM,2850.0,ok,2900.0,2850.0,0.0,-50.0,50.0,1.7543859649122806,98.27586206896552,False,True,0.0007189999996626284
CSM_N06,literature,3,VAM_penalty_A,modified,VAM,2850.0,ok,3400.0,2850.0,0.0,-550.0,550.0,19.29824561403509,83.82352941176471,False,True,0.0007298000000446336
CSM_N06,literature,3,TDSM_theta1_5,modified,TDSM,2850.0,ok,2850.0,2850.0,0.0,0.0,0.0,0.0,100.0,True,True,0.0008907999999792082
CSM_N06,literature,3,LCM_top2_product,modified,LCM,2850.0,ok,2850.0,2850.0,0.0,0.0,0.0,0.0,100.0,True,True,0.0005892999997740844
CSM_N06,literature,3,LCM_top2_LB,modified,LCM,2850.0,ok,2850.0,2850.0,0.0,0.0,0.0,0.0,100.0,True,True,0.001171500000054948
CSM_N06,literature,3,VAM_top2_LB,modified,VAM,2850.0,ok,2850.0,2850.0,0.0,0.0,0.0,0.0,100.0,True,True,0.0014404999983526068
CSM_N06,literature,3,THP_top2_LB,modified,THP,2850.0,ok,2850.0,2850.0,0.0,0.0,0.0,0.0,100.0,True,True,0.0014250999993237201
CSM_N06,literature,3,LCM_top2_rollout,modified,LCM,2850.0,ok,2850.0,2850.0,0.0,0.0,0.0,0.0,100.0,True,True,0.0015481999998883111
CSM_N06,literature,3,LCM_top3_rollout,modified,LCM,2850.0,ok,2850.0,2850.0,0.0,0.0,0.0,0.0,100.0,True,True,0.00257430000056047
CSM_N06,literature,3,VAM_top2_rollout,modified,VAM,2850.0,ok,2850.0,2850.0,0.0,0.0,0.0,0.0,100.0,True,True,0.0035799000015686033
CSM_N06,literature,3,VAM_top3_rollout,modified,VAM,2850.0,ok,2850.0,2850.0,0.0,0.0,0.0,0.0,100.0,True,True,0.005381100001613959
CSM_N06,literature,3,THP_top2_rollout,modified,THP,2850.0,ok,2850.0,2850.0,0.0,0.0,0.0,0.0,100.0,True,True,0.0034641999991436023
CSM_N06,literature,3,THP_top3_rollout,modified,THP,2850.0,ok,2850.0,2850.0,0.0,0.0,0.0,0.0,100.0,True,True,0.004079899999851477
CSM_N06,literature,3,THP_top2_LCMcompletion,modified,THP,2850.0,ok,2850.0,2850.0,0.0,0.0,0.0,0.0,100.0,True,True,0.0020292999997764127
CSM_N06,literature,3,VAM_top2_first_only,modified,VAM,2850.0,ok,2850.0,2850.0,0.0,0.0,0.0,0.0,100.0,True,True,0.0011438000001362525
CSM_N06,literature,3,THP_top2_first_only,modified,THP,2850.0,ok,2850.0,2850.0,0.0,0.0,0.0,0.0,100.0,True,True,0.0011832999989564996
CSM_N06,literature,3,VAM_tieA_top2_rollout,modified,VAM,2850.0,ok,2850.0,2850.0,0.0,0.0,0.0,0.0,100.0,True,True,0.0036199999995005783
CSM_N06,literature,3,MRM_orientation_ensemble,modified,MRM,2850.0,ok,2850.0,2850.0,0.0,0.0,0.0,0.0,100.0,True,True,0.0010290999998687766
CSM_N06,literature,3,LCM_score_alpha025,modified,LCM,2850.0,ok,3400.0,2850.0,0.0,-550.0,550.0,19.29824561403509,83.82352941176471,False,True,0.0007617999999638414
CSM_N06,literature,3,LCM_score_alpha050,modified,LCM,2850.0,ok,2900.0,2850.0,0.0,-50.0,50.0,1.7543859649122806,98.27586206896552,False,True,0.0007272999991982942
CSM_N06,literature,3,LCM_score_alpha075,modified,LCM,2850.0,ok,2900.0,2850.0,0.0,-50.0,50.0,1.7543859649122806,98.27586206896552,False,True,0.0007341000000451459
CSM_N18,literature,3,LCM_tie_allocation,modified,LCM,29.0,ok,29.0,29.0,0.0,0.0,0.0,0.0,100.0,True,True,0.00037879999945289455
CSM_N18,literature,3,VAM_tie_cost,modified,VAM,29.0,ok,29.0,29.0,0.0,0.0,0.0,0.0,100.0,True,True,0.0005975000003672903
CSM_N18,literature,3,VAM_tie_allocation,modified,VAM,29.0,ok,29.0,29.0,0.0,0.0,0.0,0.0,100.0,True,True,0.0005474000008689472
CSM_N18,literature,3,VAM_penalty_sqrtA,modified,VAM,29.0,ok,29.0,29.0,0.0,0.0,0.0,0.0,100.0,True,True,0.0005655000004480826
CSM_N18,literature,3,VAM_penalty_A,modified,VAM,29.0,ok,29.0,29.0,0.0,0.0,0.0,0.0,100.0,True,True,0.0005391999984567519
CSM_N18,literature,3,TDSM_theta1_5,modified,TDSM,29.0,ok,29.0,29.0,0.0,0.0,0.0,0.0,100.0,True,True,0.0005036000002291985
CSM_N18,literature,3,LCM_top2_product,modified,LCM,29.0,ok,31.0,29.0,0.0,-2.0,2.0,6.896551724137931,93.54838709677419,False,True,0.00039169999945443124
CSM_N18,literature,3,LCM_top2_LB,modified,LCM,29.0,ok,29.0,29.0,0.0,0.0,0.0,0.0,100.0,True,True,0.0022912999993423
CSM_N18,literature,3,VAM_top2_LB,modified,VAM,29.0,ok,29.0,29.0,0.0,0.0,0.0,0.0,100.0,True,True,0.001219199999468401
CSM_N18,literature,3,THP_top2_LB,modified,THP,29.0,ok,29.0,29.0,0.0,0.0,0.0,0.0,100.0,True,True,0.001027500000418513
CSM_N18,literature,3,LCM_top2_rollout,modified,LCM,29.0,ok,29.0,29.0,0.0,0.0,0.0,0.0,100.0,True,True,0.0020594000015989877
CSM_N18,literature,3,LCM_top3_rollout,modified,LCM,29.0,ok,29.0,29.0,0.0,0.0,0.0,0.0,100.0,True,True,0.001728999999613734
CSM_N18,literature,3,VAM_top2_rollout,modified,VAM,29.0,ok,29.0,29.0,0.0,0.0,0.0,0.0,100.0,True,True,0.0021006000006309478
CSM_N18,literature,3,VAM_top3_rollout,modified,VAM,29.0,ok,29.0,29.0,0.0,0.0,0.0,0.0,100.0,True,True,0.003375899999809917
CSM_N18,literature,3,THP_top2_rollout,modified,THP,29.0,ok,29.0,29.0,0.0,0.0,0.0,0.0,100.0,True,True,0.001843100000769482
CSM_N18,literature,3,THP_top3_rollout,modified,THP,29.0,ok,29.0,29.0,0.0,0.0,0.0,0.0,100.0,True,True,0.0028607000003830763
CSM_N18,literature,3,THP_top2_LCMcompletion,modified,THP,29.0,ok,29.0,29.0,0.0,0.0,0.0,0.0,100.0,True,True,0.0020886000002064975
CSM_N18,literature,3,VAM_top2_first_only,modified,VAM,29.0,ok,29.0,29.0,0.0,0.0,0.0,0.0,100.0,True,True,0.0010015000007115304
CSM_N18,literature,3,THP_top2_first_only,modified,THP,29.0,ok,29.0,29.0,0.0,0.0,0.0,0.0,100.0,True,True,0.0009622999987186631
CSM_N18,literature,3,VAM_tieA_top2_rollout,modified,VAM,29.0,ok,29.0,29.0,0.0,0.0,0.0,0.0,100.0,True,True,0.0033260000000154832
CSM_N18,literature,3,MRM_orientation_ensemble,modified,MRM,29.0,ok,29.0,29.0,0.0,0.0,0.0,0.0,100.0,True,True,0.0010371999997005332
CSM_N18,literature,3,LCM_score_alpha025,modified,LCM,29.0,ok,29.0,29.0,0.0,0.0,0.0,0.0,100.0,True,True,0.0009640999996918254
CSM_N18,literature,3,LCM_score_alpha050,modified,LCM,29.0,ok,29.0,29.0,0.0,0.0,0.0,0.0,100.0,True,True,0.0006603999991057208
CSM_N18,literature,3,LCM_score_alpha075,modified,LCM,29.0,ok,29.0,29.0,0.0,0.0,0.0,0.0,100.0,True,True,0.0014365999995789025
CSM_N28,literature,3,LCM_tie_allocation,modified,LCM,40.0,ok,43.0,43.0,7.5,0.0,3.0,7.5,93.02325581395348,False,True,0.0010480999990249984
CSM_N28,literature,3,VAM_tie_cost,modified,VAM,40.0,ok,40.0,40.0,0.0,0.0,0.0,0.0,100.0,True,True,0.0014176000004226808
CSM_N28,literature,3,VAM_tie_allocation,modified,VAM,40.0,ok,40.0,40.0,0.0,0.0,0.0,0.0,100.0,True,True,0.0013158000001567416
CSM_N28,literature,3,VAM_penalty_sqrtA,modified,VAM,40.0,ok,40.0,40.0,0.0,0.0,0.0,0.0,100.0,True,True,0.0009253999996872153
CSM_N28,literature,3,VAM_penalty_A,modified,VAM,40.0,ok,40.0,40.0,0.0,0.0,0.0,0.0,100.0,True,True,0.0009884000010060845
CSM_N28,literature,3,TDSM_theta1_5,modified,TDSM,40.0,ok,40.0,40.0,0.0,0.0,0.0,0.0,100.0,True,True,0.0006572000002051936
CSM_N28,literature,3,LCM_top2_product,modified,LCM,40.0,ok,43.0,43.0,7.5,0.0,3.0,7.5,93.02325581395348,False,True,0.0007878000014898134
CSM_N28,literature,3,LCM_top2_LB,modified,LCM,40.0,ok,40.0,43.0,7.5,3.0,0.0,0.0,100.0,True,True,0.001087599999664235
CSM_N28,literature,3,VAM_top2_LB,modified,VAM,40.0,ok,40.0,40.0,0.0,0.0,0.0,0.0,100.0,True,True,0.0020346000001154607
CSM_N28,literature,3,THP_top2_LB,modified,THP,40.0,ok,40.0,43.0,7.5,3.0,0.0,0.0,100.0,True,True,0.0015325999993365258
CSM_N28,literature,3,LCM_top2_rollout,modified,LCM,40.0,ok,43.0,43.0,7.5,0.0,3.0,7.5,93.02325581395348,False,True,0.0019750999999814667
CSM_N28,literature,3,LCM_top3_rollout,modified,LCM,40.0,ok,43.0,43.0,7.5,0.0,3.0,7.5,93.02325581395348,False,True,0.0025597000003472203
CSM_N28,literature,3,VAM_top2_rollout,modified,VAM,40.0,ok,40.0,40.0,0.0,0.0,0.0,0.0,100.0,True,True,0.003927899999325746
CSM_N28,literature,3,VAM_top3_rollout,modified,VAM,40.0,ok,40.0,40.0,0.0,0.0,0.0,0.0,100.0,True,True,0.00458249999974214
CSM_N28,literature,3,THP_top2_rollout,modified,THP,40.0,ok,40.0,43.0,7.5,3.0,0.0,0.0,100.0,True,True,0.004494599999816273
CSM_N28,literature,3,THP_top3_rollout,modified,THP,40.0,ok,40.0,43.0,7.5,3.0,0.0,0.0,100.0,True,True,0.005360000001019216
CSM_N28,literature,3,THP_top2_LCMcompletion,modified,THP,40.0,ok,40.0,43.0,7.5,3.0,0.0,0.0,100.0,True,True,0.002497699999366887
CSM_N28,literature,3,VAM_top2_first_only,modified,VAM,40.0,ok,40.0,40.0,0.0,0.0,0.0,0.0,100.0,True,True,0.0013092999997752486
CSM_N28,literature,3,THP_top2_first_only,modified,THP,40.0,ok,43.0,43.0,7.5,0.0,3.0,7.5,93.02325581395348,False,True,0.001626199999009259
CSM_N28,literature,3,VAM_tieA_top2_rollout,modified,VAM,40.0,ok,40.0,40.0,0.0,0.0,0.0,0.0,100.0,True,True,0.003747099999600323
CSM_N28,literature,3,MRM_orientation_ensemble,modified,MRM,40.0,ok,40.0,40.0,0.0,0.0,0.0,0.0,100.0,True,True,0.0010361000004195375
CSM_N28,literature,3,LCM_score_alpha025,modified,LCM,40.0,ok,55.0,43.0,7.5,-12.0,15.0,37.5,72.72727272727273,False,True,0.000745099998312071
CSM_N28,literature,3,LCM_score_alpha050,modified,LCM,40.0,ok,43.0,43.0,7.5,0.0,3.0,7.5,93.02325581395348,False,True,0.0008272999984910712
CSM_N28,literature,3,LCM_score_alpha075,modified,LCM,40.0,ok,43.0,43.0,7.5,0.0,3.0,7.5,93.02325581395348,False,True,0.0008072999989963137
CSM_N33,literature,2,LCM_tie_allocation,modified,LCM,151750.0,ok,151750.0,151750.0,0.0,0.0,0.0,0.0,100.0,True,True,0.0003538000000844477
CSM_N33,literature,2,VAM_tie_cost,modified,VAM,151750.0,ok,151750.0,151750.0,0.0,0.0,0.0,0.0,100.0,True,True,0.0005623000015475554
CSM_N33,literature,2,VAM_tie_allocation,modified,VAM,151750.0,ok,151750.0,151750.0,0.0,0.0,0.0,0.0,100.0,True,True,0.0005488000006153015
CSM_N33,literature,2,VAM_penalty_sqrtA,modified,VAM,151750.0,ok,151750.0,151750.0,0.0,0.0,0.0,0.0,100.0,True,True,0.000580299998546252
CSM_N33,literature,2,VAM_penalty_A,modified,VAM,151750.0,ok,151750.0,151750.0,0.0,0.0,0.0,0.0,100.0,True,True,0.0005571000001509674
CSM_N33,literature,2,TDSM_theta1_5,modified,TDSM,151750.0,ok,151750.0,151750.0,0.0,0.0,0.0,0.0,100.0,True,True,0.0004813999985344708
CSM_N33,literature,2,LCM_top2_product,modified,LCM,151750.0,ok,152500.0,151750.0,0.0,-750.0,750.0,0.4942339373970346,99.50819672131148,False,True,0.0003887999992002733
CSM_N33,literature,2,LCM_top2_LB,modified,LCM,151750.0,ok,151750.0,151750.0,0.0,0.0,0.0,0.0,100.0,True,True,0.001035799999954179
CSM_N33,literature,2,VAM_top2_LB,modified,VAM,151750.0,ok,151750.0,151750.0,0.0,0.0,0.0,0.0,100.0,True,True,0.001322799998888513
CSM_N33,literature,2,THP_top2_LB,modified,THP,151750.0,ok,151750.0,152500.0,0.4942339373970346,750.0,0.0,0.0,100.0,True,True,0.0027026999996451195
CSM_N33,literature,2,LCM_top2_rollout,modified,LCM,151750.0,ok,151750.0,151750.0,0.0,0.0,0.0,0.0,100.0,True,True,0.0011986000008619158
CSM_N33,literature,2,LCM_top3_rollout,modified,LCM,151750.0,ok,151750.0,151750.0,0.0,0.0,0.0,0.0,100.0,True,True,0.0012896000007458497
CSM_N33,literature,2,VAM_top2_rollout,modified,VAM,151750.0,ok,151750.0,151750.0,0.0,0.0,0.0,0.0,100.0,True,True,0.0024276000003737863
CSM_N33,literature,2,VAM_top3_rollout,modified,VAM,151750.0,ok,151750.0,151750.0,0.0,0.0,0.0,0.0,100.0,True,True,0.0032843000008142553
CSM_N33,literature,2,THP_top2_rollout,modified,THP,151750.0,ok,151750.0,152500.0,0.4942339373970346,750.0,0.0,0.0,100.0,True,True,0.0018189999991591321
CSM_N33,literature,2,THP_top3_rollout,modified,THP,151750.0,ok,151750.0,152500.0,0.4942339373970346,750.0,0.0,0.0,100.0,True,True,0.002093000000968459
CSM_N33,literature,2,THP_top2_LCMcompletion,modified,THP,151750.0,ok,151750.0,152500.0,0.4942339373970346,750.0,0.0,0.0,100.0,True,True,0.0012525999991339631
CSM_N33,literature,2,VAM_top2_first_only,modified,VAM,151750.0,ok,151750.0,151750.0,0.0,0.0,0.0,0.0,100.0,True,True,0.0009153999999398366
CSM_N33,literature,2,THP_top2_first_only,modified,THP,151750.0,ok,151750.0,152500.0,0.4942339373970346,750.0,0.0,0.0,100.0,True,True,0.00159929999972519
CSM_N33,literature,2,VAM_tieA_top2_rollout,modified,VAM,151750.0,ok,151750.0,151750.0,0.0,0.0,0.0,0.0,100.0,True,True,0.0023942000007082243
CSM_N33,literature,2,MRM_orientation_ensemble,modified,MRM,151750.0,ok,151750.0,151750.0,0.0,0.0,0.0,0.0,100.0,True,True,0.0011611000008997507
CSM_N33,literature,2,LCM_score_alpha025,modified,LCM,151750.0,ok,151750.0,151750.0,0.0,0.0,0.0,0.0,100.0,True,True,0.0006898999999975786
CSM_N33,literature,2,LCM_score_alpha050,modified,LCM,151750.0,ok,151750.0,151750.0,0.0,0.0,0.0,0.0,100.0,True,True,0.0006903000012243865
CSM_N33,literature,2,LCM_score_alpha075,modified,LCM,151750.0,ok,151750.0,151750.0,0.0,0.0,0.0,0.0,100.0,True,True,0.0007084000008035218
CSM_N35,literature,3,LCM_tie_allocation,modified,LCM,412.0,ok,516.0,516.0,25.24271844660194,0.0,104.0,25.24271844660194,79.84496124031008,False,True,0.00044519999937620014
CSM_N35,literature,3,VAM_tie_cost,modified,VAM,412.0,ok,476.0,476.0,15.533980582524272,0.0,64.0,15.533980582524272,86.5546218487395,False,True,0.001378699998895172
CSM_N35,literature,3,VAM_tie_allocation,modified,VAM,412.0,ok,476.0,476.0,15.533980582524272,0.0,64.0,15.533980582524272,86.5546218487395,False,True,0.0009028000004036585
CSM_N35,literature,3,VAM_penalty_sqrtA,modified,VAM,412.0,ok,476.0,476.0,15.533980582524272,0.0,64.0,15.533980582524272,86.5546218487395,False,True,0.0008768000006966759
CSM_N35,literature,3,VAM_penalty_A,modified,VAM,412.0,ok,516.0,476.0,15.533980582524272,-40.0,104.0,25.24271844660194,79.84496124031008,False,True,0.0008572000006097369
CSM_N35,literature,3,TDSM_theta1_5,modified,TDSM,412.0,ok,476.0,476.0,15.533980582524272,0.0,64.0,15.533980582524272,86.5546218487395,False,True,0.0007131999991543125
CSM_N35,literature,3,LCM_top2_product,modified,LCM,412.0,ok,476.0,516.0,25.24271844660194,40.0,64.0,15.533980582524272,86.5546218487395,False,True,0.0004680999991251156
CSM_N35,literature,3,LCM_top2_LB,modified,LCM,412.0,ok,476.0,516.0,25.24271844660194,40.0,64.0,15.533980582524272,86.5546218487395,False,True,0.0010856999997486128
CSM_N35,literature,3,VAM_top2_LB,modified,VAM,412.0,ok,412.0,476.0,15.533980582524272,64.0,0.0,0.0,100.0,True,True,0.001389200000630808
CSM_N35,literature,3,THP_top2_LB,modified,THP,412.0,ok,412.0,476.0,15.533980582524272,64.0,0.0,0.0,100.0,True,True,0.0016703000001143664
CSM_N35,literature,3,LCM_top2_rollout,modified,LCM,412.0,ok,516.0,516.0,25.24271844660194,0.0,104.0,25.24271844660194,79.84496124031008,False,True,0.001398700000208919
CSM_N35,literature,3,LCM_top3_rollout,modified,LCM,412.0,ok,454.0,516.0,25.24271844660194,62.0,42.0,10.194174757281553,90.7488986784141,False,True,0.0019922999999835156
CSM_N35,literature,3,VAM_top2_rollout,modified,VAM,412.0,ok,412.0,476.0,15.533980582524272,64.0,0.0,0.0,100.0,True,True,0.0032719999999244465
CSM_N35,literature,3,VAM_top3_rollout,modified,VAM,412.0,ok,472.0,476.0,15.533980582524272,4.0,60.0,14.563106796116505,87.28813559322033,False,True,0.004940900000292459
CSM_N35,literature,3,THP_top2_rollout,modified,THP,412.0,ok,476.0,476.0,15.533980582524272,0.0,64.0,15.533980582524272,86.5546218487395,False,True,0.0033631999995122897
CSM_N35,literature,3,THP_top3_rollout,modified,THP,412.0,ok,476.0,476.0,15.533980582524272,0.0,64.0,15.533980582524272,86.5546218487395,False,True,0.004813300000023446
CSM_N35,literature,3,THP_top2_LCMcompletion,modified,THP,412.0,ok,412.0,476.0,15.533980582524272,64.0,0.0,0.0,100.0,True,True,0.0024997000000439584
CSM_N35,literature,3,VAM_top2_first_only,modified,VAM,412.0,ok,476.0,476.0,15.533980582524272,0.0,64.0,15.533980582524272,86.5546218487395,False,True,0.0013729000002058456
CSM_N35,literature,3,THP_top2_first_only,modified,THP,412.0,ok,476.0,476.0,15.533980582524272,0.0,64.0,15.533980582524272,86.5546218487395,False,True,0.0016928999993979232
CSM_N35,literature,3,VAM_tieA_top2_rollout,modified,VAM,412.0,ok,412.0,476.0,15.533980582524272,64.0,0.0,0.0,100.0,True,True,0.004064500000822591
CSM_N35,literature,3,MRM_orientation_ensemble,modified,MRM,412.0,ok,412.0,476.0,15.533980582524272,64.0,0.0,0.0,100.0,True,True,0.0010093000000779284
CSM_N35,literature,3,LCM_score_alpha025,modified,LCM,412.0,ok,614.0,516.0,25.24271844660194,-98.0,202.0,49.029126213592235,67.10097719869707,False,True,0.0007380000006378395
CSM_N35,literature,3,LCM_score_alpha050,modified,LCM,412.0,ok,516.0,516.0,25.24271844660194,0.0,104.0,25.24271844660194,79.84496124031008,False,True,0.0007272000002558343
CSM_N35,literature,3,LCM_score_alpha075,modified,LCM,412.0,ok,516.0,516.0,25.24271844660194,0.0,104.0,25.24271844660194,79.84496124031008,False,True,0.0007167000003391877
CSM_Real1,author_real,2,LCM_tie_allocation,modified,LCM,12928429.0,ok,13053652.0,13050518.0,0.9443452100792756,-3134.0,125223.0,0.9685863611116247,99.04070523712444,False,True,0.009606600000552135
CSM_Real1,author_real,2,VAM_tie_cost,modified,VAM,12928429.0,ok,12928429.0,12928429.0,0.0,0.0,0.0,0.0,100.0,True,True,0.05474770000000717
CSM_Real1,author_real,2,VAM_tie_allocation,modified,VAM,12928429.0,ok,12928429.0,12928429.0,0.0,0.0,0.0,0.0,100.0,True,True,0.0547366000009788
CSM_Real1,author_real,2,VAM_penalty_sqrtA,modified,VAM,12928429.0,ok,12942225.0,12928429.0,0.0,-13796.0,13796.0,0.10671056785012317,99.89340318221944,False,True,0.05192630000055942
CSM_Real1,author_real,2,VAM_penalty_A,modified,VAM,12928429.0,ok,12942225.0,12928429.0,0.0,-13796.0,13796.0,0.10671056785012317,99.89340318221944,False,True,0.05638809999982186
CSM_Real1,author_real,2,TDSM_theta1_5,modified,TDSM,12928429.0,ok,12970067.0,12945769.0,0.13412302453762945,-24298.0,41638.0,0.3220654265108313,99.67896850494296,False,True,0.013514599999325583
CSM_Real1,author_real,2,LCM_top2_product,modified,LCM,12928429.0,ok,13050054.0,13050518.0,0.9443452100792756,464.0,121625.0,0.9407562202646587,99.06801151933931,False,True,0.010572499999398133
CSM_Real1,author_real,2,LCM_top2_LB,modified,LCM,12928429.0,ok,13042294.0,13050518.0,0.9443452100792756,8224.0,113865.0,0.8807334595719248,99.12695573340089,False,True,0.01979109999956563
CSM_Real1,author_real,2,VAM_top2_LB,modified,VAM,12928429.0,ok,12928429.0,12928429.0,0.0,0.0,0.0,0.0,100.0,True,True,0.07170709999991232
CSM_Real1,author_real,2,THP_top2_LB,modified,THP,12928429.0,ok,13064136.0,13326038.0,3.0754626103450002,261902.0,135707.0,1.04967896718155,98.96122483721847,False,True,0.0764009000013175
CSM_Real1,author_real,2,LCM_top2_rollout,modified,LCM,12928429.0,ok,13040056.0,13050518.0,0.9443452100792756,10462.0,111627.0,0.8634227716298709,99.1439684001357,False,True,0.5580497000009927
CSM_Real1,author_real,2,LCM_top3_rollout,modified,LCM,12928429.0,ok,12996440.0,13050518.0,0.9443452100792756,54078.0,68011.0,0.526057729055866,99.47669515651978,False,True,0.7491597000007459
CSM_Real1,author_real,2,VAM_top2_rollout,modified,VAM,12928429.0,ok,12928429.0,12928429.0,0.0,0.0,0.0,0.0,100.0,True,True,4.031261699999959
CSM_Real1,author_real,2,VAM_top3_rollout,modified,VAM,12928429.0,ok,12928429.0,12928429.0,0.0,0.0,0.0,0.0,100.0,True,True,5.3075007000006735
CSM_Real1,author_real,2,THP_top2_rollout,modified,THP,12928429.0,ok,13002788.0,13326038.0,3.0754626103450002,323250.0,74359.0,0.5751588224679116,99.42813033635555,False,True,3.5522949999995035
CSM_Real1,author_real,2,THP_top3_rollout,modified,THP,12928429.0,ok,13002788.0,13326038.0,3.0754626103450002,323250.0,74359.0,0.5751588224679116,99.42813033635555,False,True,4.361858799999027
CSM_Real1,author_real,2,THP_top2_LCMcompletion,modified,THP,12928429.0,ok,13016739.0,13326038.0,3.0754626103450002,309299.0,88310.0,0.6830682985535211,99.32156586991566,False,True,0.4999033000003692
CSM_Real1,author_real,2,VAM_top2_first_only,modified,VAM,12928429.0,ok,12928429.0,12928429.0,0.0,0.0,0.0,0.0,100.0,True,True,0.08668930000021646
CSM_Real1,author_real,2,THP_top2_first_only,modified,THP,12928429.0,ok,13326038.0,13326038.0,3.0754626103450002,0.0,397609.0,3.0754626103450002,97.01629996852778,False,True,0.08786009999857924
CSM_Real1,author_real,2,VAM_tieA_top2_rollout,modified,VAM,12928429.0,ok,12928429.0,12928429.0,0.0,0.0,0.0,0.0,100.0,True,True,2.5709566000004997
CSM_Real1,author_real,2,MRM_orientation_ensemble,modified,MRM,12928429.0,ok,12928429.0,13013818.0,0.6604746794834856,85389.0,0.0,0.0,100.0,True,True,0.019930099999328377
CSM_Real1,author_real,2,LCM_score_alpha025,modified,LCM,12928429.0,ok,13050518.0,13050518.0,0.9443452100792756,0.0,122089.0,0.9443452100792756,99.06448924096347,False,True,0.01326610000069195
CSM_Real1,author_real,2,LCM_score_alpha050,modified,LCM,12928429.0,ok,13053652.0,13050518.0,0.9443452100792756,-3134.0,125223.0,0.9685863611116247,99.04070523712444,False,True,0.01191829999879701
CSM_Real1,author_real,2,LCM_score_alpha075,modified,LCM,12928429.0,ok,13053652.0,13050518.0,0.9443452100792756,-3134.0,125223.0,0.9685863611116247,99.04070523712444,False,True,0.013511600000128965
CSM_Real2,author_real,2,LCM_tie_allocation,modified,LCM,13657053.0,ok,13809464.0,13809464.0,1.1159874681602246,0.0,152411.0,1.1159874681602246,98.89632935789543,False,True,0.01137160000143922
CSM_Real2,author_real,2,VAM_tie_cost,modified,VAM,13657053.0,ok,13657053.0,13657053.0,0.0,0.0,0.0,0.0,100.0,True,True,0.05929900000046473
CSM_Real2,author_real,2,VAM_tie_allocation,modified,VAM,13657053.0,ok,13657053.0,13657053.0,0.0,0.0,0.0,0.0,100.0,True,True,0.06139020000046003
CSM_Real2,author_real,2,VAM_penalty_sqrtA,modified,VAM,13657053.0,ok,13665650.0,13657053.0,0.0,-8597.0,8597.0,0.06294915894373405,99.93709044209386,False,True,0.05722099999911734
CSM_Real2,author_real,2,VAM_penalty_A,modified,VAM,13657053.0,ok,13694143.0,13657053.0,0.0,-37090.0,37090.0,0.27158128477644483,99.7291542815056,False,True,0.0562461000008625
CSM_Real2,author_real,2,TDSM_theta1_5,modified,TDSM,13657053.0,ok,13711237.0,13679211.0,0.16224583737062453,-32026.0,54184.0,0.39674738027303547,99.60482048410366,False,True,0.014113299999735318
CSM_Real2,author_real,2,LCM_top2_product,modified,LCM,13657053.0,ok,14021963.0,13809464.0,1.1159874681602246,-212499.0,364910.0,2.6719527265508893,97.39758263518453,False,True,0.010046600000350736
CSM_Real2,author_real,2,LCM_top2_LB,modified,LCM,13657053.0,ok,13807452.0,13809464.0,1.1159874681602246,2012.0,150399.0,1.1012551536557704,98.91074037411103,False,True,0.0217002000008506
CSM_Real2,author_real,2,VAM_top2_LB,modified,VAM,13657053.0,ok,13657053.0,13657053.0,0.0,0.0,0.0,0.0,100.0,True,True,0.07620420000057493
CSM_Real2,author_real,2,THP_top2_LB,modified,THP,13657053.0,ok,13825973.0,14099173.0,3.2373016345473653,273200.0,168920.0,1.2368700626701823,98.77824150242446,False,True,0.07418740000139223
CSM_Real2,author_real,2,LCM_top2_rollout,modified,LCM,13657053.0,ok,13805600.0,13809464.0,1.1159874681602246,3864.0,148547.0,1.0876943949767202,98.92400909775743,False,True,0.5599836999990657
CSM_Real2,author_real,2,LCM_top3_rollout,modified,LCM,13657053.0,ok,13781998.0,13809464.0,1.1159874681602246,27466.0,124945.0,0.9148752662818253,99.09341882069639,False,True,0.7231124000009004
CSM_Real2,author_real,2,VAM_top2_rollout,modified,VAM,13657053.0,ok,13657053.0,13657053.0,0.0,0.0,0.0,0.0,100.0,True,True,2.88620980000087
CSM_Real2,author_real,2,VAM_top3_rollout,modified,VAM,13657053.0,ok,13657053.0,13657053.0,0.0,0.0,0.0,0.0,100.0,True,True,4.8656441000002815
CSM_Real2,author_real,2,THP_top2_rollout,modified,THP,13657053.0,ok,13947596.0,14099173.0,3.2373016345473653,151577.0,290543.0,2.1274209011270586,97.9168954994108,False,True,2.838361399999485
CSM_Real2,author_real,2,THP_top3_rollout,modified,THP,13657053.0,ok,13695639.0,14099173.0,3.2373016345473653,403534.0,38586.0,0.2825353317439714,99.71826068137456,False,True,4.232486599999902
CSM_Real2,author_real,2,THP_top2_LCMcompletion,modified,THP,13657053.0,ok,13800442.0,14099173.0,3.2373016345473653,298731.0,143389.0,1.0499263640552614,98.96098255403703,False,True,0.561657500000365
CSM_Real2,author_real,2,VAM_top2_first_only,modified,VAM,13657053.0,ok,13657053.0,13657053.0,0.0,0.0,0.0,0.0,100.0,True,True,0.09217639999951643
CSM_Real2,author_real,2,THP_top2_first_only,modified,THP,13657053.0,ok,14099173.0,14099173.0,3.2373016345473653,0.0,442120.0,3.2373016345473653,96.86421324144331,False,True,0.09511000000020431
CSM_Real2,author_real,2,VAM_tieA_top2_rollout,modified,VAM,13657053.0,ok,13657053.0,13657053.0,0.0,0.0,0.0,0.0,100.0,True,True,4.010777999999846
CSM_Real2,author_real,2,MRM_orientation_ensemble,modified,MRM,13657053.0,ok,13657053.0,13741695.0,0.6197676760864881,84642.0,0.0,0.0,100.0,True,True,0.0349473999995098
CSM_Real2,author_real,2,LCM_score_alpha025,modified,LCM,13657053.0,ok,13809089.0,13809464.0,1.1159874681602246,375.0,152036.0,1.1132416341944342,98.89901498933058,False,True,0.021510000000489526
CSM_Real2,author_real,2,LCM_score_alpha050,modified,LCM,13657053.0,ok,13808928.0,13809464.0,1.1159874681602246,536.0,151875.0,1.1120627561451215,98.90016806518217,False,True,0.022463699999207165
CSM_Real2,author_real,2,LCM_score_alpha075,modified,LCM,13657053.0,ok,13809464.0,13809464.0,1.1159874681602246,0.0,152411.0,1.1159874681602246,98.89632935789543,False,True,0.023283300000912277
CSM_Real3,author_real,2,LCM_tie_allocation,modified,LCM,12296587.0,ok,12352965.0,12352965.0,0.45848494383034905,0.0,56378.0,0.45848494383034905,99.54360754685212,False,True,0.014967999999498716
CSM_Real3,author_real,2,VAM_tie_cost,modified,VAM,12296587.0,ok,12296587.0,12296587.0,0.0,0.0,0.0,0.0,100.0,True,True,0.07588059999943653
CSM_Real3,author_real,2,VAM_tie_allocation,modified,VAM,12296587.0,ok,12296587.0,12296587.0,0.0,0.0,0.0,0.0,100.0,True,True,0.07657060000019555
CSM_Real3,author_real,2,VAM_penalty_sqrtA,modified,VAM,12296587.0,ok,12298501.0,12296587.0,0.0,-1914.0,1914.0,0.015565294662657207,99.98443712774427,False,True,0.0800677999995969
CSM_Real3,author_real,2,VAM_penalty_A,modified,VAM,12296587.0,ok,12307106.0,12296587.0,0.0,-10519.0,10519.0,0.08554406194174043,99.91452905337778,False,True,0.08046620000095572
CSM_Real3,author_real,2,TDSM_theta1_5,modified,TDSM,12296587.0,ok,12310082.0,12303866.0,0.0591952872776812,-6216.0,13495.0,0.10974589941095036,99.89037441017858,False,True,0.019091599999228492
CSM_Real3,author_real,2,LCM_top2_product,modified,LCM,12296587.0,ok,12402635.0,12352965.0,0.45848494383034905,-49670.0,106048.0,0.8624181653006643,99.14495589042167,False,True,0.01263449999896693
CSM_Real3,author_real,2,LCM_top2_LB,modified,LCM,12296587.0,ok,12403065.0,12352965.0,0.45848494383034905,-50100.0,106478.0,0.8659150705801537,99.14151864881785,False,True,0.028276999999434338
CSM_Real3,author_real,2,VAM_top2_LB,modified,VAM,12296587.0,ok,12305787.0,12296587.0,0.0,-9200.0,9200.0,0.07481750830535334,99.92523842644115,False,True,0.09670219999861729
CSM_Real3,author_real,2,THP_top2_LB,modified,THP,12296587.0,ok,12376490.0,12559978.0,2.14198460109297,183488.0,79903.0,0.6497981919698531,99.3543969251379,False,True,0.09024180000051274
CSM_Real3,author_real,2,LCM_top2_rollout,modified,LCM,12296587.0,ok,12349788.0,12352965.0,0.45848494383034905,3177.0,53201.0,0.4326485064514243,99.56921527721771,False,True,0.6844578999989608
CSM_Real3,author_real,2,LCM_top3_rollout,modified,LCM,12296587.0,ok,12323865.0,12352965.0,0.45848494383034905,29100.0,27278.0,0.22183391212537268,99.7786571014856,False,True,0.9329161000005115
CSM_Real3,author_real,2,VAM_top2_rollout,modified,VAM,12296587.0,ok,12296587.0,12296587.0,0.0,0.0,0.0,0.0,100.0,True,True,3.50595500000054
CSM_Real3,author_real,2,VAM_top3_rollout,modified,VAM,12296587.0,ok,12296587.0,12296587.0,0.0,0.0,0.0,0.0,100.0,True,True,4.323869600000762
CSM_Real3,author_real,2,THP_top2_rollout,modified,THP,12296587.0,ok,12319381.0,12559978.0,2.14198460109297,240597.0,22794.0,0.1853685091643722,99.81497446990234,False,True,3.124264800000674
CSM_Real3,author_real,2,THP_top3_rollout,modified,THP,12296587.0,ok,12316895.0,12559978.0,2.14198460109297,243083.0,20308.0,0.16515151724620825,99.83512078328182,False,True,4.642538899999636
CSM_Real3,author_real,2,THP_top2_LCMcompletion,modified,THP,12296587.0,ok,12353526.0,12559978.0,2.14198460109297,206452.0,56939.0,0.4630471853694037,99.53908705903076,False,True,0.5406930999997712
CSM_Real3,author_real,2,VAM_top2_first_only,modified,VAM,12296587.0,ok,12296587.0,12296587.0,0.0,0.0,0.0,0.0,100.0,True,True,0.08553050000045914
CSM_Real3,author_real,2,THP_top2_first_only,modified,THP,12296587.0,ok,12556373.0,12559978.0,2.14198460109297,3605.0,259786.0,2.1126675231102743,97.93104266654073,False,True,0.06891949999953795
CSM_Real3,author_real,2,VAM_tieA_top2_rollout,modified,VAM,12296587.0,ok,12296587.0,12296587.0,0.0,0.0,0.0,0.0,100.0,True,True,2.242114099999526
CSM_Real3,author_real,2,MRM_orientation_ensemble,modified,MRM,12296587.0,ok,12296587.0,12403008.0,0.8654515273221749,106421.0,0.0,0.0,100.0,True,True,0.025492400000075577
CSM_Real3,author_real,2,LCM_score_alpha025,modified,LCM,12296587.0,ok,12352965.0,12352965.0,0.45848494383034905,0.0,56378.0,0.45848494383034905,99.54360754685212,False,True,0.013523399999030516
CSM_Real3,author_real,2,LCM_score_alpha050,modified,LCM,12296587.0,ok,12352546.0,12352965.0,0.45848494383034905,419.0,55959.0,0.45507749426731176,99.54698407923354,False,True,0.012043900000207941
CSM_Real3,author_real,2,LCM_score_alpha075,modified,LCM,12296587.0,ok,12352965.0,12352965.0,0.45848494383034905,0.0,56378.0,0.45848494383034905,99.54360754685212,False,True,0.017803499998990446
CSM_Real4,author_real,2,LCM_tie_allocation,modified,LCM,14117586.0,ok,14274203.0,14274203.0,1.1093752147144702,0.0,156617.0,1.1093752147144702,98.90279688470173,False,True,0.012989500000912813
CSM_Real4,author_real,2,VAM_tie_cost,modified,VAM,14117586.0,ok,14117586.0,14117586.0,0.0,0.0,0.0,0.0,100.0,True,True,0.0534391000001051
CSM_Real4,author_real,2,VAM_tie_allocation,modified,VAM,14117586.0,ok,14117586.0,14117586.0,0.0,0.0,0.0,0.0,100.0,True,True,0.05885180000041146
CSM_Real4,author_real,2,VAM_penalty_sqrtA,modified,VAM,14117586.0,ok,14129416.0,14117586.0,0.0,-11830.0,11830.0,0.08379619575187996,99.91627396348157,False,True,0.04245389999960025
CSM_Real4,author_real,2,VAM_penalty_A,modified,VAM,14117586.0,ok,14137558.0,14117586.0,0.0,-19972.0,19972.0,0.14146894518652126,99.85873090670962,False,True,0.03527759999997215
CSM_Real4,author_real,2,TDSM_theta1_5,modified,TDSM,14117586.0,ok,14183132.0,14150562.0,0.23358101023786929,-32570.0,65546.0,0.4642861747043723,99.53785947983845,False,True,0.015145299999858253
CSM_Real4,author_real,2,LCM_top2_product,modified,LCM,14117586.0,ok,14513514.0,14274203.0,1.1093752147144702,-239311.0,395928.0,2.80450212947171,97.27200456071493,False,True,0.008114299998851493
CSM_Real4,author_real,2,LCM_top2_LB,modified,LCM,14117586.0,ok,14267981.0,14274203.0,1.1093752147144702,6222.0,150395.0,1.0653025241000833,98.94592654700058,False,True,0.014982600001530955
CSM_Real4,author_real,2,VAM_top2_LB,modified,VAM,14117586.0,ok,14117586.0,14117586.0,0.0,0.0,0.0,0.0,100.0,True,True,0.044214699999429286
CSM_Real4,author_real,2,THP_top2_LB,modified,THP,14117586.0,ok,14291865.0,14644524.0,3.732493643035006,352659.0,174279.0,1.234481589132873,98.78057202471476,False,True,0.06327670000064245
CSM_Real4,author_real,2,LCM_top2_rollout,modified,LCM,14117586.0,ok,14270972.0,14274203.0,1.1093752147144702,3231.0,153386.0,1.086488865731011,98.92518883787314,False,True,0.5414316000005783
CSM_Real4,author_real,2,LCM_top3_rollout,modified,LCM,14117586.0,ok,14244274.0,14274203.0,1.1093752147144702,29929.0,126688.0,0.897377214489786,99.11060402236015,False,True,0.6041943000000174
CSM_Real4,author_real,2,VAM_top2_rollout,modified,VAM,14117586.0,ok,14117586.0,14117586.0,0.0,0.0,0.0,0.0,100.0,True,True,1.5572774000011123
CSM_Real4,author_real,2,VAM_top3_rollout,modified,VAM,14117586.0,ok,14117586.0,14117586.0,0.0,0.0,0.0,0.0,100.0,True,True,2.3727218999993056
CSM_Real4,author_real,2,THP_top2_rollout,modified,THP,14117586.0,ok,14457246.0,14644524.0,3.732493643035006,187278.0,339660.0,2.4059354056706295,97.65058988413146,False,True,2.9736510000002454
CSM_Real4,author_real,2,THP_top3_rollout,modified,THP,14117586.0,ok,14454465.0,14644524.0,3.732493643035006,190059.0,336879.0,2.386236570473167,97.66937759370548,False,True,3.894001800001206
CSM_Real4,author_real,2,THP_top2_LCMcompletion,modified,THP,14117586.0,ok,14281206.0,14644524.0,3.732493643035006,363318.0,163620.0,1.1589800125885545,98.85429843950153,False,True,0.3957386000001861
CSM_Real4,author_real,2,VAM_top2_first_only,modified,VAM,14117586.0,ok,14117586.0,14117586.0,0.0,0.0,0.0,0.0,100.0,True,True,0.05117930000051274
CSM_Real4,author_real,2,THP_top2_first_only,modified,THP,14117586.0,ok,14606112.0,14644524.0,3.732493643035006,38412.0,488526.0,3.4604074662622915,96.65533168580386,False,True,0.056652799999938
CSM_Real4,author_real,2,VAM_tieA_top2_rollout,modified,VAM,14117586.0,ok,14117586.0,14117586.0,0.0,0.0,0.0,0.0,100.0,True,True,2.644628300000477
CSM_Real4,author_real,2,MRM_orientation_ensemble,modified,MRM,14117586.0,ok,14117586.0,14194146.0,0.5423023454576441,76560.0,0.0,0.0,100.0,True,True,0.018357799999648705
CSM_Real4,author_real,2,LCM_score_alpha025,modified,LCM,14117586.0,ok,14273828.0,14274203.0,1.1093752147144702,375.0,156242.0,1.1067189532261394,98.9053952450597,False,True,0.008698400000866968
CSM_Real4,author_real,2,LCM_score_alpha050,modified,LCM,14117586.0,ok,14273593.0,14274203.0,1.1093752147144702,610.0,156007.0,1.105054362693452,98.90702362047173,False,True,0.010257899999487563
CSM_Real4,author_real,2,LCM_score_alpha075,modified,LCM,14117586.0,ok,14274203.0,14274203.0,1.1093752147144702,0.0,156617.0,1.1093752147144702,98.90279688470173,False,True,0.010922600000412785
CSM_Real5,author_real,2,LCM_tie_allocation,modified,LCM,14017419.0,ok,14177901.0,14177901.0,1.144875529510818,0.0,160482.0,1.144875529510818,98.86808350544979,False,True,0.011438499999712803
CSM_Real5,author_real,2,VAM_tie_cost,modified,VAM,14017419.0,ok,14017419.0,14017419.0,0.0,0.0,0.0,0.0,100.0,True,True,0.03203219999886642
CSM_Real5,author_real,2,VAM_tie_allocation,modified,VAM,14017419.0,ok,14017419.0,14017419.0,0.0,0.0,0.0,0.0,100.0,True,True,0.03378569999949832
CSM_Real5,author_real,2,VAM_penalty_sqrtA,modified,VAM,14017419.0,ok,14034171.0,14017419.0,0.0,-16752.0,16752.0,0.11950844873795953,99.88063420347379,False,True,0.031019599999126513
CSM_Real5,author_real,2,VAM_penalty_A,modified,VAM,14017419.0,ok,14034171.0,14017419.0,0.0,-16752.0,16752.0,0.11950844873795953,99.88063420347379,False,True,0.03373950000059267
CSM_Real5,author_real,2,TDSM_theta1_5,modified,TDSM,14017419.0,ok,14097891.0,14061344.0,0.31336011287099286,-36547.0,80472.0,0.5740857143529775,99.42919121732463,False,True,0.007603600000948063
CSM_Real5,author_real,2,LCM_top2_product,modified,LCM,14017419.0,ok,14341901.0,14177901.0,1.144875529510818,-164000.0,324482.0,2.3148484039750827,97.73752447461463,False,True,0.006854899998870678
CSM_Real5,author_real,2,LCM_top2_LB,modified,LCM,14017419.0,ok,14177183.0,14177901.0,1.144875529510818,718.0,159764.0,1.1397533311945658,98.8730906555978,False,True,0.011928600000828737
CSM_Real5,author_real,2,VAM_top2_LB,modified,VAM,14017419.0,ok,14017419.0,14017419.0,0.0,0.0,0.0,0.0,100.0,True,True,0.039136299999881885
CSM_Real5,author_real,2,THP_top2_LB,modified,THP,14017419.0,ok,14343245.0,14419861.0,2.8710135582021197,76616.0,325826.0,2.3244364743609363,97.72836621001733,False,True,0.05396839999957592
CSM_Real5,author_real,2,LCM_top2_rollout,modified,LCM,14017419.0,ok,14175538.0,14177901.0,1.144875529510818,2363.0,158119.0,1.128017932545214,98.88456438126016,False,True,0.5385510999985854
CSM_Real5,author_real,2,LCM_top3_rollout,modified,LCM,14017419.0,ok,14155502.0,14177901.0,1.144875529510818,22399.0,138083.0,0.9850814903942017,99.02452770661189,False,True,0.8848421999991842
CSM_Real5,author_real,2,VAM_top2_rollout,modified,VAM,14017419.0,ok,14017419.0,14017419.0,0.0,0.0,0.0,0.0,100.0,True,True,3.178238999998939
CSM_Real5,author_real,2,VAM_top3_rollout,modified,VAM,14017419.0,ok,14017419.0,14017419.0,0.0,0.0,0.0,0.0,100.0,True,True,5.79443750000064
CSM_Real5,author_real,2,THP_top2_rollout,modified,THP,14017419.0,ok,14347403.0,14419861.0,2.8710135582021197,72458.0,329984.0,2.3540995671171703,97.70004369431875,False,True,3.0246817999995983
CSM_Real5,author_real,2,THP_top3_rollout,modified,THP,14017419.0,ok,14281791.0,14419861.0,2.8710135582021197,138070.0,264372.0,1.8860248095601622,98.14888762900955,False,True,3.389986799998951
CSM_Real5,author_real,2,THP_top2_LCMcompletion,modified,THP,14017419.0,ok,14191932.0,14419861.0,2.8710135582021197,227929.0,174513.0,1.2449724161059892,98.77033655460018,False,True,0.4865151000012702
CSM_Real5,author_real,2,VAM_top2_first_only,modified,VAM,14017419.0,ok,14017419.0,14017419.0,0.0,0.0,0.0,0.0,100.0,True,True,0.06446099999993748
CSM_Real5,author_real,2,THP_top2_first_only,modified,THP,14017419.0,ok,14380703.0,14419861.0,2.8710135582021197,39158.0,363284.0,2.591661132480951,97.47380917330676,False,True,0.05496290000155568
CSM_Real5,author_real,2,VAM_tieA_top2_rollout,modified,VAM,14017419.0,ok,14017419.0,14017419.0,0.0,0.0,0.0,0.0,100.0,True,True,2.1726565999997547
CSM_Real5,author_real,2,MRM_orientation_ensemble,modified,MRM,14017419.0,ok,14017419.0,14095538.0,0.5572994571967921,78119.0,0.0,0.0,100.0,True,True,0.023610999998709303
CSM_Real5,author_real,2,LCM_score_alpha025,modified,LCM,14017419.0,ok,14177526.0,14177901.0,1.144875529510818,375.0,160107.0,1.1422002866576222,98.87069859720236,False,True,0.009890500001347391
CSM_Real5,author_real,2,LCM_score_alpha050,modified,LCM,14017419.0,ok,14177901.0,14177901.0,1.144875529510818,0.0,160482.0,1.144875529510818,98.86808350544979,False,True,0.014832500000920845
CSM_Real5,author_real,2,LCM_score_alpha075,modified,LCM,14017419.0,ok,14177901.0,14177901.0,1.144875529510818,0.0,160482.0,1.144875529510818,98.86808350544979,False,True,0.01556199999868113
EDM_C01,literature,3,LCM_tie_allocation,modified,LCM,1650.0,ok,1885.0,1885.0,14.242424242424242,0.0,235.0,14.242424242424242,87.53315649867373,False,True,0.00025009999990288634
EDM_C01,literature,3,VAM_tie_cost,modified,VAM,1650.0,ok,1745.0,1745.0,5.757575757575758,0.0,95.0,5.757575757575758,94.55587392550143,False,True,0.0004414999984874157
EDM_C01,literature,3,VAM_tie_allocation,modified,VAM,1650.0,ok,1745.0,1745.0,5.757575757575758,0.0,95.0,5.757575757575758,94.55587392550143,False,True,0.0005114000014145859
EDM_C01,literature,3,VAM_penalty_sqrtA,modified,VAM,1650.0,ok,1745.0,1745.0,5.757575757575758,0.0,95.0,5.757575757575758,94.55587392550143,False,True,0.00045840000166208483
EDM_C01,literature,3,VAM_penalty_A,modified,VAM,1650.0,ok,1745.0,1745.0,5.757575757575758,0.0,95.0,5.757575757575758,94.55587392550143,False,True,0.0008099999995465623
EDM_C01,literature,3,TDSM_theta1_5,modified,TDSM,1650.0,ok,1650.0,1650.0,0.0,0.0,0.0,0.0,100.0,True,True,0.0015122000004339498
EDM_C01,literature,3,LCM_top2_product,modified,LCM,1650.0,ok,1885.0,1885.0,14.242424242424242,0.0,235.0,14.242424242424242,87.53315649867373,False,True,0.0009104000000661472
EDM_C01,literature,3,LCM_top2_LB,modified,LCM,1650.0,ok,1650.0,1885.0,14.242424242424242,235.0,0.0,0.0,100.0,True,True,0.0015170999995461898
EDM_C01,literature,3,VAM_top2_LB,modified,VAM,1650.0,ok,1770.0,1745.0,5.757575757575758,-25.0,120.0,7.2727272727272725,93.22033898305085,False,True,0.0009869000004982809
EDM_C01,literature,3,THP_top2_LB,modified,THP,1650.0,ok,1650.0,1695.0,2.727272727272727,45.0,0.0,0.0,100.0,True,True,0.0009879999997792765
EDM_C01,literature,3,LCM_top2_rollout,modified,LCM,1650.0,ok,1650.0,1885.0,14.242424242424242,235.0,0.0,0.0,100.0,True,True,0.001214399999298621
EDM_C01,literature,3,LCM_top3_rollout,modified,LCM,1650.0,ok,1650.0,1885.0,14.242424242424242,235.0,0.0,0.0,100.0,True,True,0.0011921000004804228
EDM_C01,literature,3,VAM_top2_rollout,modified,VAM,1650.0,ok,1650.0,1745.0,5.757575757575758,95.0,0.0,0.0,100.0,True,True,0.003143199999612989
EDM_C01,literature,3,VAM_top3_rollout,modified,VAM,1650.0,ok,1650.0,1745.0,5.757575757575758,95.0,0.0,0.0,100.0,True,True,0.0031245999998645857
EDM_C01,literature,3,THP_top2_rollout,modified,THP,1650.0,ok,1650.0,1695.0,2.727272727272727,45.0,0.0,0.0,100.0,True,True,0.0032155000008060597
EDM_C01,literature,3,THP_top3_rollout,modified,THP,1650.0,ok,1650.0,1695.0,2.727272727272727,45.0,0.0,0.0,100.0,True,True,0.003985800000009476
EDM_C01,literature,3,THP_top2_LCMcompletion,modified,THP,1650.0,ok,1650.0,1695.0,2.727272727272727,45.0,0.0,0.0,100.0,True,True,0.0011694999993778765
EDM_C01,literature,3,VAM_top2_first_only,modified,VAM,1650.0,ok,1650.0,1745.0,5.757575757575758,95.0,0.0,0.0,100.0,True,True,0.0006727999989379896
EDM_C01,literature,3,THP_top2_first_only,modified,THP,1650.0,ok,1695.0,1695.0,2.727272727272727,0.0,45.0,2.727272727272727,97.34513274336283,False,True,0.0007327000002987916
EDM_C01,literature,3,VAM_tieA_top2_rollout,modified,VAM,1650.0,ok,1650.0,1745.0,5.757575757575758,95.0,0.0,0.0,100.0,True,True,0.004540299998552655
EDM_C01,literature,3,MRM_orientation_ensemble,modified,MRM,1650.0,ok,1650.0,1695.0,2.727272727272727,45.0,0.0,0.0,100.0,True,True,0.0006905999998707557
EDM_C01,literature,3,LCM_score_alpha025,modified,LCM,1650.0,ok,1860.0,1885.0,14.242424242424242,25.0,210.0,12.727272727272727,88.70967741935483,False,True,0.0007182999997894512
EDM_C01,literature,3,LCM_score_alpha050,modified,LCM,1650.0,ok,1885.0,1885.0,14.242424242424242,0.0,235.0,14.242424242424242,87.53315649867373,False,True,0.00068959999953222
EDM_C01,literature,3,LCM_score_alpha075,modified,LCM,1650.0,ok,1885.0,1885.0,14.242424242424242,0.0,235.0,14.242424242424242,87.53315649867373,False,True,0.0005330000003596069
EDM_C04,literature,3,LCM_tie_allocation,modified,LCM,149.0,ok,150.0,150.0,0.6711409395973155,0.0,1.0,0.6711409395973155,99.33333333333333,False,True,0.00037290000000211876
EDM_C04,literature,3,VAM_tie_cost,modified,VAM,149.0,ok,149.0,149.0,0.0,0.0,0.0,0.0,100.0,True,True,0.0009825000015553087
EDM_C04,literature,3,VAM_tie_allocation,modified,VAM,149.0,ok,149.0,149.0,0.0,0.0,0.0,0.0,100.0,True,True,0.0012336999989202013
EDM_C04,literature,3,VAM_penalty_sqrtA,modified,VAM,149.0,ok,150.0,149.0,0.0,-1.0,1.0,0.6711409395973155,99.33333333333333,False,True,0.0012538000009953976
EDM_C04,literature,3,VAM_penalty_A,modified,VAM,149.0,ok,150.0,149.0,0.0,-1.0,1.0,0.6711409395973155,99.33333333333333,False,True,0.0012809999989258358
EDM_C04,literature,3,TDSM_theta1_5,modified,TDSM,149.0,ok,149.0,149.0,0.0,0.0,0.0,0.0,100.0,True,True,0.0009343000001535984
EDM_C04,literature,3,LCM_top2_product,modified,LCM,149.0,ok,149.0,150.0,0.6711409395973155,1.0,0.0,0.0,100.0,True,True,0.0006128000004537171
EDM_C04,literature,3,LCM_top2_LB,modified,LCM,149.0,ok,150.0,150.0,0.6711409395973155,0.0,1.0,0.6711409395973155,99.33333333333333,False,True,0.001380300000164425
EDM_C04,literature,3,VAM_top2_LB,modified,VAM,149.0,ok,150.0,149.0,0.0,-1.0,1.0,0.6711409395973155,99.33333333333333,False,True,0.0018865999991248827
EDM_C04,literature,3,THP_top2_LB,modified,THP,149.0,ok,149.0,149.0,0.0,0.0,0.0,0.0,100.0,True,True,0.0020280999997339677
EDM_C04,literature,3,LCM_top2_rollout,modified,LCM,149.0,ok,149.0,150.0,0.6711409395973155,1.0,0.0,0.0,100.0,True,True,0.002375199999733013
EDM_C04,literature,3,LCM_top3_rollout,modified,LCM,149.0,ok,149.0,150.0,0.6711409395973155,1.0,0.0,0.0,100.0,True,True,0.001766400000633439
EDM_C04,literature,3,VAM_top2_rollout,modified,VAM,149.0,ok,149.0,149.0,0.0,0.0,0.0,0.0,100.0,True,True,0.0035209999987273477
EDM_C04,literature,3,VAM_top3_rollout,modified,VAM,149.0,ok,149.0,149.0,0.0,0.0,0.0,0.0,100.0,True,True,0.0067686000002140645
EDM_C04,literature,3,THP_top2_rollout,modified,THP,149.0,ok,149.0,149.0,0.0,0.0,0.0,0.0,100.0,True,True,0.00440580000031332
EDM_C04,literature,3,THP_top3_rollout,modified,THP,149.0,ok,149.0,149.0,0.0,0.0,0.0,0.0,100.0,True,True,0.0027568000004976057
EDM_C04,literature,3,THP_top2_LCMcompletion,modified,THP,149.0,ok,149.0,149.0,0.0,0.0,0.0,0.0,100.0,True,True,0.002991499999552616
EDM_C04,literature,3,VAM_top2_first_only,modified,VAM,149.0,ok,149.0,149.0,0.0,0.0,0.0,0.0,100.0,True,True,0.0017535999995743623
EDM_C04,literature,3,THP_top2_first_only,modified,THP,149.0,ok,149.0,149.0,0.0,0.0,0.0,0.0,100.0,True,True,0.00141770000118413
EDM_C04,literature,3,VAM_tieA_top2_rollout,modified,VAM,149.0,ok,149.0,149.0,0.0,0.0,0.0,0.0,100.0,True,True,0.0030762999995204154
EDM_C04,literature,3,MRM_orientation_ensemble,modified,MRM,149.0,ok,149.0,149.0,0.0,0.0,0.0,0.0,100.0,True,True,0.0012654000001930399
EDM_C04,literature,3,LCM_score_alpha025,modified,LCM,149.0,ok,150.0,150.0,0.6711409395973155,0.0,1.0,0.6711409395973155,99.33333333333333,False,True,0.001269000000320375
EDM_C04,literature,3,LCM_score_alpha050,modified,LCM,149.0,ok,150.0,150.0,0.6711409395973155,0.0,1.0,0.6711409395973155,99.33333333333333,False,True,0.0012110000006941846
EDM_C04,literature,3,LCM_score_alpha075,modified,LCM,149.0,ok,150.0,150.0,0.6711409395973155,0.0,1.0,0.6711409395973155,99.33333333333333,False,True,0.0011379000006854767
EDM_C07,literature,3,LCM_tie_allocation,modified,LCM,799.0,ok,894.0,894.0,11.889862327909887,0.0,95.0,11.889862327909887,89.37360178970917,False,True,0.0009764999995240942
EDM_C07,literature,3,VAM_tie_cost,modified,VAM,799.0,ok,859.0,859.0,7.509386733416771,0.0,60.0,7.509386733416771,93.0151338766007,False,True,0.001392899999700603
EDM_C07,literature,3,VAM_tie_allocation,modified,VAM,799.0,ok,859.0,859.0,7.509386733416771,0.0,60.0,7.509386733416771,93.0151338766007,False,True,0.0012070999982825015
EDM_C07,literature,3,VAM_penalty_sqrtA,modified,VAM,799.0,ok,859.0,859.0,7.509386733416771,0.0,60.0,7.509386733416771,93.0151338766007,False,True,0.0011810999985755188
EDM_C07,literature,3,VAM_penalty_A,modified,VAM,799.0,ok,859.0,859.0,7.509386733416771,0.0,60.0,7.509386733416771,93.0151338766007,False,True,0.0012189999997644918
EDM_C07,literature,3,TDSM_theta1_5,modified,TDSM,799.0,ok,859.0,868.0,8.635794743429287,9.0,60.0,7.509386733416771,93.0151338766007,False,True,0.0009878000000753673
EDM_C07,literature,3,LCM_top2_product,modified,LCM,799.0,ok,894.0,894.0,11.889862327909887,0.0,95.0,11.889862327909887,89.37360178970917,False,True,0.0006640999999945052
EDM_C07,literature,3,LCM_top2_LB,modified,LCM,799.0,ok,859.0,894.0,11.889862327909887,35.0,60.0,7.509386733416771,93.0151338766007,False,True,0.0011087000002589775
EDM_C07,literature,3,VAM_top2_LB,modified,VAM,799.0,ok,799.0,859.0,7.509386733416771,60.0,0.0,0.0,100.0,True,True,0.0026509999988775235
EDM_C07,literature,3,THP_top2_LB,modified,THP,799.0,ok,799.0,894.0,11.889862327909887,95.0,0.0,0.0,100.0,True,True,0.0020542000002023997
EDM_C07,literature,3,LCM_top2_rollout,modified,LCM,799.0,ok,859.0,894.0,11.889862327909887,35.0,60.0,7.509386733416771,93.0151338766007,False,True,0.00211450000097102
EDM_C07,literature,3,LCM_top3_rollout,modified,LCM,799.0,ok,855.0,894.0,11.889862327909887,39.0,56.0,7.008760951188986,93.45029239766082,False,True,0.0028664999990724027
EDM_C07,literature,3,VAM_top2_rollout,modified,VAM,799.0,ok,799.0,859.0,7.509386733416771,60.0,0.0,0.0,100.0,True,True,0.0044577999997272855
EDM_C07,literature,3,VAM_top3_rollout,modified,VAM,799.0,ok,799.0,859.0,7.509386733416771,60.0,0.0,0.0,100.0,True,True,0.007204800000181422
EDM_C07,literature,3,THP_top2_rollout,modified,THP,799.0,ok,799.0,894.0,11.889862327909887,95.0,0.0,0.0,100.0,True,True,0.002304999999978463
EDM_C07,literature,3,THP_top3_rollout,modified,THP,799.0,ok,799.0,894.0,11.889862327909887,95.0,0.0,0.0,100.0,True,True,0.0045196999999461696
EDM_C07,literature,3,THP_top2_LCMcompletion,modified,THP,799.0,ok,799.0,894.0,11.889862327909887,95.0,0.0,0.0,100.0,True,True,0.0030846999998175306
EDM_C07,literature,3,VAM_top2_first_only,modified,VAM,799.0,ok,859.0,859.0,7.509386733416771,0.0,60.0,7.509386733416771,93.0151338766007,False,True,0.001006700000289129
EDM_C07,literature,3,THP_top2_first_only,modified,THP,799.0,ok,859.0,894.0,11.889862327909887,35.0,60.0,7.509386733416771,93.0151338766007,False,True,0.0010050000000774162
EDM_C07,literature,3,VAM_tieA_top2_rollout,modified,VAM,799.0,ok,799.0,859.0,7.509386733416771,60.0,0.0,0.0,100.0,True,True,0.004816399999981513
EDM_C07,literature,3,MRM_orientation_ensemble,modified,MRM,799.0,ok,799.0,799.0,0.0,0.0,0.0,0.0,100.0,True,True,0.0009155000007012859
EDM_C07,literature,3,LCM_score_alpha025,modified,LCM,799.0,ok,868.0,894.0,11.889862327909887,26.0,69.0,8.635794743429287,92.05069124423963,False,True,0.0004939999998896383
EDM_C07,literature,3,LCM_score_alpha050,modified,LCM,799.0,ok,894.0,894.0,11.889862327909887,0.0,95.0,11.889862327909887,89.37360178970917,False,True,0.00041960000089602545
EDM_C07,literature,3,LCM_score_alpha075,modified,LCM,799.0,ok,894.0,894.0,11.889862327909887,0.0,95.0,11.889862327909887,89.37360178970917,False,True,0.0005008999996789498
EDM_C08,literature,3,LCM_tie_allocation,modified,LCM,820.0,ok,855.0,855.0,4.2682926829268295,0.0,35.0,4.2682926829268295,95.90643274853801,False,True,0.0005670999998983461
EDM_C08,literature,3,VAM_tie_cost,modified,VAM,820.0,ok,820.0,820.0,0.0,0.0,0.0,0.0,100.0,True,True,0.0008412999995925929
EDM_C08,literature,3,VAM_tie_allocation,modified,VAM,820.0,ok,820.0,820.0,0.0,0.0,0.0,0.0,100.0,True,True,0.0008249000002251705
EDM_C08,literature,3,VAM_penalty_sqrtA,modified,VAM,820.0,ok,820.0,820.0,0.0,0.0,0.0,0.0,100.0,True,True,0.0007966999983182177
EDM_C08,literature,3,VAM_penalty_A,modified,VAM,820.0,ok,820.0,820.0,0.0,0.0,0.0,0.0,100.0,True,True,0.000815199999124161
EDM_C08,literature,3,TDSM_theta1_5,modified,TDSM,820.0,ok,820.0,820.0,0.0,0.0,0.0,0.0,100.0,True,True,0.000758099999075057
EDM_C08,literature,3,LCM_top2_product,modified,LCM,820.0,ok,855.0,855.0,4.2682926829268295,0.0,35.0,4.2682926829268295,95.90643274853801,False,True,0.0005654000015056226
EDM_C08,literature,3,LCM_top2_LB,modified,LCM,820.0,ok,830.0,855.0,4.2682926829268295,25.0,10.0,1.2195121951219512,98.79518072289157,False,True,0.0013085999999020714
EDM_C08,literature,3,VAM_top2_LB,modified,VAM,820.0,ok,830.0,820.0,0.0,-10.0,10.0,1.2195121951219512,98.79518072289157,False,True,0.001646600001549814
EDM_C08,literature,3,THP_top2_LB,modified,THP,820.0,ok,820.0,855.0,4.2682926829268295,35.0,0.0,0.0,100.0,True,True,0.0014605999986088136
EDM_C08,literature,3,LCM_top2_rollout,modified,LCM,820.0,ok,830.0,855.0,4.2682926829268295,25.0,10.0,1.2195121951219512,98.79518072289157,False,True,0.0017757999994501006
EDM_C08,literature,3,LCM_top3_rollout,modified,LCM,820.0,ok,830.0,855.0,4.2682926829268295,25.0,10.0,1.2195121951219512,98.79518072289157,False,True,0.0024508999995305203
EDM_C08,literature,3,VAM_top2_rollout,modified,VAM,820.0,ok,820.0,820.0,0.0,0.0,0.0,0.0,100.0,True,True,0.002253299999210867
EDM_C08,literature,3,VAM_top3_rollout,modified,VAM,820.0,ok,820.0,820.0,0.0,0.0,0.0,0.0,100.0,True,True,0.003935000000637956
EDM_C08,literature,3,THP_top2_rollout,modified,THP,820.0,ok,820.0,855.0,4.2682926829268295,35.0,0.0,0.0,100.0,True,True,0.003314400000817841
EDM_C08,literature,3,THP_top3_rollout,modified,THP,820.0,ok,820.0,855.0,4.2682926829268295,35.0,0.0,0.0,100.0,True,True,0.003740099999049562
EDM_C08,literature,3,THP_top2_LCMcompletion,modified,THP,820.0,ok,820.0,855.0,4.2682926829268295,35.0,0.0,0.0,100.0,True,True,0.0019024000011995668
EDM_C08,literature,3,VAM_top2_first_only,modified,VAM,820.0,ok,820.0,820.0,0.0,0.0,0.0,0.0,100.0,True,True,0.00139129999843135
EDM_C08,literature,3,THP_top2_first_only,modified,THP,820.0,ok,830.0,855.0,4.2682926829268295,25.0,10.0,1.2195121951219512,98.79518072289157,False,True,0.0007562000009784242
EDM_C08,literature,3,VAM_tieA_top2_rollout,modified,VAM,820.0,ok,820.0,820.0,0.0,0.0,0.0,0.0,100.0,True,True,0.0022676999997202074
EDM_C08,literature,3,MRM_orientation_ensemble,modified,MRM,820.0,ok,820.0,820.0,0.0,0.0,0.0,0.0,100.0,True,True,0.0015995999983715592
EDM_C08,literature,3,LCM_score_alpha025,modified,LCM,820.0,ok,830.0,855.0,4.2682926829268295,25.0,10.0,1.2195121951219512,98.79518072289157,False,True,0.0012146999997639796
EDM_C08,literature,3,LCM_score_alpha050,modified,LCM,820.0,ok,830.0,855.0,4.2682926829268295,25.0,10.0,1.2195121951219512,98.79518072289157,False,True,0.0010486999999557156
EDM_C08,literature,3,LCM_score_alpha075,modified,LCM,820.0,ok,850.0,855.0,4.2682926829268295,5.0,30.0,3.658536585365854,96.47058823529412,False,True,0.0009523999997327337
EDM_C09,literature,3,LCM_tie_allocation,modified,LCM,291.0,ok,319.0,319.0,9.621993127147766,0.0,28.0,9.621993127147766,91.22257053291536,False,True,0.0005627999998978339
EDM_C09,literature,3,VAM_tie_cost,modified,VAM,291.0,ok,327.0,327.0,12.371134020618557,0.0,36.0,12.371134020618557,88.9908256880734,False,True,0.0007408000001305481
EDM_C09,literature,3,VAM_tie_allocation,modified,VAM,291.0,ok,327.0,327.0,12.371134020618557,0.0,36.0,12.371134020618557,88.9908256880734,False,True,0.0007120999998733168
EDM_C09,literature,3,VAM_penalty_sqrtA,modified,VAM,291.0,ok,327.0,327.0,12.371134020618557,0.0,36.0,12.371134020618557,88.9908256880734,False,True,0.0009144000014202902
EDM_C09,literature,3,VAM_penalty_A,modified,VAM,291.0,ok,327.0,327.0,12.371134020618557,0.0,36.0,12.371134020618557,88.9908256880734,False,True,0.0012468999993870966
EDM_C09,literature,3,TDSM_theta1_5,modified,TDSM,291.0,ok,291.0,291.0,0.0,0.0,0.0,0.0,100.0,True,True,0.0011687999995046994
EDM_C09,literature,3,LCM_top2_product,modified,LCM,291.0,ok,319.0,319.0,9.621993127147766,0.0,28.0,9.621993127147766,91.22257053291536,False,True,0.000679300001138472
EDM_C09,literature,3,LCM_top2_LB,modified,LCM,291.0,ok,327.0,319.0,9.621993127147766,-8.0,36.0,12.371134020618557,88.9908256880734,False,True,0.0011204999991605291
EDM_C09,literature,3,VAM_top2_LB,modified,VAM,291.0,ok,327.0,327.0,12.371134020618557,0.0,36.0,12.371134020618557,88.9908256880734,False,True,0.0014910999998392072
EDM_C09,literature,3,THP_top2_LB,modified,THP,291.0,ok,291.0,291.0,0.0,0.0,0.0,0.0,100.0,True,True,0.001798600000256556
EDM_C09,literature,3,LCM_top2_rollout,modified,LCM,291.0,ok,319.0,319.0,9.621993127147766,0.0,28.0,9.621993127147766,91.22257053291536,False,True,0.0021618999999191146
EDM_C09,literature,3,LCM_top3_rollout,modified,LCM,291.0,ok,319.0,319.0,9.621993127147766,0.0,28.0,9.621993127147766,91.22257053291536,False,True,0.002201999999670079
EDM_C09,literature,3,VAM_top2_rollout,modified,VAM,291.0,ok,291.0,327.0,12.371134020618557,36.0,0.0,0.0,100.0,True,True,0.0029763000002276385
EDM_C09,literature,3,VAM_top3_rollout,modified,VAM,291.0,ok,291.0,327.0,12.371134020618557,36.0,0.0,0.0,100.0,True,True,0.004569600001559593
EDM_C09,literature,3,THP_top2_rollout,modified,THP,291.0,ok,291.0,291.0,0.0,0.0,0.0,0.0,100.0,True,True,0.002561999999670661
EDM_C09,literature,3,THP_top3_rollout,modified,THP,291.0,ok,291.0,291.0,0.0,0.0,0.0,0.0,100.0,True,True,0.0014494999995804392
EDM_C09,literature,3,THP_top2_LCMcompletion,modified,THP,291.0,ok,291.0,291.0,0.0,0.0,0.0,0.0,100.0,True,True,0.0031792999998287996
EDM_C09,literature,3,VAM_top2_first_only,modified,VAM,291.0,ok,291.0,327.0,12.371134020618557,36.0,0.0,0.0,100.0,True,True,0.0015778000015416183
EDM_C09,literature,3,THP_top2_first_only,modified,THP,291.0,ok,291.0,291.0,0.0,0.0,0.0,0.0,100.0,True,True,0.0017532000001665438
EDM_C09,literature,3,VAM_tieA_top2_rollout,modified,VAM,291.0,ok,291.0,327.0,12.371134020618557,36.0,0.0,0.0,100.0,True,True,0.0031251999989763135
EDM_C09,literature,3,MRM_orientation_ensemble,modified,MRM,291.0,ok,291.0,319.0,9.621993127147766,28.0,0.0,0.0,100.0,True,True,0.0020455000012589153
EDM_C09,literature,3,LCM_score_alpha025,modified,LCM,291.0,ok,361.0,319.0,9.621993127147766,-42.0,70.0,24.054982817869416,80.60941828254848,False,True,0.0012652999994315905
EDM_C09,literature,3,LCM_score_alpha050,modified,LCM,291.0,ok,319.0,319.0,9.621993127147766,0.0,28.0,9.621993127147766,91.22257053291536,False,True,0.0010399000002507819
EDM_C09,literature,3,LCM_score_alpha075,modified,LCM,291.0,ok,319.0,319.0,9.621993127147766,0.0,28.0,9.621993127147766,91.22257053291536,False,True,0.0009246000008715782
EDM_C11,literature,4,LCM_tie_allocation,modified,LCM,109.0,ok,115.0,117.0,7.339449541284404,2.0,6.0,5.504587155963303,94.78260869565217,False,True,0.0008792000007815659
EDM_C11,literature,4,VAM_tie_cost,modified,VAM,109.0,ok,109.0,109.0,0.0,0.0,0.0,0.0,100.0,True,True,0.0020530000001599547
EDM_C11,literature,4,VAM_tie_allocation,modified,VAM,109.0,ok,109.0,109.0,0.0,0.0,0.0,0.0,100.0,True,True,0.0019772000014199875
EDM_C11,literature,4,VAM_penalty_sqrtA,modified,VAM,109.0,ok,109.0,109.0,0.0,0.0,0.0,0.0,100.0,True,True,0.0014866000001347857
EDM_C11,literature,4,VAM_penalty_A,modified,VAM,109.0,ok,109.0,109.0,0.0,0.0,0.0,0.0,100.0,True,True,0.0012117999995098216
EDM_C11,literature,4,TDSM_theta1_5,modified,TDSM,109.0,ok,109.0,109.0,0.0,0.0,0.0,0.0,100.0,True,True,0.001085899999452522
EDM_C11,literature,4,LCM_top2_product,modified,LCM,109.0,ok,117.0,117.0,7.339449541284404,0.0,8.0,7.339449541284404,93.16239316239316,False,True,0.0004230999984429218
EDM_C11,literature,4,LCM_top2_LB,modified,LCM,109.0,ok,117.0,117.0,7.339449541284404,0.0,8.0,7.339449541284404,93.16239316239316,False,True,0.0008379000009881565
EDM_C11,literature,4,VAM_top2_LB,modified,VAM,109.0,ok,116.0,109.0,0.0,-7.0,7.0,6.422018348623853,93.96551724137932,False,True,0.0011561999999685213
EDM_C11,literature,4,THP_top2_LB,modified,THP,109.0,ok,116.0,118.0,8.256880733944953,2.0,7.0,6.422018348623853,93.96551724137932,False,True,0.001801500000510714
EDM_C11,literature,4,LCM_top2_rollout,modified,LCM,109.0,ok,109.0,117.0,7.339449541284404,8.0,0.0,0.0,100.0,True,True,0.004927099998894846
EDM_C11,literature,4,LCM_top3_rollout,modified,LCM,109.0,ok,109.0,117.0,7.339449541284404,8.0,0.0,0.0,100.0,True,True,0.006224599999768543
EDM_C11,literature,4,VAM_top2_rollout,modified,VAM,109.0,ok,109.0,109.0,0.0,0.0,0.0,0.0,100.0,True,True,0.010412500001621083
EDM_C11,literature,4,VAM_top3_rollout,modified,VAM,109.0,ok,109.0,109.0,0.0,0.0,0.0,0.0,100.0,True,True,0.017063599998436985
EDM_C11,literature,4,THP_top2_rollout,modified,THP,109.0,ok,115.0,118.0,8.256880733944953,3.0,6.0,5.504587155963303,94.78260869565217,False,True,0.010781799999676878
EDM_C11,literature,4,THP_top3_rollout,modified,THP,109.0,ok,115.0,118.0,8.256880733944953,3.0,6.0,5.504587155963303,94.78260869565217,False,True,0.01246530000025814
EDM_C11,literature,4,THP_top2_LCMcompletion,modified,THP,109.0,ok,115.0,118.0,8.256880733944953,3.0,6.0,5.504587155963303,94.78260869565217,False,True,0.005883600000743172
EDM_C11,literature,4,VAM_top2_first_only,modified,VAM,109.0,ok,109.0,109.0,0.0,0.0,0.0,0.0,100.0,True,True,0.003479400000287569
EDM_C11,literature,4,THP_top2_first_only,modified,THP,109.0,ok,118.0,118.0,8.256880733944953,0.0,9.0,8.256880733944953,92.37288135593221,False,True,0.0029131999999663094
EDM_C11,literature,4,VAM_tieA_top2_rollout,modified,VAM,109.0,ok,109.0,109.0,0.0,0.0,0.0,0.0,100.0,True,True,0.0055750999999872874
EDM_C11,literature,4,MRM_orientation_ensemble,modified,MRM,109.0,ok,109.0,109.0,0.0,0.0,0.0,0.0,100.0,True,True,0.0007778999988659052
EDM_C11,literature,4,LCM_score_alpha025,modified,LCM,109.0,ok,109.0,117.0,7.339449541284404,8.0,0.0,0.0,100.0,True,True,0.000596100000620936
EDM_C11,literature,4,LCM_score_alpha050,modified,LCM,109.0,ok,115.0,117.0,7.339449541284404,2.0,6.0,5.504587155963303,94.78260869565217,False,True,0.0005861999998160172
EDM_C11,literature,4,LCM_score_alpha075,modified,LCM,109.0,ok,115.0,117.0,7.339449541284404,2.0,6.0,5.504587155963303,94.78260869565217,False,True,0.0005740000015066471
EDM_C13,literature,3,LCM_tie_allocation,modified,LCM,605.0,ok,615.0,615.0,1.6528925619834711,0.0,10.0,1.6528925619834711,98.3739837398374,False,True,0.0006473000012192642
EDM_C13,literature,3,VAM_tie_cost,modified,VAM,605.0,ok,605.0,605.0,0.0,0.0,0.0,0.0,100.0,True,True,0.001209500000186381
EDM_C13,literature,3,VAM_tie_allocation,modified,VAM,605.0,ok,605.0,605.0,0.0,0.0,0.0,0.0,100.0,True,True,0.0011052999998355517
EDM_C13,literature,3,VAM_penalty_sqrtA,modified,VAM,605.0,ok,605.0,605.0,0.0,0.0,0.0,0.0,100.0,True,True,0.001149599998825579
EDM_C13,literature,3,VAM_penalty_A,modified,VAM,605.0,ok,615.0,605.0,0.0,-10.0,10.0,1.6528925619834711,98.3739837398374,False,True,0.0011706000004778616
EDM_C13,literature,3,TDSM_theta1_5,modified,TDSM,605.0,ok,605.0,605.0,0.0,0.0,0.0,0.0,100.0,True,True,0.0010392000003776047
EDM_C13,literature,3,LCM_top2_product,modified,LCM,605.0,ok,605.0,615.0,1.6528925619834711,10.0,0.0,0.0,100.0,True,True,0.0007150000001274748
EDM_C13,literature,3,LCM_top2_LB,modified,LCM,605.0,ok,605.0,615.0,1.6528925619834711,10.0,0.0,0.0,100.0,True,True,0.001641699998799595
EDM_C13,literature,3,VAM_top2_LB,modified,VAM,605.0,ok,605.0,605.0,0.0,0.0,0.0,0.0,100.0,True,True,0.0020456000002013752
EDM_C13,literature,3,THP_top2_LB,modified,THP,605.0,ok,605.0,605.0,0.0,0.0,0.0,0.0,100.0,True,True,0.0020695000002888264
EDM_C13,literature,3,LCM_top2_rollout,modified,LCM,605.0,ok,605.0,615.0,1.6528925619834711,10.0,0.0,0.0,100.0,True,True,0.0026770999993459554
EDM_C13,literature,3,LCM_top3_rollout,modified,LCM,605.0,ok,605.0,615.0,1.6528925619834711,10.0,0.0,0.0,100.0,True,True,0.003028999999514781
EDM_C13,literature,3,VAM_top2_rollout,modified,VAM,605.0,ok,605.0,605.0,0.0,0.0,0.0,0.0,100.0,True,True,0.005044400000770111
EDM_C13,literature,3,VAM_top3_rollout,modified,VAM,605.0,ok,605.0,605.0,0.0,0.0,0.0,0.0,100.0,True,True,0.005298000000038883
EDM_C13,literature,3,THP_top2_rollout,modified,THP,605.0,ok,605.0,605.0,0.0,0.0,0.0,0.0,100.0,True,True,0.005295700000715442
EDM_C13,literature,3,THP_top3_rollout,modified,THP,605.0,ok,605.0,605.0,0.0,0.0,0.0,0.0,100.0,True,True,0.003179900000759517
EDM_C13,literature,3,THP_top2_LCMcompletion,modified,THP,605.0,ok,605.0,605.0,0.0,0.0,0.0,0.0,100.0,True,True,0.002038499998889165
EDM_C13,literature,3,VAM_top2_first_only,modified,VAM,605.0,ok,605.0,605.0,0.0,0.0,0.0,0.0,100.0,True,True,0.002086599999529426
EDM_C13,literature,3,THP_top2_first_only,modified,THP,605.0,ok,605.0,605.0,0.0,0.0,0.0,0.0,100.0,True,True,0.0019176000005245442
EDM_C13,literature,3,VAM_tieA_top2_rollout,modified,VAM,605.0,ok,605.0,605.0,0.0,0.0,0.0,0.0,100.0,True,True,0.005797599998913938
EDM_C13,literature,3,MRM_orientation_ensemble,modified,MRM,605.0,ok,605.0,605.0,0.0,0.0,0.0,0.0,100.0,True,True,0.0014429000002564862
EDM_C13,literature,3,LCM_score_alpha025,modified,LCM,605.0,ok,605.0,615.0,1.6528925619834711,10.0,0.0,0.0,100.0,True,True,0.0011151999988214811
EDM_C13,literature,3,LCM_score_alpha050,modified,LCM,605.0,ok,615.0,615.0,1.6528925619834711,0.0,10.0,1.6528925619834711,98.3739837398374,False,True,0.0010321999998268439
EDM_C13,literature,3,LCM_score_alpha075,modified,LCM,605.0,ok,615.0,615.0,1.6528925619834711,0.0,10.0,1.6528925619834711,98.3739837398374,False,True,0.0012882999999419553
EDM_C16,literature,3,LCM_tie_allocation,modified,LCM,450.0,ok,450.0,560.0,24.444444444444443,110.0,0.0,0.0,100.0,True,True,0.0009121000002778601
EDM_C16,literature,3,VAM_tie_cost,modified,VAM,450.0,ok,450.0,450.0,0.0,0.0,0.0,0.0,100.0,True,True,0.0008162000012816861
EDM_C16,literature,3,VAM_tie_allocation,modified,VAM,450.0,ok,450.0,450.0,0.0,0.0,0.0,0.0,100.0,True,True,0.0005044999998062849
EDM_C16,literature,3,VAM_penalty_sqrtA,modified,VAM,450.0,ok,450.0,450.0,0.0,0.0,0.0,0.0,100.0,True,True,0.0003826000011031283
EDM_C16,literature,3,VAM_penalty_A,modified,VAM,450.0,ok,450.0,450.0,0.0,0.0,0.0,0.0,100.0,True,True,0.0003279000011389144
EDM_C16,literature,3,TDSM_theta1_5,modified,TDSM,450.0,ok,450.0,450.0,0.0,0.0,0.0,0.0,100.0,True,True,0.00040470000021741726
EDM_C16,literature,3,LCM_top2_product,modified,LCM,450.0,ok,560.0,560.0,24.444444444444443,0.0,110.0,24.444444444444443,80.35714285714286,False,True,0.0007673000000067987
EDM_C16,literature,3,LCM_top2_LB,modified,LCM,450.0,ok,560.0,560.0,24.444444444444443,0.0,110.0,24.444444444444443,80.35714285714286,False,True,0.002184000000852393
EDM_C16,literature,3,VAM_top2_LB,modified,VAM,450.0,ok,460.0,450.0,0.0,-10.0,10.0,2.2222222222222223,97.82608695652173,False,True,0.002376800001002266
EDM_C16,literature,3,THP_top2_LB,modified,THP,450.0,ok,450.0,660.0,46.666666666666664,210.0,0.0,0.0,100.0,True,True,0.0016880999992281431
EDM_C16,literature,3,LCM_top2_rollout,modified,LCM,450.0,ok,450.0,560.0,24.444444444444443,110.0,0.0,0.0,100.0,True,True,0.0017255000002478482
EDM_C16,literature,3,LCM_top3_rollout,modified,LCM,450.0,ok,450.0,560.0,24.444444444444443,110.0,0.0,0.0,100.0,True,True,0.0028256000005058013
EDM_C16,literature,3,VAM_top2_rollout,modified,VAM,450.0,ok,450.0,450.0,0.0,0.0,0.0,0.0,100.0,True,True,0.003637799998614355
EDM_C16,literature,3,VAM_top3_rollout,modified,VAM,450.0,ok,450.0,450.0,0.0,0.0,0.0,0.0,100.0,True,True,0.0036526000003505033
EDM_C16,literature,3,THP_top2_rollout,modified,THP,450.0,ok,450.0,660.0,46.666666666666664,210.0,0.0,0.0,100.0,True,True,0.0041751000007934636
EDM_C16,literature,3,THP_top3_rollout,modified,THP,450.0,ok,450.0,660.0,46.666666666666664,210.0,0.0,0.0,100.0,True,True,0.0028846999994129874
EDM_C16,literature,3,THP_top2_LCMcompletion,modified,THP,450.0,ok,450.0,660.0,46.666666666666664,210.0,0.0,0.0,100.0,True,True,0.0028770000008080387
EDM_C16,literature,3,VAM_top2_first_only,modified,VAM,450.0,ok,450.0,450.0,0.0,0.0,0.0,0.0,100.0,True,True,0.0015516999992541969
EDM_C16,literature,3,THP_top2_first_only,modified,THP,450.0,ok,450.0,660.0,46.666666666666664,210.0,0.0,0.0,100.0,True,True,0.0009278999987145653
EDM_C16,literature,3,VAM_tieA_top2_rollout,modified,VAM,450.0,ok,450.0,450.0,0.0,0.0,0.0,0.0,100.0,True,True,0.0052920999987691175
EDM_C16,literature,3,MRM_orientation_ensemble,modified,MRM,450.0,ok,450.0,570.0,26.666666666666668,120.0,0.0,0.0,100.0,True,True,0.0020542999991448596
EDM_C16,literature,3,LCM_score_alpha025,modified,LCM,450.0,ok,450.0,560.0,24.444444444444443,110.0,0.0,0.0,100.0,True,True,0.0006656000005023088
EDM_C16,literature,3,LCM_score_alpha050,modified,LCM,450.0,ok,450.0,560.0,24.444444444444443,110.0,0.0,0.0,100.0,True,True,0.0005822000002808636
EDM_C16,literature,3,LCM_score_alpha075,modified,LCM,450.0,ok,450.0,560.0,24.444444444444443,110.0,0.0,0.0,100.0,True,True,0.0007423000006383518
EDM_C19,literature,4,LCM_tie_allocation,modified,LCM,840.0,ok,990.0,1210.0,44.04761904761905,220.0,150.0,17.857142857142858,84.84848484848484,False,True,0.000906100000065635
EDM_C19,literature,4,VAM_tie_cost,modified,VAM,840.0,ok,880.0,880.0,4.761904761904762,0.0,40.0,4.761904761904762,95.45454545454545,False,True,0.0013680000010936055
EDM_C19,literature,4,VAM_tie_allocation,modified,VAM,840.0,ok,880.0,880.0,4.761904761904762,0.0,40.0,4.761904761904762,95.45454545454545,False,True,0.0008643999990454176
EDM_C19,literature,4,VAM_penalty_sqrtA,modified,VAM,840.0,ok,880.0,880.0,4.761904761904762,0.0,40.0,4.761904761904762,95.45454545454545,False,True,0.0007969999987835763
EDM_C19,literature,4,VAM_penalty_A,modified,VAM,840.0,ok,880.0,880.0,4.761904761904762,0.0,40.0,4.761904761904762,95.45454545454545,False,True,0.0012841999996453524
EDM_C19,literature,4,TDSM_theta1_5,modified,TDSM,840.0,ok,980.0,950.0,13.095238095238095,-30.0,140.0,16.666666666666668,85.71428571428571,False,True,0.0017618999991100281
EDM_C19,literature,4,LCM_top2_product,modified,LCM,840.0,ok,1210.0,1210.0,44.04761904761905,0.0,370.0,44.04761904761905,69.42148760330579,False,True,0.0009936000005836831
EDM_C19,literature,4,LCM_top2_LB,modified,LCM,840.0,ok,1070.0,1210.0,44.04761904761905,140.0,230.0,27.38095238095238,78.50467289719626,False,True,0.0023349999992205994
EDM_C19,literature,4,VAM_top2_LB,modified,VAM,840.0,ok,880.0,880.0,4.761904761904762,0.0,40.0,4.761904761904762,95.45454545454545,False,True,0.0016505000003235182
EDM_C19,literature,4,THP_top2_LB,modified,THP,840.0,ok,1070.0,1070.0,27.38095238095238,0.0,230.0,27.38095238095238,78.50467289719626,False,True,0.0033433999997214414
EDM_C19,literature,4,LCM_top2_rollout,modified,LCM,840.0,ok,980.0,1210.0,44.04761904761905,230.0,140.0,16.666666666666668,85.71428571428571,False,True,0.003483500000584172
EDM_C19,literature,4,LCM_top3_rollout,modified,LCM,840.0,ok,880.0,1210.0,44.04761904761905,330.0,40.0,4.761904761904762,95.45454545454545,False,True,0.0045797000002494315
EDM_C19,literature,4,VAM_top2_rollout,modified,VAM,840.0,ok,880.0,880.0,4.761904761904762,0.0,40.0,4.761904761904762,95.45454545454545,False,True,0.007723200000327779
EDM_C19,literature,4,VAM_top3_rollout,modified,VAM,840.0,ok,880.0,880.0,4.761904761904762,0.0,40.0,4.761904761904762,95.45454545454545,False,True,0.007250700000440702
EDM_C19,literature,4,THP_top2_rollout,modified,THP,840.0,ok,990.0,1070.0,27.38095238095238,80.0,150.0,17.857142857142858,84.84848484848484,False,True,0.007893899999544374
EDM_C19,literature,4,THP_top3_rollout,modified,THP,840.0,ok,990.0,1070.0,27.38095238095238,80.0,150.0,17.857142857142858,84.84848484848484,False,True,0.007698600000367151
EDM_C19,literature,4,THP_top2_LCMcompletion,modified,THP,840.0,ok,990.0,1070.0,27.38095238095238,80.0,150.0,17.857142857142858,84.84848484848484,False,True,0.003297900000688969
EDM_C19,literature,4,VAM_top2_first_only,modified,VAM,840.0,ok,880.0,880.0,4.761904761904762,0.0,40.0,4.761904761904762,95.45454545454545,False,True,0.0028657999991992256
EDM_C19,literature,4,THP_top2_first_only,modified,THP,840.0,ok,990.0,1070.0,27.38095238095238,80.0,150.0,17.857142857142858,84.84848484848484,False,True,0.0014315999997052131
EDM_C19,literature,4,VAM_tieA_top2_rollout,modified,VAM,840.0,ok,880.0,880.0,4.761904761904762,0.0,40.0,4.761904761904762,95.45454545454545,False,True,0.005772099999376223
EDM_C19,literature,4,MRM_orientation_ensemble,modified,MRM,840.0,ok,840.0,840.0,0.0,0.0,0.0,0.0,100.0,True,True,0.002023400000325637
EDM_C19,literature,4,LCM_score_alpha025,modified,LCM,840.0,ok,1350.0,1210.0,44.04761904761905,-140.0,510.0,60.714285714285715,62.22222222222222,False,True,0.0009444000006624265
EDM_C19,literature,4,LCM_score_alpha050,modified,LCM,840.0,ok,1310.0,1210.0,44.04761904761905,-100.0,470.0,55.95238095238095,64.12213740458016,False,True,0.0007229000002553221
EDM_C19,literature,4,LCM_score_alpha075,modified,LCM,840.0,ok,1210.0,1210.0,44.04761904761905,0.0,370.0,44.04761904761905,69.42148760330579,False,True,0.0008195999998861225
EDM_C20,literature,3,LCM_tie_allocation,modified,LCM,59.0,ok,69.0,69.0,16.949152542372882,0.0,10.0,16.949152542372882,85.5072463768116,False,True,0.000994999998511048
EDM_C20,literature,3,VAM_tie_cost,modified,VAM,59.0,ok,59.0,59.0,0.0,0.0,0.0,0.0,100.0,True,True,0.0018123999998351792
EDM_C20,literature,3,VAM_tie_allocation,modified,VAM,59.0,ok,59.0,59.0,0.0,0.0,0.0,0.0,100.0,True,True,0.0006596999992325436
EDM_C20,literature,3,VAM_penalty_sqrtA,modified,VAM,59.0,ok,59.0,59.0,0.0,0.0,0.0,0.0,100.0,True,True,0.00046159999874362256
EDM_C20,literature,3,VAM_penalty_A,modified,VAM,59.0,ok,59.0,59.0,0.0,0.0,0.0,0.0,100.0,True,True,0.000646700000288547
EDM_C20,literature,3,TDSM_theta1_5,modified,TDSM,59.0,ok,59.0,59.0,0.0,0.0,0.0,0.0,100.0,True,True,0.0005269000012049219
EDM_C20,literature,3,LCM_top2_product,modified,LCM,59.0,ok,69.0,69.0,16.949152542372882,0.0,10.0,16.949152542372882,85.5072463768116,False,True,0.0008049999996728729
EDM_C20,literature,3,LCM_top2_LB,modified,LCM,59.0,ok,60.0,69.0,16.949152542372882,9.0,1.0,1.694915254237288,98.33333333333333,False,True,0.0021147000006749295
EDM_C20,literature,3,VAM_top2_LB,modified,VAM,59.0,ok,61.0,59.0,0.0,-2.0,2.0,3.389830508474576,96.72131147540983,False,True,0.002134700000169687
EDM_C20,literature,3,THP_top2_LB,modified,THP,59.0,ok,60.0,69.0,16.949152542372882,9.0,1.0,1.694915254237288,98.33333333333333,False,True,0.001981800000066869
EDM_C20,literature,3,LCM_top2_rollout,modified,LCM,59.0,ok,69.0,69.0,16.949152542372882,0.0,10.0,16.949152542372882,85.5072463768116,False,True,0.002463899998474517
EDM_C20,literature,3,LCM_top3_rollout,modified,LCM,59.0,ok,59.0,69.0,16.949152542372882,10.0,0.0,0.0,100.0,True,True,0.0030626000007032417
EDM_C20,literature,3,VAM_top2_rollout,modified,VAM,59.0,ok,59.0,59.0,0.0,0.0,0.0,0.0,100.0,True,True,0.004416300000229967
EDM_C20,literature,3,VAM_top3_rollout,modified,VAM,59.0,ok,59.0,59.0,0.0,0.0,0.0,0.0,100.0,True,True,0.00655929999993532
EDM_C20,literature,3,THP_top2_rollout,modified,THP,59.0,ok,59.0,69.0,16.949152542372882,10.0,0.0,0.0,100.0,True,True,0.004054300001371303
EDM_C20,literature,3,THP_top3_rollout,modified,THP,59.0,ok,59.0,69.0,16.949152542372882,10.0,0.0,0.0,100.0,True,True,0.004219800001010299
EDM_C20,literature,3,THP_top2_LCMcompletion,modified,THP,59.0,ok,59.0,69.0,16.949152542372882,10.0,0.0,0.0,100.0,True,True,0.002181100000598235
EDM_C20,literature,3,VAM_top2_first_only,modified,VAM,59.0,ok,59.0,59.0,0.0,0.0,0.0,0.0,100.0,True,True,0.0022422000001824927
EDM_C20,literature,3,THP_top2_first_only,modified,THP,59.0,ok,60.0,69.0,16.949152542372882,9.0,1.0,1.694915254237288,98.33333333333333,False,True,0.0016666000010445714
EDM_C20,literature,3,VAM_tieA_top2_rollout,modified,VAM,59.0,ok,59.0,59.0,0.0,0.0,0.0,0.0,100.0,True,True,0.002062699999441975
EDM_C20,literature,3,MRM_orientation_ensemble,modified,MRM,59.0,ok,59.0,59.0,0.0,0.0,0.0,0.0,100.0,True,True,0.0006753000016033184
EDM_C20,literature,3,LCM_score_alpha025,modified,LCM,59.0,ok,69.0,69.0,16.949152542372882,0.0,10.0,16.949152542372882,85.5072463768116,False,True,0.0007521999996242812
EDM_C20,literature,3,LCM_score_alpha050,modified,LCM,59.0,ok,69.0,69.0,16.949152542372882,0.0,10.0,16.949152542372882,85.5072463768116,False,True,0.0010402999996586004
EDM_C20,literature,3,LCM_score_alpha075,modified,LCM,59.0,ok,69.0,69.0,16.949152542372882,0.0,10.0,16.949152542372882,85.5072463768116,False,True,0.0017227999996975996
EDM_C22,literature,4,LCM_tie_allocation,modified,LCM,390.0,ok,500.0,490.0,25.641025641025642,-10.0,110.0,28.205128205128204,78.0,False,True,0.0004148999996687053
EDM_C22,literature,4,VAM_tie_cost,modified,VAM,390.0,ok,390.0,390.0,0.0,0.0,0.0,0.0,100.0,True,True,0.0006112999999459134
EDM_C22,literature,4,VAM_tie_allocation,modified,VAM,390.0,ok,410.0,390.0,0.0,-20.0,20.0,5.128205128205129,95.1219512195122,False,True,0.0006460000004153699
EDM_C22,literature,4,VAM_penalty_sqrtA,modified,VAM,390.0,ok,410.0,390.0,0.0,-20.0,20.0,5.128205128205129,95.1219512195122,False,True,0.0006046999988029711
EDM_C22,literature,4,VAM_penalty_A,modified,VAM,390.0,ok,410.0,390.0,0.0,-20.0,20.0,5.128205128205129,95.1219512195122,False,True,0.0005727000007027527
EDM_C22,literature,4,TDSM_theta1_5,modified,TDSM,390.0,ok,400.0,400.0,2.5641025641025643,0.0,10.0,2.5641025641025643,97.5,False,True,0.00048429999878862873
EDM_C22,literature,4,LCM_top2_product,modified,LCM,390.0,ok,520.0,490.0,25.641025641025642,-30.0,130.0,33.333333333333336,75.0,False,True,0.00032839999948919285
EDM_C22,literature,4,LCM_top2_LB,modified,LCM,390.0,ok,480.0,490.0,25.641025641025642,10.0,90.0,23.076923076923077,81.25,False,True,0.0010748999993666075
EDM_C22,literature,4,VAM_top2_LB,modified,VAM,390.0,ok,390.0,390.0,0.0,0.0,0.0,0.0,100.0,True,True,0.0013589999998657731
EDM_C22,literature,4,THP_top2_LB,modified,THP,390.0,ok,410.0,470.0,20.512820512820515,60.0,20.0,5.128205128205129,95.1219512195122,False,True,0.0010516000002098735
EDM_C22,literature,4,LCM_top2_rollout,modified,LCM,390.0,ok,480.0,490.0,25.641025641025642,10.0,90.0,23.076923076923077,81.25,False,True,0.0016589000006206334
EDM_C22,literature,4,LCM_top3_rollout,modified,LCM,390.0,ok,480.0,490.0,25.641025641025642,10.0,90.0,23.076923076923077,81.25,False,True,0.0020154000012553297
EDM_C22,literature,4,VAM_top2_rollout,modified,VAM,390.0,ok,390.0,390.0,0.0,0.0,0.0,0.0,100.0,True,True,0.005671900000379537
EDM_C22,literature,4,VAM_top3_rollout,modified,VAM,390.0,ok,390.0,390.0,0.0,0.0,0.0,0.0,100.0,True,True,0.0077223000007506926
EDM_C22,literature,4,THP_top2_rollout,modified,THP,390.0,ok,390.0,470.0,20.512820512820515,80.0,0.0,0.0,100.0,True,True,0.004476200001590769
EDM_C22,literature,4,THP_top3_rollout,modified,THP,390.0,ok,390.0,470.0,20.512820512820515,80.0,0.0,0.0,100.0,True,True,0.005370699998820783
EDM_C22,literature,4,THP_top2_LCMcompletion,modified,THP,390.0,ok,410.0,470.0,20.512820512820515,60.0,20.0,5.128205128205129,95.1219512195122,False,True,0.002177000000301632
EDM_C22,literature,4,VAM_top2_first_only,modified,VAM,390.0,ok,390.0,390.0,0.0,0.0,0.0,0.0,100.0,True,True,0.0010930999997071922
EDM_C22,literature,4,THP_top2_first_only,modified,THP,390.0,ok,430.0,470.0,20.512820512820515,40.0,40.0,10.256410256410257,90.69767441860465,False,True,0.0012850000002799788
EDM_C22,literature,4,VAM_tieA_top2_rollout,modified,VAM,390.0,ok,390.0,390.0,0.0,0.0,0.0,0.0,100.0,True,True,0.00345980000020063
EDM_C22,literature,4,MRM_orientation_ensemble,modified,MRM,390.0,ok,390.0,400.0,2.5641025641025643,10.0,0.0,0.0,100.0,True,True,0.0007114999989425996
EDM_C22,literature,4,LCM_score_alpha025,modified,LCM,390.0,ok,500.0,490.0,25.641025641025642,-10.0,110.0,28.205128205128204,78.0,False,True,0.0007313000005524373
EDM_C22,literature,4,LCM_score_alpha050,modified,LCM,390.0,ok,500.0,490.0,25.641025641025642,-10.0,110.0,28.205128205128204,78.0,False,True,0.0005173000008653617
EDM_C22,literature,4,LCM_score_alpha075,modified,LCM,390.0,ok,500.0,490.0,25.641025641025642,-10.0,110.0,28.205128205128204,78.0,False,True,0.0005578000000241445
EDM_S1,literature,3,LCM_tie_allocation,modified,LCM,1375.0,ok,1380.0,1380.0,0.36363636363636365,0.0,5.0,0.36363636363636365,99.6376811594203,False,True,0.00040219999937107787
EDM_S1,literature,3,VAM_tie_cost,modified,VAM,1375.0,ok,1380.0,1435.0,4.363636363636363,55.0,5.0,0.36363636363636365,99.6376811594203,False,True,0.0005901000004087109
EDM_S1,literature,3,VAM_tie_allocation,modified,VAM,1375.0,ok,1435.0,1435.0,4.363636363636363,0.0,60.0,4.363636363636363,95.81881533101046,False,True,0.0005361999992601341
EDM_S1,literature,3,VAM_penalty_sqrtA,modified,VAM,1375.0,ok,1435.0,1435.0,4.363636363636363,0.0,60.0,4.363636363636363,95.81881533101046,False,True,0.0003820000001724111
EDM_S1,literature,3,VAM_penalty_A,modified,VAM,1375.0,ok,1495.0,1435.0,4.363636363636363,-60.0,120.0,8.727272727272727,91.97324414715719,False,True,0.00037349999911384657
EDM_S1,literature,3,TDSM_theta1_5,modified,TDSM,1375.0,ok,1375.0,1375.0,0.0,0.0,0.0,0.0,100.0,True,True,0.00033819999953266233
EDM_S1,literature,3,LCM_top2_product,modified,LCM,1375.0,ok,1380.0,1380.0,0.36363636363636365,0.0,5.0,0.36363636363636365,99.6376811594203,False,True,0.000243800001044292
EDM_S1,literature,3,LCM_top2_LB,modified,LCM,1375.0,ok,1380.0,1380.0,0.36363636363636365,0.0,5.0,0.36363636363636365,99.6376811594203,False,True,0.0005528000001504552
EDM_S1,literature,3,VAM_top2_LB,modified,VAM,1375.0,ok,1380.0,1435.0,4.363636363636363,55.0,5.0,0.36363636363636365,99.6376811594203,False,True,0.0010010000005422626
EDM_S1,literature,3,THP_top2_LB,modified,THP,1375.0,ok,1380.0,1380.0,0.36363636363636365,0.0,5.0,0.36363636363636365,99.6376811594203,False,True,0.0009109000002354151
EDM_S1,literature,3,LCM_top2_rollout,modified,LCM,1375.0,ok,1380.0,1380.0,0.36363636363636365,0.0,5.0,0.36363636363636365,99.6376811594203,False,True,0.0011317000007693423
EDM_S1,literature,3,LCM_top3_rollout,modified,LCM,1375.0,ok,1380.0,1380.0,0.36363636363636365,0.0,5.0,0.36363636363636365,99.6376811594203,False,True,0.0012059000000590459
EDM_S1,literature,3,VAM_top2_rollout,modified,VAM,1375.0,ok,1380.0,1435.0,4.363636363636363,55.0,5.0,0.36363636363636365,99.6376811594203,False,True,0.0020196999994368525
EDM_S1,literature,3,VAM_top3_rollout,modified,VAM,1375.0,ok,1380.0,1435.0,4.363636363636363,55.0,5.0,0.36363636363636365,99.6376811594203,False,True,0.003005700000358047
EDM_S1,literature,3,THP_top2_rollout,modified,THP,1375.0,ok,1375.0,1380.0,0.36363636363636365,5.0,0.0,0.0,100.0,True,True,0.0027978999987681163
EDM_S1,literature,3,THP_top3_rollout,modified,THP,1375.0,ok,1375.0,1380.0,0.36363636363636365,5.0,0.0,0.0,100.0,True,True,0.0020596999984263675
EDM_S1,literature,3,THP_top2_LCMcompletion,modified,THP,1375.0,ok,1380.0,1380.0,0.36363636363636365,0.0,5.0,0.36363636363636365,99.6376811594203,False,True,0.0009623999994801125
EDM_S1,literature,3,VAM_top2_first_only,modified,VAM,1375.0,ok,1380.0,1435.0,4.363636363636363,55.0,5.0,0.36363636363636365,99.6376811594203,False,True,0.0006689000001642853
EDM_S1,literature,3,THP_top2_first_only,modified,THP,1375.0,ok,1375.0,1380.0,0.36363636363636365,5.0,0.0,0.0,100.0,True,True,0.0006539999994856771
EDM_S1,literature,3,VAM_tieA_top2_rollout,modified,VAM,1375.0,ok,1435.0,1435.0,4.363636363636363,0.0,60.0,4.363636363636363,95.81881533101046,False,True,0.0020578000003297348
EDM_S1,literature,3,MRM_orientation_ensemble,modified,MRM,1375.0,ok,1375.0,1380.0,0.36363636363636365,5.0,0.0,0.0,100.0,True,True,0.001832500000091386
EDM_S1,literature,3,LCM_score_alpha025,modified,LCM,1375.0,ok,1410.0,1380.0,0.36363636363636365,-30.0,35.0,2.5454545454545454,97.51773049645391,False,True,0.0005650999992212746
EDM_S1,literature,3,LCM_score_alpha050,modified,LCM,1375.0,ok,1380.0,1380.0,0.36363636363636365,0.0,5.0,0.36363636363636365,99.6376811594203,False,True,0.00042580000081215985
EDM_S1,literature,3,LCM_score_alpha075,modified,LCM,1375.0,ok,1380.0,1380.0,0.36363636363636365,0.0,5.0,0.36363636363636365,99.6376811594203,False,True,0.0004271000016160542
EDM_S3,literature,3,LCM_tie_allocation,modified,LCM,73.0,ok,77.0,77.0,5.47945205479452,0.0,4.0,5.47945205479452,94.8051948051948,False,True,0.0002505000011296943
EDM_S3,literature,3,VAM_tie_cost,modified,VAM,73.0,ok,73.0,73.0,0.0,0.0,0.0,0.0,100.0,True,True,0.0004346999994595535
EDM_S3,literature,3,VAM_tie_allocation,modified,VAM,73.0,ok,73.0,73.0,0.0,0.0,0.0,0.0,100.0,True,True,0.0004164000001765089
EDM_S3,literature,3,VAM_penalty_sqrtA,modified,VAM,73.0,ok,73.0,73.0,0.0,0.0,0.0,0.0,100.0,True,True,0.0004489999992074445
EDM_S3,literature,3,VAM_penalty_A,modified,VAM,73.0,ok,77.0,73.0,0.0,-4.0,4.0,5.47945205479452,94.8051948051948,False,True,0.00046410000140895136
EDM_S3,literature,3,TDSM_theta1_5,modified,TDSM,73.0,ok,77.0,77.0,5.47945205479452,0.0,4.0,5.47945205479452,94.8051948051948,False,True,0.0003720999993674923
EDM_S3,literature,3,LCM_top2_product,modified,LCM,73.0,ok,77.0,77.0,5.47945205479452,0.0,4.0,5.47945205479452,94.8051948051948,False,True,0.00024870000015653204
EDM_S3,literature,3,LCM_top2_LB,modified,LCM,73.0,ok,77.0,77.0,5.47945205479452,0.0,4.0,5.47945205479452,94.8051948051948,False,True,0.0007582999987789663
EDM_S3,literature,3,VAM_top2_LB,modified,VAM,73.0,ok,88.0,73.0,0.0,-15.0,15.0,20.54794520547945,82.95454545454545,False,True,0.0010636000006343238
EDM_S3,literature,3,THP_top2_LB,modified,THP,73.0,ok,77.0,77.0,5.47945205479452,0.0,4.0,5.47945205479452,94.8051948051948,False,True,0.0007304999999178108
EDM_S3,literature,3,LCM_top2_rollout,modified,LCM,73.0,ok,77.0,77.0,5.47945205479452,0.0,4.0,5.47945205479452,94.8051948051948,False,True,0.000838399999338435
EDM_S3,literature,3,LCM_top3_rollout,modified,LCM,73.0,ok,77.0,77.0,5.47945205479452,0.0,4.0,5.47945205479452,94.8051948051948,False,True,0.0012280999999347841
EDM_S3,literature,3,VAM_top2_rollout,modified,VAM,73.0,ok,73.0,73.0,0.0,0.0,0.0,0.0,100.0,True,True,0.0026937000002362765
EDM_S3,literature,3,VAM_top3_rollout,modified,VAM,73.0,ok,73.0,73.0,0.0,0.0,0.0,0.0,100.0,True,True,0.002248300001156167
EDM_S3,literature,3,THP_top2_rollout,modified,THP,73.0,ok,77.0,77.0,5.47945205479452,0.0,4.0,5.47945205479452,94.8051948051948,False,True,0.0019913000014639692
EDM_S3,literature,3,THP_top3_rollout,modified,THP,73.0,ok,77.0,77.0,5.47945205479452,0.0,4.0,5.47945205479452,94.8051948051948,False,True,0.001754599999912898
EDM_S3,literature,3,THP_top2_LCMcompletion,modified,THP,73.0,ok,77.0,77.0,5.47945205479452,0.0,4.0,5.47945205479452,94.8051948051948,False,True,0.003228800000215415
EDM_S3,literature,3,VAM_top2_first_only,modified,VAM,73.0,ok,73.0,73.0,0.0,0.0,0.0,0.0,100.0,True,True,0.0007394999993266538
EDM_S3,literature,3,THP_top2_first_only,modified,THP,73.0,ok,77.0,77.0,5.47945205479452,0.0,4.0,5.47945205479452,94.8051948051948,False,True,0.0012786999996023951
EDM_S3,literature,3,VAM_tieA_top2_rollout,modified,VAM,73.0,ok,73.0,73.0,0.0,0.0,0.0,0.0,100.0,True,True,0.002382200000283774
EDM_S3,literature,3,MRM_orientation_ensemble,modified,MRM,73.0,ok,73.0,73.0,0.0,0.0,0.0,0.0,100.0,True,True,0.0009282999999413732
EDM_S3,literature,3,LCM_score_alpha025,modified,LCM,73.0,ok,77.0,77.0,5.47945205479452,0.0,4.0,5.47945205479452,94.8051948051948,False,True,0.0007267999990290264
EDM_S3,literature,3,LCM_score_alpha050,modified,LCM,73.0,ok,77.0,77.0,5.47945205479452,0.0,4.0,5.47945205479452,94.8051948051948,False,True,0.000647900000330992
EDM_S3,literature,3,LCM_score_alpha075,modified,LCM,73.0,ok,77.0,77.0,5.47945205479452,0.0,4.0,5.47945205479452,94.8051948051948,False,True,0.0007652000003872672
EDM_S4,literature,4,LCM_tie_allocation,modified,LCM,127.0,ok,133.0,133.0,4.724409448818897,0.0,6.0,4.724409448818897,95.48872180451127,False,True,0.00023039999905449804
EDM_S4,literature,4,VAM_tie_cost,modified,VAM,127.0,ok,127.0,127.0,0.0,0.0,0.0,0.0,100.0,True,True,0.00042809999831661116
EDM_S4,literature,4,VAM_tie_allocation,modified,VAM,127.0,ok,127.0,127.0,0.0,0.0,0.0,0.0,100.0,True,True,0.000483600000734441
EDM_S4,literature,4,VAM_penalty_sqrtA,modified,VAM,127.0,ok,127.0,127.0,0.0,0.0,0.0,0.0,100.0,True,True,0.00039819999983592425
EDM_S4,literature,4,VAM_penalty_A,modified,VAM,127.0,ok,127.0,127.0,0.0,0.0,0.0,0.0,100.0,True,True,0.0006615000002057059
EDM_S4,literature,4,TDSM_theta1_5,modified,TDSM,127.0,ok,133.0,133.0,4.724409448818897,0.0,6.0,4.724409448818897,95.48872180451127,False,True,0.00027010000121663325
EDM_S4,literature,4,LCM_top2_product,modified,LCM,127.0,ok,140.0,133.0,4.724409448818897,-7.0,13.0,10.236220472440944,90.71428571428571,False,True,0.0002977999993163394
EDM_S4,literature,4,LCM_top2_LB,modified,LCM,127.0,ok,140.0,133.0,4.724409448818897,-7.0,13.0,10.236220472440944,90.71428571428571,False,True,0.0005409999994299142
EDM_S4,literature,4,VAM_top2_LB,modified,VAM,127.0,ok,133.0,127.0,0.0,-6.0,6.0,4.724409448818897,95.48872180451127,False,True,0.000633699999525561
EDM_S4,literature,4,THP_top2_LB,modified,THP,127.0,ok,127.0,133.0,4.724409448818897,6.0,0.0,0.0,100.0,True,True,0.000811400001111906
EDM_S4,literature,4,LCM_top2_rollout,modified,LCM,127.0,ok,133.0,133.0,4.724409448818897,0.0,6.0,4.724409448818897,95.48872180451127,False,True,0.0011948999999731313
EDM_S4,literature,4,LCM_top3_rollout,modified,LCM,127.0,ok,133.0,133.0,4.724409448818897,0.0,6.0,4.724409448818897,95.48872180451127,False,True,0.0009219999992637895
EDM_S4,literature,4,VAM_top2_rollout,modified,VAM,127.0,ok,127.0,127.0,0.0,0.0,0.0,0.0,100.0,True,True,0.002100399999108049
EDM_S4,literature,4,VAM_top3_rollout,modified,VAM,127.0,ok,127.0,127.0,0.0,0.0,0.0,0.0,100.0,True,True,0.001839500000642147
EDM_S4,literature,4,THP_top2_rollout,modified,THP,127.0,ok,133.0,133.0,4.724409448818897,0.0,6.0,4.724409448818897,95.48872180451127,False,True,0.0012964000015927013
EDM_S4,literature,4,THP_top3_rollout,modified,THP,127.0,ok,133.0,133.0,4.724409448818897,0.0,6.0,4.724409448818897,95.48872180451127,False,True,0.00450029999956314
EDM_S4,literature,4,THP_top2_LCMcompletion,modified,THP,127.0,ok,133.0,133.0,4.724409448818897,0.0,6.0,4.724409448818897,95.48872180451127,False,True,0.0008552999988751253
EDM_S4,literature,4,VAM_top2_first_only,modified,VAM,127.0,ok,127.0,127.0,0.0,0.0,0.0,0.0,100.0,True,True,0.0006830999991507269
EDM_S4,literature,4,THP_top2_first_only,modified,THP,127.0,ok,133.0,133.0,4.724409448818897,0.0,6.0,4.724409448818897,95.48872180451127,False,True,0.0005024999991292134
EDM_S4,literature,4,VAM_tieA_top2_rollout,modified,VAM,127.0,ok,127.0,127.0,0.0,0.0,0.0,0.0,100.0,True,True,0.0015996999991330085
EDM_S4,literature,4,MRM_orientation_ensemble,modified,MRM,127.0,ok,133.0,133.0,4.724409448818897,0.0,6.0,4.724409448818897,95.48872180451127,False,True,0.0005444999987957999
EDM_S4,literature,4,LCM_score_alpha025,modified,LCM,127.0,ok,133.0,133.0,4.724409448818897,0.0,6.0,4.724409448818897,95.48872180451127,False,True,0.0005185999998502666
EDM_S4,literature,4,LCM_score_alpha050,modified,LCM,127.0,ok,133.0,133.0,4.724409448818897,0.0,6.0,4.724409448818897,95.48872180451127,False,True,0.0006298999996943166
EDM_S4,literature,4,LCM_score_alpha075,modified,LCM,127.0,ok,133.0,133.0,4.724409448818897,0.0,6.0,4.724409448818897,95.48872180451127,False,True,0.001143400000728434
EDM_S5,literature,4,LCM_tie_allocation,modified,LCM,1380.0,ok,1540.0,1540.0,11.594202898550725,0.0,160.0,11.594202898550725,89.6103896103896,False,True,0.0003157999999530148
EDM_S5,literature,4,VAM_tie_cost,modified,VAM,1380.0,ok,1380.0,1380.0,0.0,0.0,0.0,0.0,100.0,True,True,0.0006839000016043428
EDM_S5,literature,4,VAM_tie_allocation,modified,VAM,1380.0,ok,1380.0,1380.0,0.0,0.0,0.0,0.0,100.0,True,True,0.0006527000005007721
EDM_S5,literature,4,VAM_penalty_sqrtA,modified,VAM,1380.0,ok,1380.0,1380.0,0.0,0.0,0.0,0.0,100.0,True,True,0.0006074000011722092
EDM_S5,literature,4,VAM_penalty_A,modified,VAM,1380.0,ok,1380.0,1380.0,0.0,0.0,0.0,0.0,100.0,True,True,0.0005960999988019466
EDM_S5,literature,4,TDSM_theta1_5,modified,TDSM,1380.0,ok,1385.0,1385.0,0.36231884057971014,0.0,5.0,0.36231884057971014,99.63898916967509,False,True,0.000987500001428998
EDM_S5,literature,4,LCM_top2_product,modified,LCM,1380.0,ok,1535.0,1540.0,11.594202898550725,5.0,155.0,11.231884057971014,89.90228013029316,False,True,0.00036720000025525223
EDM_S5,literature,4,LCM_top2_LB,modified,LCM,1380.0,ok,1480.0,1540.0,11.594202898550725,60.0,100.0,7.246376811594203,93.24324324324324,False,True,0.0007839999998395797
EDM_S5,literature,4,VAM_top2_LB,modified,VAM,1380.0,ok,1380.0,1380.0,0.0,0.0,0.0,0.0,100.0,True,True,0.0011743999984901166
EDM_S5,literature,4,THP_top2_LB,modified,THP,1380.0,ok,1480.0,1540.0,11.594202898550725,60.0,100.0,7.246376811594203,93.24324324324324,False,True,0.0010297000007994939
EDM_S5,literature,4,LCM_top2_rollout,modified,LCM,1380.0,ok,1480.0,1540.0,11.594202898550725,60.0,100.0,7.246376811594203,93.24324324324324,False,True,0.0012609999994310783
EDM_S5,literature,4,LCM_top3_rollout,modified,LCM,1380.0,ok,1480.0,1540.0,11.594202898550725,60.0,100.0,7.246376811594203,93.24324324324324,False,True,0.0017725000016071135
EDM_S5,literature,4,VAM_top2_rollout,modified,VAM,1380.0,ok,1380.0,1380.0,0.0,0.0,0.0,0.0,100.0,True,True,0.0047606999996787636
EDM_S5,literature,4,VAM_top3_rollout,modified,VAM,1380.0,ok,1380.0,1380.0,0.0,0.0,0.0,0.0,100.0,True,True,0.005545600000914419
EDM_S5,literature,4,THP_top2_rollout,modified,THP,1380.0,ok,1395.0,1540.0,11.594202898550725,145.0,15.0,1.0869565217391304,98.9247311827957,False,True,0.003389900000911439
EDM_S5,literature,4,THP_top3_rollout,modified,THP,1380.0,ok,1380.0,1540.0,11.594202898550725,160.0,0.0,0.0,100.0,True,True,0.0036716000013257144
EDM_S5,literature,4,THP_top2_LCMcompletion,modified,THP,1380.0,ok,1385.0,1540.0,11.594202898550725,155.0,5.0,0.36231884057971014,99.63898916967509,False,True,0.0018804999999701977
EDM_S5,literature,4,VAM_top2_first_only,modified,VAM,1380.0,ok,1380.0,1380.0,0.0,0.0,0.0,0.0,100.0,True,True,0.0011469000000943197
EDM_S5,literature,4,THP_top2_first_only,modified,THP,1380.0,ok,1540.0,1540.0,11.594202898550725,0.0,160.0,11.594202898550725,89.6103896103896,False,True,0.0009205000005749753
EDM_S5,literature,4,VAM_tieA_top2_rollout,modified,VAM,1380.0,ok,1380.0,1380.0,0.0,0.0,0.0,0.0,100.0,True,True,0.003143100000670529
EDM_S5,literature,4,MRM_orientation_ensemble,modified,MRM,1380.0,ok,1385.0,1385.0,0.36231884057971014,0.0,5.0,0.36231884057971014,99.63898916967509,False,True,0.0006742000005033333
EDM_S5,literature,4,LCM_score_alpha025,modified,LCM,1380.0,ok,1540.0,1540.0,11.594202898550725,0.0,160.0,11.594202898550725,89.6103896103896,False,True,0.001794900001186761
EDM_S5,literature,4,LCM_score_alpha050,modified,LCM,1380.0,ok,1540.0,1540.0,11.594202898550725,0.0,160.0,11.594202898550725,89.6103896103896,False,True,0.000950100000409293
EDM_S5,literature,4,LCM_score_alpha075,modified,LCM,1380.0,ok,1540.0,1540.0,11.594202898550725,0.0,160.0,11.594202898550725,89.6103896103896,False,True,0.0005476000005728565
MRM_BTP1,literature,3,LCM_tie_allocation,modified,LCM,475.0,ok,605.0,605.0,27.36842105263158,0.0,130.0,27.36842105263158,78.51239669421487,False,True,0.00020199999926262535
MRM_BTP1,literature,3,VAM_tie_cost,modified,VAM,475.0,ok,490.0,490.0,3.1578947368421053,0.0,15.0,3.1578947368421053,96.93877551020408,False,True,0.00030199999855540227
MRM_BTP1,literature,3,VAM_tie_allocation,modified,VAM,475.0,ok,490.0,490.0,3.1578947368421053,0.0,15.0,3.1578947368421053,96.93877551020408,False,True,0.0004117999997106381
MRM_BTP1,literature,3,VAM_penalty_sqrtA,modified,VAM,475.0,ok,490.0,490.0,3.1578947368421053,0.0,15.0,3.1578947368421053,96.93877551020408,False,True,0.00029970000105095096
MRM_BTP1,literature,3,VAM_penalty_A,modified,VAM,475.0,ok,490.0,490.0,3.1578947368421053,0.0,15.0,3.1578947368421053,96.93877551020408,False,True,0.0005094000007375143
MRM_BTP1,literature,3,TDSM_theta1_5,modified,TDSM,475.0,ok,490.0,475.0,0.0,-15.0,15.0,3.1578947368421053,96.93877551020408,False,True,0.00041310000051453244
MRM_BTP1,literature,3,LCM_top2_product,modified,LCM,475.0,ok,605.0,605.0,27.36842105263158,0.0,130.0,27.36842105263158,78.51239669421487,False,True,0.00020740000036312267
MRM_BTP1,literature,3,LCM_top2_LB,modified,LCM,475.0,ok,475.0,605.0,27.36842105263158,130.0,0.0,0.0,100.0,True,True,0.0005192000007809838
MRM_BTP1,literature,3,VAM_top2_LB,modified,VAM,475.0,ok,535.0,490.0,3.1578947368421053,-45.0,60.0,12.631578947368421,88.78504672897196,False,True,0.0006208999984664842
MRM_BTP1,literature,3,THP_top2_LB,modified,THP,475.0,ok,475.0,490.0,3.1578947368421053,15.0,0.0,0.0,100.0,True,True,0.0006800999999541091
MRM_BTP1,literature,3,LCM_top2_rollout,modified,LCM,475.0,ok,490.0,605.0,27.36842105263158,115.0,15.0,3.1578947368421053,96.93877551020408,False,True,0.000758099999075057
MRM_BTP1,literature,3,LCM_top3_rollout,modified,LCM,475.0,ok,490.0,605.0,27.36842105263158,115.0,15.0,3.1578947368421053,96.93877551020408,False,True,0.0008072000000538537
MRM_BTP1,literature,3,VAM_top2_rollout,modified,VAM,475.0,ok,490.0,490.0,3.1578947368421053,0.0,15.0,3.1578947368421053,96.93877551020408,False,True,0.001083499999367632
MRM_BTP1,literature,3,VAM_top3_rollout,modified,VAM,475.0,ok,490.0,490.0,3.1578947368421053,0.0,15.0,3.1578947368421053,96.93877551020408,False,True,0.001760400000421214
MRM_BTP1,literature,3,THP_top2_rollout,modified,THP,475.0,ok,475.0,490.0,3.1578947368421053,15.0,0.0,0.0,100.0,True,True,0.0011178999993717298
MRM_BTP1,literature,3,THP_top3_rollout,modified,THP,475.0,ok,475.0,490.0,3.1578947368421053,15.0,0.0,0.0,100.0,True,True,0.0013209999997343402
MRM_BTP1,literature,3,THP_top2_LCMcompletion,modified,THP,475.0,ok,490.0,490.0,3.1578947368421053,0.0,15.0,3.1578947368421053,96.93877551020408,False,True,0.0011752999998861924
MRM_BTP1,literature,3,VAM_top2_first_only,modified,VAM,475.0,ok,490.0,490.0,3.1578947368421053,0.0,15.0,3.1578947368421053,96.93877551020408,False,True,0.0005851999994774815
MRM_BTP1,literature,3,THP_top2_first_only,modified,THP,475.0,ok,475.0,490.0,3.1578947368421053,15.0,0.0,0.0,100.0,True,True,0.0007031000004644739
MRM_BTP1,literature,3,VAM_tieA_top2_rollout,modified,VAM,475.0,ok,475.0,490.0,3.1578947368421053,15.0,0.0,0.0,100.0,True,True,0.0013511999986803858
MRM_BTP1,literature,3,MRM_orientation_ensemble,modified,MRM,475.0,ok,475.0,475.0,0.0,0.0,0.0,0.0,100.0,True,True,0.0004612000011547934
MRM_BTP1,literature,3,LCM_score_alpha025,modified,LCM,475.0,ok,595.0,605.0,27.36842105263158,10.0,120.0,25.263157894736842,79.83193277310924,False,True,0.00035010000101465266
MRM_BTP1,literature,3,LCM_score_alpha050,modified,LCM,475.0,ok,605.0,605.0,27.36842105263158,0.0,130.0,27.36842105263158,78.51239669421487,False,True,0.0003493999993224861
MRM_BTP1,literature,3,LCM_score_alpha075,modified,LCM,475.0,ok,605.0,605.0,27.36842105263158,0.0,130.0,27.36842105263158,78.51239669421487,False,True,0.000323799999023322
MRM_BTP3,literature,3,LCM_tie_allocation,modified,LCM,240.0,ok,248.0,248.0,3.3333333333333335,0.0,8.0,3.3333333333333335,96.7741935483871,False,True,0.00044809999963035807
MRM_BTP3,literature,3,VAM_tie_cost,modified,VAM,240.0,ok,248.0,248.0,3.3333333333333335,0.0,8.0,3.3333333333333335,96.7741935483871,False,True,0.0005576000003202353
MRM_BTP3,literature,3,VAM_tie_allocation,modified,VAM,240.0,ok,240.0,248.0,3.3333333333333335,8.0,0.0,0.0,100.0,True,True,0.0013275000001158332
MRM_BTP3,literature,3,VAM_penalty_sqrtA,modified,VAM,240.0,ok,240.0,248.0,3.3333333333333335,8.0,0.0,0.0,100.0,True,True,0.0012841999996453524
MRM_BTP3,literature,3,VAM_penalty_A,modified,VAM,240.0,ok,240.0,248.0,3.3333333333333335,8.0,0.0,0.0,100.0,True,True,0.0030433000010816613
MRM_BTP3,literature,3,TDSM_theta1_5,modified,TDSM,240.0,ok,248.0,248.0,3.3333333333333335,0.0,8.0,3.3333333333333335,96.7741935483871,False,True,0.0004656000000977656
MRM_BTP3,literature,3,LCM_top2_product,modified,LCM,240.0,ok,248.0,248.0,3.3333333333333335,0.0,8.0,3.3333333333333335,96.7741935483871,False,True,0.0004248000004736241
MRM_BTP3,literature,3,LCM_top2_LB,modified,LCM,240.0,ok,248.0,248.0,3.3333333333333335,0.0,8.0,3.3333333333333335,96.7741935483871,False,True,0.0009962999993149424
MRM_BTP3,literature,3,VAM_top2_LB,modified,VAM,240.0,ok,248.0,248.0,3.3333333333333335,0.0,8.0,3.3333333333333335,96.7741935483871,False,True,0.0009074000008695293
MRM_BTP3,literature,3,THP_top2_LB,modified,THP,240.0,ok,241.0,249.0,3.75,8.0,1.0,0.4166666666666667,99.5850622406639,False,True,0.0010330000004614703
MRM_BTP3,literature,3,LCM_top2_rollout,modified,LCM,240.0,ok,248.0,248.0,3.3333333333333335,0.0,8.0,3.3333333333333335,96.7741935483871,False,True,0.0013495000002876623
MRM_BTP3,literature,3,LCM_top3_rollout,modified,LCM,240.0,ok,240.0,248.0,3.3333333333333335,8.0,0.0,0.0,100.0,True,True,0.0013770999994449085
MRM_BTP3,literature,3,VAM_top2_rollout,modified,VAM,240.0,ok,240.0,248.0,3.3333333333333335,8.0,0.0,0.0,100.0,True,True,0.0024486999991495395
MRM_BTP3,literature,3,VAM_top3_rollout,modified,VAM,240.0,ok,240.0,248.0,3.3333333333333335,8.0,0.0,0.0,100.0,True,True,0.0034182000017608516
MRM_BTP3,literature,3,THP_top2_rollout,modified,THP,240.0,ok,241.0,249.0,3.75,8.0,1.0,0.4166666666666667,99.5850622406639,False,True,0.004143600001043524
MRM_BTP3,literature,3,THP_top3_rollout,modified,THP,240.0,ok,240.0,249.0,3.75,9.0,0.0,0.0,100.0,True,True,0.005199299999731011
MRM_BTP3,literature,3,THP_top2_LCMcompletion,modified,THP,240.0,ok,241.0,249.0,3.75,8.0,1.0,0.4166666666666667,99.5850622406639,False,True,0.0031060000001161825
MRM_BTP3,literature,3,VAM_top2_first_only,modified,VAM,240.0,ok,248.0,248.0,3.3333333333333335,0.0,8.0,3.3333333333333335,96.7741935483871,False,True,0.0009291000005759997
MRM_BTP3,literature,3,THP_top2_first_only,modified,THP,240.0,ok,249.0,249.0,3.75,0.0,9.0,3.75,96.3855421686747,False,True,0.000895499999387539
MRM_BTP3,literature,3,VAM_tieA_top2_rollout,modified,VAM,240.0,ok,240.0,248.0,3.3333333333333335,8.0,0.0,0.0,100.0,True,True,0.005419799999799579
MRM_BTP3,literature,3,MRM_orientation_ensemble,modified,MRM,240.0,ok,248.0,248.0,3.3333333333333335,0.0,8.0,3.3333333333333335,96.7741935483871,False,True,0.0015750000002299203
MRM_BTP3,literature,3,LCM_score_alpha025,modified,LCM,240.0,ok,248.0,248.0,3.3333333333333335,0.0,8.0,3.3333333333333335,96.7741935483871,False,True,0.0011407000001781853
MRM_BTP3,literature,3,LCM_score_alpha050,modified,LCM,240.0,ok,248.0,248.0,3.3333333333333335,0.0,8.0,3.3333333333333335,96.7741935483871,False,True,0.0004194000011921162
MRM_BTP3,literature,3,LCM_score_alpha075,modified,LCM,240.0,ok,248.0,248.0,3.3333333333333335,0.0,8.0,3.3333333333333335,96.7741935483871,False,True,0.0004910000006930204
MRM_BTP6,literature,3,LCM_tie_allocation,modified,LCM,3320.0,ok,3620.0,3320.0,0.0,-300.0,300.0,9.036144578313253,91.71270718232044,False,True,0.0006649000006291317
MRM_BTP6,literature,3,VAM_tie_cost,modified,VAM,3320.0,ok,3320.0,3320.0,0.0,0.0,0.0,0.0,100.0,True,True,0.0012739000012516044
MRM_BTP6,literature,3,VAM_tie_allocation,modified,VAM,3320.0,ok,3320.0,3320.0,0.0,0.0,0.0,0.0,100.0,True,True,0.0011660000000119908
MRM_BTP6,literature,3,VAM_penalty_sqrtA,modified,VAM,3320.0,ok,3320.0,3320.0,0.0,0.0,0.0,0.0,100.0,True,True,0.001123399999414687
MRM_BTP6,literature,3,VAM_penalty_A,modified,VAM,3320.0,ok,3500.0,3320.0,0.0,-180.0,180.0,5.421686746987952,94.85714285714286,False,True,0.001083400000425172
MRM_BTP6,literature,3,TDSM_theta1_5,modified,TDSM,3320.0,ok,3320.0,3320.0,0.0,0.0,0.0,0.0,100.0,True,True,0.0007131000002118526
MRM_BTP6,literature,3,LCM_top2_product,modified,LCM,3320.0,ok,3320.0,3320.0,0.0,0.0,0.0,0.0,100.0,True,True,0.0002547000003687572
MRM_BTP6,literature,3,LCM_top2_LB,modified,LCM,3320.0,ok,3320.0,3320.0,0.0,0.0,0.0,0.0,100.0,True,True,0.00051299999904586
MRM_BTP6,literature,3,VAM_top2_LB,modified,VAM,3320.0,ok,3320.0,3320.0,0.0,0.0,0.0,0.0,100.0,True,True,0.0009503000001132023
MRM_BTP6,literature,3,THP_top2_LB,modified,THP,3320.0,ok,3320.0,3320.0,0.0,0.0,0.0,0.0,100.0,True,True,0.0029494000009435695
MRM_BTP6,literature,3,LCM_top2_rollout,modified,LCM,3320.0,ok,3320.0,3320.0,0.0,0.0,0.0,0.0,100.0,True,True,0.0023186000016721664
MRM_BTP6,literature,3,LCM_top3_rollout,modified,LCM,3320.0,ok,3320.0,3320.0,0.0,0.0,0.0,0.0,100.0,True,True,0.0025879999993776437
MRM_BTP6,literature,3,VAM_top2_rollout,modified,VAM,3320.0,ok,3320.0,3320.0,0.0,0.0,0.0,0.0,100.0,True,True,0.004842100001042127
MRM_BTP6,literature,3,VAM_top3_rollout,modified,VAM,3320.0,ok,3320.0,3320.0,0.0,0.0,0.0,0.0,100.0,True,True,0.002942600000096718
MRM_BTP6,literature,3,THP_top2_rollout,modified,THP,3320.0,ok,3320.0,3320.0,0.0,0.0,0.0,0.0,100.0,True,True,0.0028839000005973503
MRM_BTP6,literature,3,THP_top3_rollout,modified,THP,3320.0,ok,3320.0,3320.0,0.0,0.0,0.0,0.0,100.0,True,True,0.005072600000858074
MRM_BTP6,literature,3,THP_top2_LCMcompletion,modified,THP,3320.0,ok,3320.0,3320.0,0.0,0.0,0.0,0.0,100.0,True,True,0.0020296999991842313
MRM_BTP6,literature,3,VAM_top2_first_only,modified,VAM,3320.0,ok,3320.0,3320.0,0.0,0.0,0.0,0.0,100.0,True,True,0.002951000000393833
MRM_BTP6,literature,3,THP_top2_first_only,modified,THP,3320.0,ok,3320.0,3320.0,0.0,0.0,0.0,0.0,100.0,True,True,0.0011513000008562813
MRM_BTP6,literature,3,VAM_tieA_top2_rollout,modified,VAM,3320.0,ok,3320.0,3320.0,0.0,0.0,0.0,0.0,100.0,True,True,0.004571200001009856
MRM_BTP6,literature,3,MRM_orientation_ensemble,modified,MRM,3320.0,ok,3320.0,3320.0,0.0,0.0,0.0,0.0,100.0,True,True,0.0015554000001429813
MRM_BTP6,literature,3,LCM_score_alpha025,modified,LCM,3320.0,ok,3620.0,3320.0,0.0,-300.0,300.0,9.036144578313253,91.71270718232044,False,True,0.0012605000010807998
MRM_BTP6,literature,3,LCM_score_alpha050,modified,LCM,3320.0,ok,3620.0,3320.0,0.0,-300.0,300.0,9.036144578313253,91.71270718232044,False,True,0.0011864000007335562
MRM_BTP6,literature,3,LCM_score_alpha075,modified,LCM,3320.0,ok,3620.0,3320.0,0.0,-300.0,300.0,9.036144578313253,91.71270718232044,False,True,0.001144100000601611
MRM_BTP7,literature,3,LCM_tie_allocation,modified,LCM,1390.0,ok,1450.0,1450.0,4.316546762589928,0.0,60.0,4.316546762589928,95.86206896551724,False,True,0.0006115000014688121
MRM_BTP7,literature,3,VAM_tie_cost,modified,VAM,1390.0,ok,1390.0,1500.0,7.913669064748201,110.0,0.0,0.0,100.0,True,True,0.00094849999914004
MRM_BTP7,literature,3,VAM_tie_allocation,modified,VAM,1390.0,ok,1390.0,1500.0,7.913669064748201,110.0,0.0,0.0,100.0,True,True,0.0009532999993098201
MRM_BTP7,literature,3,VAM_penalty_sqrtA,modified,VAM,1390.0,ok,1390.0,1500.0,7.913669064748201,110.0,0.0,0.0,100.0,True,True,0.0008675999997649342
MRM_BTP7,literature,3,VAM_penalty_A,modified,VAM,1390.0,ok,1450.0,1500.0,7.913669064748201,50.0,60.0,4.316546762589928,95.86206896551724,False,True,0.0007913999997981591
MRM_BTP7,literature,3,TDSM_theta1_5,modified,TDSM,1390.0,ok,1440.0,1440.0,3.597122302158273,0.0,50.0,3.597122302158273,96.52777777777777,False,True,0.0007886000003054505
MRM_BTP7,literature,3,LCM_top2_product,modified,LCM,1390.0,ok,1390.0,1450.0,4.316546762589928,60.0,0.0,0.0,100.0,True,True,0.0005774000001110835
MRM_BTP7,literature,3,LCM_top2_LB,modified,LCM,1390.0,ok,1390.0,1450.0,4.316546762589928,60.0,0.0,0.0,100.0,True,True,0.001228600000104052
MRM_BTP7,literature,3,VAM_top2_LB,modified,VAM,1390.0,ok,1390.0,1500.0,7.913669064748201,110.0,0.0,0.0,100.0,True,True,0.0007236999990709592
MRM_BTP7,literature,3,THP_top2_LB,modified,THP,1390.0,ok,1390.0,1390.0,0.0,0.0,0.0,0.0,100.0,True,True,0.000588800001423806
MRM_BTP7,literature,3,LCM_top2_rollout,modified,LCM,1390.0,ok,1390.0,1450.0,4.316546762589928,60.0,0.0,0.0,100.0,True,True,0.002217499999460415
MRM_BTP7,literature,3,LCM_top3_rollout,modified,LCM,1390.0,ok,1390.0,1450.0,4.316546762589928,60.0,0.0,0.0,100.0,True,True,0.00232270000014978
MRM_BTP7,literature,3,VAM_top2_rollout,modified,VAM,1390.0,ok,1390.0,1500.0,7.913669064748201,110.0,0.0,0.0,100.0,True,True,0.0032090000004245667
MRM_BTP7,literature,3,VAM_top3_rollout,modified,VAM,1390.0,ok,1390.0,1500.0,7.913669064748201,110.0,0.0,0.0,100.0,True,True,0.0014688999999634689
MRM_BTP7,literature,3,THP_top2_rollout,modified,THP,1390.0,ok,1390.0,1390.0,0.0,0.0,0.0,0.0,100.0,True,True,0.003081100001509185
MRM_BTP7,literature,3,THP_top3_rollout,modified,THP,1390.0,ok,1390.0,1390.0,0.0,0.0,0.0,0.0,100.0,True,True,0.0012944999998580897
MRM_BTP7,literature,3,THP_top2_LCMcompletion,modified,THP,1390.0,ok,1390.0,1390.0,0.0,0.0,0.0,0.0,100.0,True,True,0.0008266999993793434
MRM_BTP7,literature,3,VAM_top2_first_only,modified,VAM,1390.0,ok,1390.0,1500.0,7.913669064748201,110.0,0.0,0.0,100.0,True,True,0.0004926999990857439
MRM_BTP7,literature,3,THP_top2_first_only,modified,THP,1390.0,ok,1390.0,1390.0,0.0,0.0,0.0,0.0,100.0,True,True,0.0004594999991240911
MRM_BTP7,literature,3,VAM_tieA_top2_rollout,modified,VAM,1390.0,ok,1390.0,1500.0,7.913669064748201,110.0,0.0,0.0,100.0,True,True,0.0013710000002902234
MRM_BTP7,literature,3,MRM_orientation_ensemble,modified,MRM,1390.0,ok,1390.0,1390.0,0.0,0.0,0.0,0.0,100.0,True,True,0.0004800000006071059
MRM_BTP7,literature,3,LCM_score_alpha025,modified,LCM,1390.0,ok,1450.0,1450.0,4.316546762589928,0.0,60.0,4.316546762589928,95.86206896551724,False,True,0.0004590999997162726
MRM_BTP7,literature,3,LCM_score_alpha050,modified,LCM,1390.0,ok,1450.0,1450.0,4.316546762589928,0.0,60.0,4.316546762589928,95.86206896551724,False,True,0.0003504999986034818
MRM_BTP7,literature,3,LCM_score_alpha075,modified,LCM,1390.0,ok,1450.0,1450.0,4.316546762589928,0.0,60.0,4.316546762589928,95.86206896551724,False,True,0.0006122000013419893
MRM_BTP8,literature,3,LCM_tie_allocation,modified,LCM,830.0,ok,890.0,890.0,7.228915662650603,0.0,60.0,7.228915662650603,93.25842696629213,False,True,0.00021259999994072132
MRM_BTP8,literature,3,VAM_tie_cost,modified,VAM,830.0,ok,830.0,830.0,0.0,0.0,0.0,0.0,100.0,True,True,0.00035970000135421287
MRM_BTP8,literature,3,VAM_tie_allocation,modified,VAM,830.0,ok,830.0,830.0,0.0,0.0,0.0,0.0,100.0,True,True,0.0004321000014897436
MRM_BTP8,literature,3,VAM_penalty_sqrtA,modified,VAM,830.0,ok,830.0,830.0,0.0,0.0,0.0,0.0,100.0,True,True,0.00033040000016626436
MRM_BTP8,literature,3,VAM_penalty_A,modified,VAM,830.0,ok,830.0,830.0,0.0,0.0,0.0,0.0,100.0,True,True,0.000322599998980877
MRM_BTP8,literature,3,TDSM_theta1_5,modified,TDSM,830.0,ok,830.0,830.0,0.0,0.0,0.0,0.0,100.0,True,True,0.0003606999998737592
MRM_BTP8,literature,3,LCM_top2_product,modified,LCM,830.0,ok,890.0,890.0,7.228915662650603,0.0,60.0,7.228915662650603,93.25842696629213,False,True,0.0002144999998563435
MRM_BTP8,literature,3,LCM_top2_LB,modified,LCM,830.0,ok,830.0,890.0,7.228915662650603,60.0,0.0,0.0,100.0,True,True,0.00047479999921051785
MRM_BTP8,literature,3,VAM_top2_LB,modified,VAM,830.0,ok,830.0,830.0,0.0,0.0,0.0,0.0,100.0,True,True,0.0006537999997817678
MRM_BTP8,literature,3,THP_top2_LB,modified,THP,830.0,ok,830.0,890.0,7.228915662650603,60.0,0.0,0.0,100.0,True,True,0.0017363000006298535
MRM_BTP8,literature,3,LCM_top2_rollout,modified,LCM,830.0,ok,830.0,890.0,7.228915662650603,60.0,0.0,0.0,100.0,True,True,0.0019852000004902948
MRM_BTP8,literature,3,LCM_top3_rollout,modified,LCM,830.0,ok,830.0,890.0,7.228915662650603,60.0,0.0,0.0,100.0,True,True,0.002066499999273219
MRM_BTP8,literature,3,VAM_top2_rollout,modified,VAM,830.0,ok,830.0,830.0,0.0,0.0,0.0,0.0,100.0,True,True,0.0012158999998064246
MRM_BTP8,literature,3,VAM_top3_rollout,modified,VAM,830.0,ok,830.0,830.0,0.0,0.0,0.0,0.0,100.0,True,True,0.004175099998974474
MRM_BTP8,literature,3,THP_top2_rollout,modified,THP,830.0,ok,890.0,890.0,7.228915662650603,0.0,60.0,7.228915662650603,93.25842696629213,False,True,0.0015313999992940808
MRM_BTP8,literature,3,THP_top3_rollout,modified,THP,830.0,ok,890.0,890.0,7.228915662650603,0.0,60.0,7.228915662650603,93.25842696629213,False,True,0.0015710000006947666
MRM_BTP8,literature,3,THP_top2_LCMcompletion,modified,THP,830.0,ok,830.0,890.0,7.228915662650603,60.0,0.0,0.0,100.0,True,True,0.0008346999984496506
MRM_BTP8,literature,3,VAM_top2_first_only,modified,VAM,830.0,ok,830.0,830.0,0.0,0.0,0.0,0.0,100.0,True,True,0.0004778000002261251
MRM_BTP8,literature,3,THP_top2_first_only,modified,THP,830.0,ok,890.0,890.0,7.228915662650603,0.0,60.0,7.228915662650603,93.25842696629213,False,True,0.0004922000007354654
MRM_BTP8,literature,3,VAM_tieA_top2_rollout,modified,VAM,830.0,ok,830.0,830.0,0.0,0.0,0.0,0.0,100.0,True,True,0.0012365000002318993
MRM_BTP8,literature,3,MRM_orientation_ensemble,modified,MRM,830.0,ok,830.0,830.0,0.0,0.0,0.0,0.0,100.0,True,True,0.0005002999987482326
MRM_BTP8,literature,3,LCM_score_alpha025,modified,LCM,830.0,ok,830.0,890.0,7.228915662650603,60.0,0.0,0.0,100.0,True,True,0.0005297999996400904
MRM_BTP8,literature,3,LCM_score_alpha050,modified,LCM,830.0,ok,890.0,890.0,7.228915662650603,0.0,60.0,7.228915662650603,93.25842696629213,False,True,0.00036360000012791716
MRM_BTP8,literature,3,LCM_score_alpha075,modified,LCM,830.0,ok,890.0,890.0,7.228915662650603,0.0,60.0,7.228915662650603,93.25842696629213,False,True,0.00037339999835239723
MRM_BTP9,literature,4,LCM_tie_allocation,modified,LCM,430.0,ok,470.0,450.0,4.651162790697675,-20.0,40.0,9.30232558139535,91.48936170212765,False,True,0.0002946999993582722
MRM_BTP9,literature,4,VAM_tie_cost,modified,VAM,430.0,ok,450.0,450.0,4.651162790697675,0.0,20.0,4.651162790697675,95.55555555555556,False,True,0.000654400000712485
MRM_BTP9,literature,4,VAM_tie_allocation,modified,VAM,430.0,ok,470.0,450.0,4.651162790697675,-20.0,40.0,9.30232558139535,91.48936170212765,False,True,0.0006523000010929536
MRM_BTP9,literature,4,VAM_penalty_sqrtA,modified,VAM,430.0,ok,470.0,450.0,4.651162790697675,-20.0,40.0,9.30232558139535,91.48936170212765,False,True,0.0007318999996641651
MRM_BTP9,literature,4,VAM_penalty_A,modified,VAM,430.0,ok,510.0,450.0,4.651162790697675,-60.0,80.0,18.6046511627907,84.31372549019608,False,True,0.0005404000003181864
MRM_BTP9,literature,4,TDSM_theta1_5,modified,TDSM,430.0,ok,450.0,450.0,4.651162790697675,0.0,20.0,4.651162790697675,95.55555555555556,False,True,0.001668200000494835
MRM_BTP9,literature,4,LCM_top2_product,modified,LCM,430.0,ok,450.0,450.0,4.651162790697675,0.0,20.0,4.651162790697675,95.55555555555556,False,True,0.0011781000011978904
MRM_BTP9,literature,4,LCM_top2_LB,modified,LCM,430.0,ok,450.0,450.0,4.651162790697675,0.0,20.0,4.651162790697675,95.55555555555556,False,True,0.001402399999278714
MRM_BTP9,literature,4,VAM_top2_LB,modified,VAM,430.0,ok,450.0,450.0,4.651162790697675,0.0,20.0,4.651162790697675,95.55555555555556,False,True,0.0013663000008818926
MRM_BTP9,literature,4,THP_top2_LB,modified,THP,430.0,ok,450.0,450.0,4.651162790697675,0.0,20.0,4.651162790697675,95.55555555555556,False,True,0.0012590999995154561
MRM_BTP9,literature,4,LCM_top2_rollout,modified,LCM,430.0,ok,450.0,450.0,4.651162790697675,0.0,20.0,4.651162790697675,95.55555555555556,False,True,0.004113400000278489
MRM_BTP9,literature,4,LCM_top3_rollout,modified,LCM,430.0,ok,430.0,450.0,4.651162790697675,20.0,0.0,0.0,100.0,True,True,0.0032624000014038756
MRM_BTP9,literature,4,VAM_top2_rollout,modified,VAM,430.0,ok,450.0,450.0,4.651162790697675,0.0,20.0,4.651162790697675,95.55555555555556,False,True,0.006136899999546586
MRM_BTP9,literature,4,VAM_top3_rollout,modified,VAM,430.0,ok,450.0,450.0,4.651162790697675,0.0,20.0,4.651162790697675,95.55555555555556,False,True,0.0071250000000873115
MRM_BTP9,literature,4,THP_top2_rollout,modified,THP,430.0,ok,450.0,450.0,4.651162790697675,0.0,20.0,4.651162790697675,95.55555555555556,False,True,0.004884399999355082
MRM_BTP9,literature,4,THP_top3_rollout,modified,THP,430.0,ok,430.0,450.0,4.651162790697675,20.0,0.0,0.0,100.0,True,True,0.011606899999605957
MRM_BTP9,literature,4,THP_top2_LCMcompletion,modified,THP,430.0,ok,450.0,450.0,4.651162790697675,0.0,20.0,4.651162790697675,95.55555555555556,False,True,0.0035892999985662755
MRM_BTP9,literature,4,VAM_top2_first_only,modified,VAM,430.0,ok,450.0,450.0,4.651162790697675,0.0,20.0,4.651162790697675,95.55555555555556,False,True,0.0016114000009110896
MRM_BTP9,literature,4,THP_top2_first_only,modified,THP,430.0,ok,450.0,450.0,4.651162790697675,0.0,20.0,4.651162790697675,95.55555555555556,False,True,0.0018631000002642395
MRM_BTP9,literature,4,VAM_tieA_top2_rollout,modified,VAM,430.0,ok,450.0,450.0,4.651162790697675,0.0,20.0,4.651162790697675,95.55555555555556,False,True,0.00408649999917543
MRM_BTP9,literature,4,MRM_orientation_ensemble,modified,MRM,430.0,ok,450.0,450.0,4.651162790697675,0.0,20.0,4.651162790697675,95.55555555555556,False,True,0.000796799999079667
MRM_BTP9,literature,4,LCM_score_alpha025,modified,LCM,430.0,ok,510.0,450.0,4.651162790697675,-60.0,80.0,18.6046511627907,84.31372549019608,False,True,0.0005014000016672071
MRM_BTP9,literature,4,LCM_score_alpha050,modified,LCM,430.0,ok,470.0,450.0,4.651162790697675,-20.0,40.0,9.30232558139535,91.48936170212765,False,True,0.0004939999998896383
MRM_BTP9,literature,4,LCM_score_alpha075,modified,LCM,430.0,ok,470.0,450.0,4.651162790697675,-20.0,40.0,9.30232558139535,91.48936170212765,False,True,0.0004951999999320833
MRM_BTP10,literature,3,LCM_tie_allocation,modified,LCM,68.0,ok,79.0,79.0,16.176470588235293,0.0,11.0,16.176470588235293,86.07594936708861,False,True,0.0009307000000262633
MRM_BTP10,literature,3,VAM_tie_cost,modified,VAM,68.0,ok,68.0,68.0,0.0,0.0,0.0,0.0,100.0,True,True,0.0014623999995819759
MRM_BTP10,literature,3,VAM_tie_allocation,modified,VAM,68.0,ok,68.0,68.0,0.0,0.0,0.0,0.0,100.0,True,True,0.0012575999990076525
MRM_BTP10,literature,3,VAM_penalty_sqrtA,modified,VAM,68.0,ok,68.0,68.0,0.0,0.0,0.0,0.0,100.0,True,True,0.0006794000000809319
MRM_BTP10,literature,3,VAM_penalty_A,modified,VAM,68.0,ok,68.0,68.0,0.0,0.0,0.0,0.0,100.0,True,True,0.0004275999999663327
MRM_BTP10,literature,3,TDSM_theta1_5,modified,TDSM,68.0,ok,68.0,68.0,0.0,0.0,0.0,0.0,100.0,True,True,0.0005744999998569256
MRM_BTP10,literature,3,LCM_top2_product,modified,LCM,68.0,ok,87.0,79.0,16.176470588235293,-8.0,19.0,27.941176470588236,78.16091954022988,False,True,0.0002899999999499414
MRM_BTP10,literature,3,LCM_top2_LB,modified,LCM,68.0,ok,68.0,79.0,16.176470588235293,11.0,0.0,0.0,100.0,True,True,0.0006696000000374625
MRM_BTP10,literature,3,VAM_top2_LB,modified,VAM,68.0,ok,68.0,68.0,0.0,0.0,0.0,0.0,100.0,True,True,0.0007573999992018798
MRM_BTP10,literature,3,THP_top2_LB,modified,THP,68.0,ok,68.0,77.0,13.235294117647058,9.0,0.0,0.0,100.0,True,True,0.000835999999253545
MRM_BTP10,literature,3,LCM_top2_rollout,modified,LCM,68.0,ok,68.0,79.0,16.176470588235293,11.0,0.0,0.0,100.0,True,True,0.0008042999997996958
MRM_BTP10,literature,3,LCM_top3_rollout,modified,LCM,68.0,ok,68.0,79.0,16.176470588235293,11.0,0.0,0.0,100.0,True,True,0.002839000000676606
MRM_BTP10,literature,3,VAM_top2_rollout,modified,VAM,68.0,ok,68.0,68.0,0.0,0.0,0.0,0.0,100.0,True,True,0.003250399999160436
MRM_BTP10,literature,3,VAM_top3_rollout,modified,VAM,68.0,ok,68.0,68.0,0.0,0.0,0.0,0.0,100.0,True,True,0.0019925000015064143
MRM_BTP10,literature,3,THP_top2_rollout,modified,THP,68.0,ok,68.0,77.0,13.235294117647058,9.0,0.0,0.0,100.0,True,True,0.0038991000001260545
MRM_BTP10,literature,3,THP_top3_rollout,modified,THP,68.0,ok,68.0,77.0,13.235294117647058,9.0,0.0,0.0,100.0,True,True,0.0024210000010498334
MRM_BTP10,literature,3,THP_top2_LCMcompletion,modified,THP,68.0,ok,68.0,77.0,13.235294117647058,9.0,0.0,0.0,100.0,True,True,0.00202740000167978
MRM_BTP10,literature,3,VAM_top2_first_only,modified,VAM,68.0,ok,68.0,68.0,0.0,0.0,0.0,0.0,100.0,True,True,0.002137100000254577
MRM_BTP10,literature,3,THP_top2_first_only,modified,THP,68.0,ok,68.0,77.0,13.235294117647058,9.0,0.0,0.0,100.0,True,True,0.0015375000002677552
MRM_BTP10,literature,3,VAM_tieA_top2_rollout,modified,VAM,68.0,ok,68.0,68.0,0.0,0.0,0.0,0.0,100.0,True,True,0.0017686999999568798
MRM_BTP10,literature,3,MRM_orientation_ensemble,modified,MRM,68.0,ok,68.0,68.0,0.0,0.0,0.0,0.0,100.0,True,True,0.0005239999991317745
MRM_BTP10,literature,3,LCM_score_alpha025,modified,LCM,68.0,ok,83.0,79.0,16.176470588235293,-4.0,15.0,22.058823529411764,81.92771084337349,False,True,0.0003961000002163928
MRM_BTP10,literature,3,LCM_score_alpha050,modified,LCM,68.0,ok,79.0,79.0,16.176470588235293,0.0,11.0,16.176470588235293,86.07594936708861,False,True,0.00039430000106221996
MRM_BTP10,literature,3,LCM_score_alpha075,modified,LCM,68.0,ok,79.0,79.0,16.176470588235293,0.0,11.0,16.176470588235293,86.07594936708861,False,True,0.0004850000004807953
MRM_UTP2,literature,4,LCM_tie_allocation,modified,LCM,12475.0,ok,14625.0,14625.0,17.23446893787575,0.0,2150.0,17.23446893787575,85.2991452991453,False,True,0.00039089999881980475
MRM_UTP2,literature,4,VAM_tie_cost,modified,VAM,12475.0,ok,13225.0,13225.0,6.012024048096192,0.0,750.0,6.012024048096192,94.3289224952741,False,True,0.0006035000005795155
MRM_UTP2,literature,4,VAM_tie_allocation,modified,VAM,12475.0,ok,13225.0,13225.0,6.012024048096192,0.0,750.0,6.012024048096192,94.3289224952741,False,True,0.0005903999990550801
MRM_UTP2,literature,4,VAM_penalty_sqrtA,modified,VAM,12475.0,ok,13225.0,13225.0,6.012024048096192,0.0,750.0,6.012024048096192,94.3289224952741,False,True,0.0006408999997802312
MRM_UTP2,literature,4,VAM_penalty_A,modified,VAM,12475.0,ok,13525.0,13225.0,6.012024048096192,-300.0,1050.0,8.41683366733467,92.2365988909427,False,True,0.0005836999989696778
MRM_UTP2,literature,4,TDSM_theta1_5,modified,TDSM,12475.0,ok,12925.0,12925.0,3.6072144288577155,0.0,450.0,3.6072144288577155,96.5183752417795,False,True,0.000525999999808846
MRM_UTP2,literature,4,LCM_top2_product,modified,LCM,12475.0,ok,14750.0,14625.0,17.23446893787575,-125.0,2275.0,18.236472945891784,84.57627118644068,False,True,0.00034889999915321823
MRM_UTP2,literature,4,LCM_top2_LB,modified,LCM,12475.0,ok,14275.0,14625.0,17.23446893787575,350.0,1800.0,14.428857715430862,87.39054290718039,False,True,0.0008720000005268957
MRM_UTP2,literature,4,VAM_top2_LB,modified,VAM,12475.0,ok,13225.0,13225.0,6.012024048096192,0.0,750.0,6.012024048096192,94.3289224952741,False,True,0.0031822000000829576
MRM_UTP2,literature,4,THP_top2_LB,modified,THP,12475.0,ok,13075.0,14750.0,18.236472945891784,1675.0,600.0,4.809619238476954,95.41108986615679,False,True,0.002875300000596326
MRM_UTP2,literature,4,LCM_top2_rollout,modified,LCM,12475.0,ok,14275.0,14625.0,17.23446893787575,350.0,1800.0,14.428857715430862,87.39054290718039,False,True,0.003357300000061514
MRM_UTP2,literature,4,LCM_top3_rollout,modified,LCM,12475.0,ok,13225.0,14625.0,17.23446893787575,1400.0,750.0,6.012024048096192,94.3289224952741,False,True,0.005455700000311481
MRM_UTP2,literature,4,VAM_top2_rollout,modified,VAM,12475.0,ok,12925.0,13225.0,6.012024048096192,300.0,450.0,3.6072144288577155,96.5183752417795,False,True,0.0026712999988376396
MRM_UTP2,literature,4,VAM_top3_rollout,modified,VAM,12475.0,ok,12925.0,13225.0,6.012024048096192,300.0,450.0,3.6072144288577155,96.5183752417795,False,True,0.004382799999802955
MRM_UTP2,literature,4,THP_top2_rollout,modified,THP,12475.0,ok,13075.0,14750.0,18.236472945891784,1675.0,600.0,4.809619238476954,95.41108986615679,False,True,0.003076099999816506
MRM_UTP2,literature,4,THP_top3_rollout,modified,THP,12475.0,ok,12925.0,14750.0,18.236472945891784,1825.0,450.0,3.6072144288577155,96.5183752417795,False,True,0.00705270000071323
MRM_UTP2,literature,4,THP_top2_LCMcompletion,modified,THP,12475.0,ok,13075.0,14750.0,18.236472945891784,1675.0,600.0,4.809619238476954,95.41108986615679,False,True,0.004706800000349176
MRM_UTP2,literature,4,VAM_top2_first_only,modified,VAM,12475.0,ok,12925.0,13225.0,6.012024048096192,300.0,450.0,3.6072144288577155,96.5183752417795,False,True,0.0024450000000797445
MRM_UTP2,literature,4,THP_top2_first_only,modified,THP,12475.0,ok,13075.0,14750.0,18.236472945891784,1675.0,600.0,4.809619238476954,95.41108986615679,False,True,0.0014872000010655029
MRM_UTP2,literature,4,VAM_tieA_top2_rollout,modified,VAM,12475.0,ok,12925.0,13225.0,6.012024048096192,300.0,450.0,3.6072144288577155,96.5183752417795,False,True,0.005191100000956794
MRM_UTP2,literature,4,MRM_orientation_ensemble,modified,MRM,12475.0,ok,12475.0,12475.0,0.0,0.0,0.0,0.0,100.0,True,True,0.0007590999994135927
MRM_UTP2,literature,4,LCM_score_alpha025,modified,LCM,12475.0,ok,15300.0,14625.0,17.23446893787575,-675.0,2825.0,22.645290581162325,81.5359477124183,False,True,0.0005148000000190223
MRM_UTP2,literature,4,LCM_score_alpha050,modified,LCM,12475.0,ok,15300.0,14625.0,17.23446893787575,-675.0,2825.0,22.645290581162325,81.5359477124183,False,True,0.0005550000005314359
MRM_UTP2,literature,4,LCM_score_alpha075,modified,LCM,12475.0,ok,14625.0,14625.0,17.23446893787575,0.0,2150.0,17.23446893787575,85.2991452991453,False,True,0.0008545000000594882
MRM_UTP3,literature,3,LCM_tie_allocation,modified,LCM,9200.0,ok,9800.0,9800.0,6.521739130434782,0.0,600.0,6.521739130434782,93.87755102040816,False,True,0.0006868000000395114
MRM_UTP3,literature,3,VAM_tie_cost,modified,VAM,9200.0,ok,9200.0,9200.0,0.0,0.0,0.0,0.0,100.0,True,True,0.0014060000012250384
MRM_UTP3,literature,3,VAM_tie_allocation,modified,VAM,9200.0,ok,9200.0,9200.0,0.0,0.0,0.0,0.0,100.0,True,True,0.001595600000655395
MRM_UTP3,literature,3,VAM_penalty_sqrtA,modified,VAM,9200.0,ok,9200.0,9200.0,0.0,0.0,0.0,0.0,100.0,True,True,0.0015472000013687648
MRM_UTP3,literature,3,VAM_penalty_A,modified,VAM,9200.0,ok,9200.0,9200.0,0.0,0.0,0.0,0.0,100.0,True,True,0.001413699999829987
MRM_UTP3,literature,3,TDSM_theta1_5,modified,TDSM,9200.0,ok,9200.0,9200.0,0.0,0.0,0.0,0.0,100.0,True,True,0.0011174999999639113
MRM_UTP3,literature,3,LCM_top2_product,modified,LCM,9200.0,ok,10700.0,9800.0,6.521739130434782,-900.0,1500.0,16.304347826086957,85.98130841121495,False,True,0.0009303999995609047
MRM_UTP3,literature,3,LCM_top2_LB,modified,LCM,9200.0,ok,9800.0,9800.0,6.521739130434782,0.0,600.0,6.521739130434782,93.87755102040816,False,True,0.0015186000000539934
MRM_UTP3,literature,3,VAM_top2_LB,modified,VAM,9200.0,ok,9200.0,9200.0,0.0,0.0,0.0,0.0,100.0,True,True,0.00280179999936081
MRM_UTP3,literature,3,THP_top2_LB,modified,THP,9200.0,ok,10300.0,10700.0,16.304347826086957,400.0,1100.0,11.956521739130435,89.32038834951456,False,True,0.002515500000299653
MRM_UTP3,literature,3,LCM_top2_rollout,modified,LCM,9200.0,ok,9800.0,9800.0,6.521739130434782,0.0,600.0,6.521739130434782,93.87755102040816,False,True,0.0017477000001235865
MRM_UTP3,literature,3,LCM_top3_rollout,modified,LCM,9200.0,ok,9200.0,9800.0,6.521739130434782,600.0,0.0,0.0,100.0,True,True,0.0017372999991493998
MRM_UTP3,literature,3,VAM_top2_rollout,modified,VAM,9200.0,ok,9200.0,9200.0,0.0,0.0,0.0,0.0,100.0,True,True,0.004540199999610195
MRM_UTP3,literature,3,VAM_top3_rollout,modified,VAM,9200.0,ok,9200.0,9200.0,0.0,0.0,0.0,0.0,100.0,True,True,0.008443500000794302
MRM_UTP3,literature,3,THP_top2_rollout,modified,THP,9200.0,ok,9800.0,10700.0,16.304347826086957,900.0,600.0,6.521739130434782,93.87755102040816,False,True,0.007575100000394741
MRM_UTP3,literature,3,THP_top3_rollout,modified,THP,9200.0,ok,9200.0,10700.0,16.304347826086957,1500.0,0.0,0.0,100.0,True,True,0.005927000000156113
MRM_UTP3,literature,3,THP_top2_LCMcompletion,modified,THP,9200.0,ok,10300.0,10700.0,16.304347826086957,400.0,1100.0,11.956521739130435,89.32038834951456,False,True,0.003914499999154941
MRM_UTP3,literature,3,VAM_top2_first_only,modified,VAM,9200.0,ok,9200.0,9200.0,0.0,0.0,0.0,0.0,100.0,True,True,0.002085399999486981
MRM_UTP3,literature,3,THP_top2_first_only,modified,THP,9200.0,ok,10000.0,10700.0,16.304347826086957,700.0,800.0,8.695652173913043,92.0,False,True,0.0026306999989174074
MRM_UTP3,literature,3,VAM_tieA_top2_rollout,modified,VAM,9200.0,ok,9200.0,9200.0,0.0,0.0,0.0,0.0,100.0,True,True,0.006877599998915684
MRM_UTP3,literature,3,MRM_orientation_ensemble,modified,MRM,9200.0,ok,9200.0,9200.0,0.0,0.0,0.0,0.0,100.0,True,True,0.0018396999985270668
MRM_UTP3,literature,3,LCM_score_alpha025,modified,LCM,9200.0,ok,9800.0,9800.0,6.521739130434782,0.0,600.0,6.521739130434782,93.87755102040816,False,True,0.0012036000007356051
MRM_UTP3,literature,3,LCM_score_alpha050,modified,LCM,9200.0,ok,9800.0,9800.0,6.521739130434782,0.0,600.0,6.521739130434782,93.87755102040816,False,True,0.001112799998736591
MRM_UTP3,literature,3,LCM_score_alpha075,modified,LCM,9200.0,ok,9800.0,9800.0,6.521739130434782,0.0,600.0,6.521739130434782,93.87755102040816,False,True,0.0011684999990393408
MRM_HDTP3,author_synthetic,12,LCM_tie_allocation,modified,LCM,2600.0,ok,2810.0,2860.0,10.0,50.0,210.0,8.076923076923077,92.52669039145907,False,True,0.003840499999569147
MRM_HDTP3,author_synthetic,12,VAM_tie_cost,modified,VAM,2600.0,ok,2820.0,2740.0,5.384615384615385,-80.0,220.0,8.461538461538462,92.19858156028369,False,True,0.008594499999162508
MRM_HDTP3,author_synthetic,12,VAM_tie_allocation,modified,VAM,2600.0,ok,2830.0,2740.0,5.384615384615385,-90.0,230.0,8.846153846153847,91.87279151943463,False,True,0.008751999999731197
MRM_HDTP3,author_synthetic,12,VAM_penalty_sqrtA,modified,VAM,2600.0,ok,2830.0,2740.0,5.384615384615385,-90.0,230.0,8.846153846153847,91.87279151943463,False,True,0.009072599999853992
MRM_HDTP3,author_synthetic,12,VAM_penalty_A,modified,VAM,2600.0,ok,2830.0,2740.0,5.384615384615385,-90.0,230.0,8.846153846153847,91.87279151943463,False,True,0.009450899999137619
MRM_HDTP3,author_synthetic,12,TDSM_theta1_5,modified,TDSM,2600.0,ok,2800.0,2810.0,8.076923076923077,10.0,200.0,7.6923076923076925,92.85714285714286,False,True,0.00822159999916039
MRM_HDTP3,author_synthetic,12,LCM_top2_product,modified,LCM,2600.0,ok,2990.0,2860.0,10.0,-130.0,390.0,15.0,86.95652173913044,False,True,0.003170500000123866
MRM_HDTP3,author_synthetic,12,LCM_top2_LB,modified,LCM,2600.0,ok,2870.0,2860.0,10.0,-10.0,270.0,10.384615384615385,90.59233449477352,False,True,0.006332999999358435
MRM_HDTP3,author_synthetic,12,VAM_top2_LB,modified,VAM,2600.0,ok,2740.0,2740.0,5.384615384615385,0.0,140.0,5.384615384615385,94.8905109489051,False,True,0.00857229999928677
MRM_HDTP3,author_synthetic,12,THP_top2_LB,modified,THP,2600.0,ok,2790.0,2910.0,11.923076923076923,120.0,190.0,7.3076923076923075,93.18996415770609,False,True,0.011972700000114855
MRM_HDTP3,author_synthetic,12,LCM_top2_rollout,modified,LCM,2600.0,ok,2810.0,2860.0,10.0,50.0,210.0,8.076923076923077,92.52669039145907,False,True,0.03308950000064215
MRM_HDTP3,author_synthetic,12,LCM_top3_rollout,modified,LCM,2600.0,ok,2850.0,2860.0,10.0,10.0,250.0,9.615384615384615,91.2280701754386,False,True,0.03879439999946044
MRM_HDTP3,author_synthetic,12,VAM_top2_rollout,modified,VAM,2600.0,ok,2740.0,2740.0,5.384615384615385,0.0,140.0,5.384615384615385,94.8905109489051,False,True,0.08210200000030454
MRM_HDTP3,author_synthetic,12,VAM_top3_rollout,modified,VAM,2600.0,ok,2740.0,2740.0,5.384615384615385,0.0,140.0,5.384615384615385,94.8905109489051,False,True,0.10626679999950284
MRM_HDTP3,author_synthetic,12,THP_top2_rollout,modified,THP,2600.0,ok,2800.0,2910.0,11.923076923076923,110.0,200.0,7.6923076923076925,92.85714285714286,False,True,0.059392200000729645
MRM_HDTP3,author_synthetic,12,THP_top3_rollout,modified,THP,2600.0,ok,2800.0,2910.0,11.923076923076923,110.0,200.0,7.6923076923076925,92.85714285714286,False,True,0.09191880000071251
MRM_HDTP3,author_synthetic,12,THP_top2_LCMcompletion,modified,THP,2600.0,ok,2830.0,2910.0,11.923076923076923,80.0,230.0,8.846153846153847,91.87279151943463,False,True,0.02577000000019325
MRM_HDTP3,author_synthetic,12,VAM_top2_first_only,modified,VAM,2600.0,ok,2740.0,2740.0,5.384615384615385,0.0,140.0,5.384615384615385,94.8905109489051,False,True,0.007169499998781248
MRM_HDTP3,author_synthetic,12,THP_top2_first_only,modified,THP,2600.0,ok,2910.0,2910.0,11.923076923076923,0.0,310.0,11.923076923076923,89.34707903780068,False,True,0.008990500000436441
MRM_HDTP3,author_synthetic,12,VAM_tieA_top2_rollout,modified,VAM,2600.0,ok,2740.0,2740.0,5.384615384615385,0.0,140.0,5.384615384615385,94.8905109489051,False,True,0.09050310000020545
MRM_HDTP3,author_synthetic,12,MRM_orientation_ensemble,modified,MRM,2600.0,ok,2710.0,2710.0,4.230769230769231,0.0,110.0,4.230769230769231,95.9409594095941,False,True,0.0032845999994606245
MRM_HDTP3,author_synthetic,12,LCM_score_alpha025,modified,LCM,2600.0,ok,2910.0,2860.0,10.0,-50.0,310.0,11.923076923076923,89.34707903780068,False,True,0.0039388000004692
MRM_HDTP3,author_synthetic,12,LCM_score_alpha050,modified,LCM,2600.0,ok,2830.0,2860.0,10.0,30.0,230.0,8.846153846153847,91.87279151943463,False,True,0.001874899999165791
MRM_HDTP3,author_synthetic,12,LCM_score_alpha075,modified,LCM,2600.0,ok,2830.0,2860.0,10.0,30.0,230.0,8.846153846153847,91.87279151943463,False,True,0.0018044999997073319
