suite,method,n,successes,failures,mean_gap_pct,median_gap_pct,max_gap_pct,std_gap_pct,mean_absolute_gap,mean_accuracy,optimal_hits,optimal_hit_rate,mean_seconds,median_seconds,improved,worsened,tied,improvement_rate,worsening_rate,baseline
random_3_skewed,NWCM,20,20,0,200.1055273868455,65.83370708837309,1288.888888888889,344.3240175552036,1187.8,57.33359563560674,2,10.0,0.00038365000000335504,0.0003680999998323,,,,,,
random_3_skewed,LCM,20,20,0,21.59585142306592,6.305392774118559,125.09881422924902,32.59391733792326,140.65,86.42957639105862,6,30.0,0.00037147999983057995,0.00036240000008545,,,,,,
random_3_skewed,VAM,20,20,0,37.053520217255574,0.0,701.6339869281046,156.5650034858201,120.45,94.01448208537549,16,80.0,0.00064863000025065,0.00062729999990545,,,,,,
random_3_skewed,LDVAM,20,20,0,37.053520217255574,0.0,701.6339869281046,156.5650034858201,120.45,94.01448208537549,16,80.0,0.000662950000514635,0.0006185500005812499,,,,,,
random_3_skewed,RAM,20,20,0,11.455088424020198,0.0,76.08695652173913,24.71331543778413,87.9,92.81003133921149,13,65.0,0.000533400000222125,0.0005184000001463,,,,,,
random_3_skewed,TDM1,20,20,0,10.136192361897091,0.08130081300813005,116.20553359683794,26.14945523476976,52.7,93.62561492474428,10,50.0,0.000558069999988165,0.0005277000000205,,,,,,
random_3_skewed,TDM2,20,20,0,3.3545878392580804,0.0,17.647058823529413,5.885953821760046,17.95,97.03322544775371,12,60.0,0.000721494999743255,0.00069815000006195,,,,,,
random_3_skewed,TDSM,20,20,0,10.593350146641082,0.49197843107794526,116.20553359683794,26.04262703404286,61.45,93.20675422584529,9,45.0,0.0005719200000384699,0.00054395000097425,,,,,,
random_3_skewed,THP,20,20,0,11.637778828391282,1.1787267732157445,116.20553359683794,26.101884625761155,83.45,92.35622866851699,8,40.0,0.0007251799998811649,0.0006573000009666,,,,,,
random_3_skewed,SSM,20,20,0,13.006124192306629,0.0,121.91435768261964,28.751982597344835,95.6,91.92658577720947,12,60.0,0.0004362399998171449,0.00037739999970645,,,,,,
random_3_skewed,CSM,20,20,0,14.55084825176218,0.0,121.91435768261964,28.923114443193704,120.95,90.77431632026337,11,55.0,0.00040905499990907,0.00040020000142245,,,,,,
random_3_skewed,RBSM,20,20,0,49.097144771739096,0.08130081300813005,701.6339869281046,156.28522079440677,226.25,86.87418680957316,10,50.0,0.00040340500008820003,0.00037810000048919996,,,,,,
random_3_skewed,BCE,20,16,4,4.973082115872207,0.0,40.12112036336109,11.90625963155492,43.0625,96.2002424483255,13,65.0,0.00042946874998500624,0.000366049999684,,,,,,
random_3_skewed,MRM,20,20,0,10.394930583206826,0.0,116.20553359683794,26.119779157712106,58.2,93.40182205943955,11,55.0,0.000339369999892315,0.0003183000007993,,,,,,
random_3_skewed,LCM_tie_allocation,20,20,0,24.181004698962532,8.208431295715778,162.05533596837944,38.860807708617486,159.6,85.49183451504575,6,30.0,0.00040000999997568505,0.00037694999900845,0,2,18,0.0,10.0,LCM
random_3_skewed,VAM_tie_cost,20,20,0,37.053520217255574,0.0,701.6339869281046,156.5650034858201,120.45,94.01448208537549,16,80.0,0.000682059999780865,0.0006577499998456501,0,0,20,0.0,0.0,VAM
random_3_skewed,VAM_tie_allocation,20,20,0,37.053520217255574,0.0,701.6339869281046,156.5650034858201,120.45,94.01448208537549,16,80.0,0.0007210099997791551,0.0006712499998683999,0,0,20,0.0,0.0,VAM
random_3_skewed,VAM_penalty_sqrtA,20,20,0,38.05505708495874,0.0,701.6339869281046,156.35784688429396,133.0,93.13071189103587,13,65.0,0.0007148799998503299,0.00066320000041735,0,3,17,0.0,15.0,VAM
random_3_skewed,VAM_penalty_A,20,20,0,38.29663011866661,0.0,701.6339869281046,156.2996787890544,137.3,92.90027244837779,12,60.0,0.00069467999974217,0.00066125000012105,0,4,16,0.0,20.0,VAM
random_3_skewed,TDSM_theta1_5,20,20,0,10.593350146641082,0.49197843107794526,116.20553359683794,26.04262703404286,61.45,93.20675422584529,9,45.0,0.0006710999999995099,0.00056614999994045,0,0,20,0.0,0.0,TDSM
random_3_skewed,LCM_top2_product,20,20,0,26.222487489504353,7.38056661148486,125.09881422924902,39.20369528744562,210.75,84.85588765685088,7,35.0,0.00043615500017034494,0.0004179999996267,3,5,12,15.0,25.0,LCM
random_3_skewed,LCM_top2_LB,20,20,0,39.10120829708525,0.49197843107794526,701.6339869281046,156.09592128342138,146.25,92.11894900748237,9,45.0,0.00092594499992624,0.0009139000003415,7,1,12,35.0,5.0,LCM
random_3_skewed,VAM_top2_LB,20,20,0,2.6584698194627356,0.0,27.918781725888326,6.732693844191458,24.5,97.74757657898711,14,70.0,0.00118032500022304,0.0011591500006033501,1,3,16,5.0,15.0,VAM
random_3_skewed,THP_top2_LB,20,20,0,1.6692202296328542,0.0,11.783960720130931,3.9498396372272717,20.5,98.48945687772955,15,75.0,0.001175479999983465,0.0011286999997537,9,0,11,45.0,0.0,THP
random_3_skewed,LCM_top2_rollout,20,20,0,9.970047913617332,0.0,125.09881422924902,27.959374126464365,58.45,94.0100402755219,11,55.0,0.001325600000018265,0.00124955000046605,9,0,11,45.0,0.0,LCM
random_3_skewed,LCM_top3_rollout,20,20,0,6.380943470084838,0.0,125.09881422924902,27.94585478340438,33.15,97.09675366176116,16,80.0,0.001636200000029885,0.00159075000101435,10,0,10,50.0,0.0,LCM
random_3_skewed,VAM_top2_rollout,20,20,0,0.5583756345177665,0.0,11.16751269035533,2.497131751522608,2.2,99.49771689497717,19,95.0,0.0025116249998063203,0.0023688000001129503,4,0,16,20.0,0.0,VAM
random_3_skewed,VAM_top3_rollout,20,20,0,0.0,0.0,0.0,0.0,0.0,100.0,20,100.0,0.00311254999969601,0.00289104999956175,4,0,16,20.0,0.0,VAM
random_3_skewed,THP_top2_rollout,20,20,0,1.6382703841252682,0.0,17.647058823529413,4.650355992820194,10.4,98.56258767670009,16,80.0,0.00247021499990291,0.00245815000016585,9,0,11,45.0,0.0,THP
random_3_skewed,THP_top3_rollout,20,20,0,1.6382703841252682,0.0,17.647058823529413,4.650355992820194,10.4,98.56258767670009,16,80.0,0.0027299500000480545,0.002713050001148,9,0,11,45.0,0.0,THP
random_3_skewed,THP_top2_LCMcompletion,20,20,0,1.646400465426081,0.0,17.647058823529413,4.647482356394319,10.5,98.5544707935832,15,75.0,0.001490104999538695,0.0014594999993278,8,0,12,40.0,0.0,THP
random_3_skewed,VAM_top2_first_only,20,20,0,0.5583756345177665,0.0,11.16751269035533,2.497131751522608,2.2,99.49771689497717,19,95.0,0.00102607999979221,0.0009826000004977001,4,0,16,20.0,0.0,VAM
random_3_skewed,THP_top2_first_only,20,20,0,2.1094731126894843,0.0,17.647058823529413,4.922809482735329,19.4,98.13029996313034,15,75.0,0.001076005000140815,0.0010182500000155,8,0,12,40.0,0.0,THP
random_3_skewed,VAM_tieA_top2_rollout,20,20,0,0.5583756345177665,0.0,11.16751269035533,2.497131751522608,2.2,99.49771689497717,19,95.0,0.0025489749998086654,0.0024408999997831,4,0,16,20.0,0.0,VAM
random_3_skewed,MRM_orientation_ensemble,20,20,0,0.5805506596388043,0.0,11.16751269035533,2.492915243230142,2.55,99.47559440961939,17,85.0,0.00093312000017245,0.00091330000032025,7,0,13,35.0,0.0,MRM
random_3_skewed,LCM_score_alpha025,20,20,0,76.8928645927219,13.818838077097949,869.0176322418137,194.62850873282164,374.15,78.48500970835826,4,20.0,0.00079824500007811,0.0007324500002141,8,8,4,40.0,40.0,LCM
random_3_skewed,LCM_score_alpha050,20,20,0,24.16134750320466,10.09793501366535,162.05533596837944,38.37463803800709,168.5,85.31977445746614,6,30.0,0.0007874950000768299,0.00072860000000215,3,4,13,15.0,20.0,LCM
random_3_skewed,LCM_score_alpha075,20,20,0,24.181004698962532,8.208431295715778,162.05533596837944,38.860807708617486,159.6,85.49183451504575,6,30.0,0.000720379999802335,0.00069925000116195,0,2,18,0.0,10.0,LCM
random_3_ties,NWCM,20,20,0,31.093955320219788,16.86553259340876,92.82407407407408,32.329021501258,156.7,80.17656347858359,2,10.0,0.00027563000003279,0.0001793499995983,,,,,,
random_3_ties,LCM,20,20,0,5.1273087718142305,0.11918951132300355,20.71269487750557,7.090701675826609,22.0,95.50987695202409,10,50.0,0.00022801000013708997,0.00015290000101225,,,,,,
random_3_ties,VAM,20,20,0,0.4938821813467304,0.0,5.2264808362369335,1.5229995517172235,2.3,99.52943340691685,18,90.0,0.00041170500007861003,0.00030555000103045,,,,,,
random_3_ties,LDVAM,20,20,0,0.4938821813467304,0.0,5.2264808362369335,1.5229995517172235,2.3,99.52943340691685,18,90.0,0.00040325500021930004,0.000244300000304,,,,,,
random_3_ties,RAM,20,20,0,0.0,0.0,0.0,0.0,0.0,100.0,20,100.0,0.00034545999978941,0.0002655999996932,,,,,,
random_3_ties,TDM1,20,20,0,1.536983204134367,0.0,18.214285714285715,4.215142156893402,6.75,98.628780382337,16,80.0,0.000371220000033595,0.0002967499995065,,,,,,
random_3_ties,TDM2,20,20,0,2.078207578172127,0.0,18.214285714285715,4.624801638533199,6.35,98.13670996822735,15,75.0,0.00040514000011166,0.00031024999952925,,,,,,
random_3_ties,TDSM,20,20,0,1.363372093023256,0.0,18.214285714285715,4.202727157254819,6.0,98.79656561723633,17,85.0,0.00037429500016510005,0.00026815000092025,,,,,,
random_3_ties,THP,20,20,0,4.128960353229525,0.0,20.71269487750557,6.473350456706939,19.7,96.36029263965754,11,55.0,0.00043771000000555996,0.00031730000046075,,,,,,
random_3_ties,SSM,20,20,0,2.4258396063350145,0.0,18.214285714285715,4.798825535491916,12.45,97.81774829897407,14,70.0,0.000240399999802275,0.0001549999997223,,,,,,
random_3_ties,CSM,20,20,0,1.7538012788088821,0.0,10.022271714922049,3.5142347768584847,9.15,98.38193996453424,15,75.0,0.00019289500005464618,0.00013564999971995,,,,,,
random_3_ties,RBSM,20,20,0,2.9607350639844694,0.0,20.341207349081365,5.37552882941157,17.8,97.35386591607293,13,65.0,0.0001928950003275015,0.0001310000006924,,,,,,
random_3_ties,BCE,20,19,1,1.7795028761870624,0.0,18.214285714285715,4.653123317295657,6.526315789473684,98.42541918954913,15,75.0,0.00020074736838925607,0.0001505000000179,,,,,,
random_3_ties,MRM,20,20,0,0.7531980208997423,0.0,14.825581395348838,3.312723026015762,2.65,99.34253977332591,18,90.0,0.000197875000139845,0.00014265000027075,,,,,,
random_3_ties,LCM_tie_allocation,20,20,0,6.673863120720296,0.11918951132300355,28.19767441860465,8.895387507350609,32.2,94.31966678800067,10,50.0,0.00025675500010034,0.0001694499997029,2,4,14,10.0,20.0,LCM
random_3_ties,VAM_tie_cost,20,20,0,0.4938821813467304,0.0,5.2264808362369335,1.5229995517172235,2.3,99.52943340691685,18,90.0,0.000435915000161865,0.00030049999986655,0,0,20,0.0,0.0,VAM
random_3_ties,VAM_tie_allocation,20,20,0,0.4938821813467304,0.0,5.2264808362369335,1.5229995517172235,2.3,99.52943340691685,18,90.0,0.000414419999924535,0.00027804999990615,0,0,20,0.0,0.0,VAM
random_3_ties,VAM_penalty_sqrtA,20,20,0,0.7950227824302505,0.0,8.013937282229966,2.036601101342617,4.25,99.24778811341396,16,80.0,0.00045013500011914,0.0002654499994605,0,3,17,0.0,15.0,VAM
random_3_ties,VAM_penalty_A,20,20,0,0.39432591831875224,0.0,4.651162790697675,1.1265997282180347,1.95,99.61875585534945,17,85.0,0.0004622250000465549,0.00026599999910095003,1,2,17,5.0,10.0,VAM
random_3_ties,TDSM_theta1_5,20,20,0,1.363372093023256,0.0,18.214285714285715,4.202727157254819,6.0,98.79656561723633,17,85.0,0.00045287999992064,0.00029135000022500004,0,0,20,0.0,0.0,TDSM
random_3_ties,LCM_top2_product,20,20,0,6.804923412871988,3.634845288326301,34.0,9.232459523627655,26.2,94.22636205390397,8,40.0,0.00031060500032248996,0.00023560000045104999,2,4,14,10.0,20.0,LCM
random_3_ties,LCM_top2_LB,20,20,0,2.11219009030056,0.0,14.922048997772828,4.6284683464387,9.05,98.10614913851674,15,75.0,0.0006123150000348251,0.0005176499998924,7,1,12,35.0,5.0,LCM
random_3_ties,VAM_top2_LB,20,20,0,1.603469160068002,0.0,14.922048997772828,3.603154974585072,7.3,98.52949653654768,15,75.0,0.000791400000161915,0.0005189000003156001,0,3,17,0.0,15.0,VAM
random_3_ties,THP_top2_LB,20,20,0,1.0137389690403131,0.0,14.825581395348838,3.4535278272880396,4.1,99.09497489777479,17,85.0,0.00072701500002945,0.00052390000018925,7,1,12,35.0,5.0,THP
random_3_ties,LCM_top2_rollout,20,20,0,1.7487055614679299,0.0,14.922048997772828,4.637502101684422,7.4,98.45686120268435,17,85.0,0.00079185499998852,0.00062505000005325,8,0,12,40.0,0.0,LCM
random_3_ties,LCM_top3_rollout,20,20,0,1.4873815196560833,0.0,14.922048997772828,4.578090467833884,5.9,98.70520557354529,18,90.0,0.0009536800000204898,0.0006080499997550999,9,0,11,45.0,0.0,LCM
random_3_ties,VAM_top2_rollout,20,20,0,0.23255813953488375,0.0,4.651162790697675,1.0400316174417625,0.8,99.77777777777779,19,95.0,0.001495849999992015,0.00125105000006435,1,0,19,5.0,0.0,VAM
random_3_ties,VAM_top3_rollout,20,20,0,0.23255813953488375,0.0,4.651162790697675,1.0400316174417625,0.8,99.77777777777779,19,95.0,0.0020167250001577,0.0017647500008024,1,0,19,5.0,0.0,VAM
random_3_ties,THP_top2_rollout,20,20,0,0.653765902276963,0.0,7.848837209302325,2.056723894297106,2.85,99.38777422752182,18,90.0,0.0016513450001183951,0.0011241000001973,7,0,13,35.0,0.0,THP
random_3_ties,THP_top3_rollout,20,20,0,0.39244186046511625,0.0,7.848837209302325,1.7550533544329745,1.35,99.63611859838275,19,95.0,0.001789720000306215,0.00127629999951745,8,0,12,40.0,0.0,THP
random_3_ties,THP_top2_LCMcompletion,20,20,0,0.653765902276963,0.0,7.848837209302325,2.056723894297106,2.85,99.38777422752182,18,90.0,0.0009300399996390601,0.00064814999950605,7,0,13,35.0,0.0,THP
random_3_ties,VAM_top2_first_only,20,20,0,0.23255813953488375,0.0,4.651162790697675,1.0400316174417625,0.8,99.77777777777779,19,95.0,0.00065250499965255,0.0005412499995145,1,0,19,5.0,0.0,VAM
random_3_ties,THP_top2_first_only,20,20,0,1.7607192870120554,0.0,13.134328358208956,3.8423787263401126,8.85,98.394255815224,16,80.0,0.00074837000001931,0.00062255000011645,5,0,15,25.0,0.0,THP
random_3_ties,VAM_tieA_top2_rollout,20,20,0,0.23255813953488375,0.0,4.651162790697675,1.0400316174417625,0.8,99.77777777777779,19,95.0,0.00156344500001063,0.00114370000028425,1,0,19,5.0,0.0,VAM
random_3_ties,MRM_orientation_ensemble,20,20,0,0.39244186046511625,0.0,7.848837209302325,1.7550533544329745,1.35,99.63611859838275,19,95.0,0.000584489999710005,0.00039374999960269997,2,0,18,10.0,0.0,MRM
random_3_ties,LCM_score_alpha025,20,20,0,7.488507571635921,0.0,57.79816513761468,13.818784772920386,28.9,94.16964716059861,11,55.0,0.000437835000229775,0.0003148999994664,6,4,10,30.0,20.0,LCM
random_3_ties,LCM_score_alpha050,20,20,0,7.091951857921662,2.7324299294414702,28.19767441860465,8.760686983586176,37.1,93.93384001634715,9,45.0,0.000434700000096145,0.00034789999972414996,2,5,13,10.0,25.0,LCM
random_3_ties,LCM_score_alpha075,20,20,0,6.673863120720296,0.11918951132300355,28.19767441860465,8.895387507350609,32.2,94.31966678800067,10,50.0,0.00049848500002548,0.00039840000044930003,2,4,14,10.0,20.0,LCM
random_3_uniform,NWCM,20,20,0,25.38624480940793,8.953551773984936,105.456570155902,33.27041728597784,1200.55,84.05838490469746,3,15.0,0.00017407000004818004,0.0001560999999128,,,,,,
random_3_uniform,LCM,20,20,0,2.5727860664144386,0.0,11.809603108520678,4.013413693941051,147.95,97.62783307489607,12,60.0,0.000137645000177095,0.0001323500009675,,,,,,
random_3_uniform,VAM,20,20,0,0.6070819721275624,0.0,7.315521628498728,1.9116994290628035,34.25,99.42896192517637,18,90.0,0.00030291499997469,0.00023954999960545,,,,,,
random_3_uniform,LDVAM,20,20,0,0.6070819721275624,0.0,7.315521628498728,1.9116994290628035,34.25,99.42896192517637,18,90.0,0.00028144999987484,0.0002209999993283,,,,,,
random_3_uniform,RAM,20,20,0,1.1538421521608084,0.0,15.348837209302326,3.5398629107421637,58.45,98.96223561379074,15,75.0,0.00023521000020986505,0.00018875000023395002,,,,,,
random_3_uniform,TDM1,20,20,0,1.0468318606778708,0.0,11.809603108520678,2.884676288740174,74.95,99.03493429475029,16,80.0,0.00023305499980774003,0.00019320000046710003,,,,,,
random_3_uniform,TDM2,20,20,0,1.414085749541285,0.0,16.323633782824697,4.388723714856108,100.25,98.76282755504312,17,85.0,0.00032523500003658006,0.00025459999960725,,,,,,
random_3_uniform,TDSM,20,20,0,1.2658080783642576,0.0,11.809603108520678,3.341632382883459,70.35,98.8448449627959,17,85.0,0.000290154999947785,0.00020984999991919997,,,,,,
random_3_uniform,THP,20,20,0,1.7703019593342604,0.0,9.35412026726058,3.1331048517150464,90.05,98.34527069908404,14,70.0,0.000348960000246685,0.00024475000009255,,,,,,
random_3_uniform,SSM,20,20,0,0.6153823956235851,0.0,7.965994962216625,1.9622987465078805,41.0,99.42230064776632,17,85.0,0.000175689999741685,0.0001548500003991,,,,,,
random_3_uniform,CSM,20,20,0,3.4257221880622284,0.0,37.91341376863024,8.827782585516884,232.55,97.22189200239046,14,70.0,0.00016839999998406497,0.00013124999895805002,,,,,,
random_3_uniform,RBSM,20,20,0,1.5625751663166112,0.0,11.809603108520678,3.5471045627567444,107.05,98.56835836040663,15,75.0,0.00021087999994047235,0.0001241999998455,,,,,,
random_3_uniform,BCE,20,20,0,2.270907507794008,0.0,37.91341376863024,8.546588067558766,151.3,98.27517855204525,17,85.0,0.0001826149999942,0.00013184999988875,,,,,,
random_3_uniform,MRM,20,20,0,2.1369510742031883,0.0,15.348837209302326,4.606761025164552,113.4,98.0828613169269,15,75.0,0.00015566000020038998,0.0001278500003536,,,,,,
random_3_uniform,LCM_tie_allocation,20,20,0,2.5727860664144386,0.0,11.809603108520678,4.013413693941051,147.95,97.62783307489607,12,60.0,0.00019695500022858997,0.0001485000011598,0,0,20,0.0,0.0,LCM
random_3_uniform,VAM_tie_cost,20,20,0,0.6070819721275624,0.0,7.315521628498728,1.9116994290628035,34.25,99.42896192517637,18,90.0,0.00027946999962290503,0.0002494499995009,0,0,20,0.0,0.0,VAM
random_3_uniform,VAM_tie_allocation,20,20,0,0.6070819721275624,0.0,7.315521628498728,1.9116994290628035,34.25,99.42896192517637,18,90.0,0.00031125499990588505,0.00024584999937355,0,0,20,0.0,0.0,VAM
random_3_uniform,VAM_penalty_sqrtA,20,20,0,1.2924546463176474,0.0,7.958944809579544,2.4573402226151684,91.7,98.77712963852316,12,60.0,0.00027707999997794995,0.0002442999993945,1,8,11,5.0,40.0,VAM
random_3_uniform,VAM_penalty_A,20,20,0,1.6097103897213327,0.0,11.632303952462411,3.0385358257228177,118.4,98.49461814618442,11,55.0,0.000286950000281605,0.0002431499997328,1,8,11,5.0,40.0,VAM
random_3_uniform,TDSM_theta1_5,20,20,0,1.2658080783642576,0.0,11.809603108520678,3.341632382883459,70.35,98.8448449627959,17,85.0,0.00033948500022228995,0.00022499999977295,0,0,20,0.0,0.0,TDSM
random_3_uniform,LCM_top2_product,20,20,0,4.007919517390842,0.0,22.426868905742147,6.17688514532118,219.05,96.44419338288603,12,60.0,0.0002290249999532,0.0001647999997658,3,4,13,15.0,20.0,LCM
random_3_uniform,LCM_top2_LB,20,20,0,0.45965361473503313,0.0,8.865248226950355,1.979825428695314,13.7,99.57649623156526,18,90.0,0.00038169000008561496,0.0003525499996612,7,0,13,35.0,0.0,LCM
random_3_uniform,VAM_top2_LB,20,20,0,0.9626054568085621,0.0,7.315521628498728,2.1237384595848656,65.05,99.08660762617146,16,80.0,0.0004505050002989701,0.0004367499996078,0,2,18,0.0,10.0,VAM
random_3_uniform,THP_top2_LB,20,20,0,0.5931241569648341,0.0,8.865248226950355,2.0266814602455767,27.9,99.44613611260735,16,80.0,0.000476594999690815,0.00042509999911995,4,1,15,20.0,5.0,THP
random_3_uniform,LCM_top2_rollout,20,20,0,0.3357666469645203,0.0,6.387508871540099,1.4263120161179006,23.7,99.68346222192149,18,90.0,0.000508455000090115,0.00045270000009615,7,0,13,35.0,0.0,LCM
random_3_uniform,LCM_top3_rollout,20,20,0,0.8117588756628272,0.0,9.51984457396614,2.4958505508514564,58.0,99.24884488791237,17,85.0,0.000773079999908015,0.0005886499993720501,7,0,13,35.0,0.0,LCM
random_3_uniform,VAM_top2_rollout,20,20,0,0.24130589070262598,0.0,4.82611781405252,1.0791527499644125,17.0,99.76980365605958,19,95.0,0.00108593499990088,0.0008975500004453,1,0,19,5.0,0.0,VAM
random_3_uniform,VAM_top3_rollout,20,20,0,0.24130589070262598,0.0,4.82611781405252,1.0791527499644125,17.0,99.76980365605958,19,95.0,0.001165925000077505,0.00112590000026095,1,0,19,5.0,0.0,VAM
random_3_uniform,THP_top2_rollout,20,20,0,0.00742390497401633,0.0,0.1484780994803266,0.03320071236079865,0.2,99.99258710155671,19,95.0,0.00082800499976652,0.00080520000028625,6,0,14,30.0,0.0,THP
random_3_uniform,THP_top3_rollout,20,20,0,0.00742390497401633,0.0,0.1484780994803266,0.03320071236079865,0.2,99.99258710155671,19,95.0,0.0009977699999580499,0.0009472000001551,6,0,14,30.0,0.0,THP
random_3_uniform,THP_top2_LCMcompletion,20,20,0,0.023815108361531695,0.0,0.3278240677503073,0.07886403279202753,1.4,99.97624945690048,18,90.0,0.0006757799999831551,0.00059329999930915,6,1,13,30.0,5.0,THP
random_3_uniform,VAM_top2_first_only,20,20,0,0.24130589070262598,0.0,4.82611781405252,1.0791527499644125,17.0,99.76980365605958,19,95.0,0.0005123950001688501,0.00039604999983560004,1,0,19,5.0,0.0,VAM
random_3_uniform,THP_top2_first_only,20,20,0,1.7703019593342604,0.0,9.35412026726058,3.1331048517150464,90.05,98.34527069908404,14,70.0,0.00040637999982204005,0.00039184999877755,0,0,20,0.0,0.0,THP
random_3_uniform,VAM_tieA_top2_rollout,20,20,0,0.24130589070262598,0.0,4.82611781405252,1.0791527499644125,17.0,99.76980365605958,19,95.0,0.0010158799998861898,0.00086585000008195,1,0,19,5.0,0.0,VAM
random_3_uniform,MRM_orientation_ensemble,20,20,0,0.016391203387515367,0.0,0.3278240677503073,0.07330369001501837,1.2,99.98366235534377,19,95.0,0.00042844999979930006,0.00037080000038255,4,0,16,20.0,0.0,MRM
random_3_uniform,LCM_score_alpha025,20,20,0,3.4734023358642423,0.6513748497914753,13.607668926817864,4.706893083402571,189.1,96.82488742074538,8,40.0,0.000309575000028385,0.00028335000024525003,2,7,11,10.0,35.0,LCM
random_3_uniform,LCM_score_alpha050,20,20,0,2.9138429479665757,0.0946073793755913,11.809603108520678,3.8911800982877796,186.55,97.2963790138984,10,50.0,0.000318934999995635,0.00028600000041475,1,3,16,5.0,15.0,LCM
random_3_uniform,LCM_score_alpha075,20,20,0,2.129523655066921,0.0,11.809603108520678,3.76365455718833,135.45,98.03499919867458,13,65.0,0.000293369999781075,0.00025825000011530004,1,0,19,5.0,0.0,LCM
random_4_skewed,NWCM,20,20,0,89.46853788818132,68.1536021665618,256.75534689619195,72.46519337048063,1226.8,59.82189122683597,0,0.0,0.000401594999948375,0.00038905000019435,,,,,,
random_4_skewed,LCM,20,20,0,83.51335906795029,34.80261071573435,446.2146892655367,113.00536933823619,1068.45,68.85293850022688,3,15.0,0.00042515500017538995,0.00039664999985685,,,,,,
random_4_skewed,VAM,20,20,0,13.49137594130924,0.0,152.06327372764787,38.11919456206878,170.5,93.31927070637822,11,55.0,0.0008789249996879651,0.0008139999999911499,,,,,,
random_4_skewed,LDVAM,20,20,0,13.49137594130924,0.0,152.06327372764787,38.11919456206878,170.5,93.31927070637822,11,55.0,0.0009568150000631798,0.0007676499999433499,,,,,,
random_4_skewed,RAM,20,20,0,7.923944960633014,1.193702659519356,48.211829436038514,13.081987172986036,98.85,93.73757576371386,8,40.0,0.0007576149997475452,0.00067105000016445,,,,,,
random_4_skewed,TDM1,20,20,0,6.938306350979976,1.8102750809061487,32.170212765957444,10.970451576338771,74.05,94.32836466586528,9,45.0,0.0007985600002029549,0.00079220000043275,,,,,,
random_4_skewed,TDM2,20,20,0,8.739738844068972,1.7791804445811554,68.22558459422284,16.63013225237869,108.05,93.47677331973935,8,40.0,0.00113120000005433,0.0010570000004008,,,,,,
random_4_skewed,TDSM,20,20,0,7.513725345393384,1.8102750809061487,32.170212765957444,11.48772223314996,79.2,93.9056597948892,9,45.0,0.0008422999999310751,0.0008146999998643501,,,,,,
random_4_skewed,THP,20,20,0,12.52844975284302,1.9736862756176647,80.67400275103164,24.584708464102032,133.3,91.74927354462164,8,40.0,0.0009724799996547101,0.0009375999998155,,,,,,
random_4_skewed,SSM,20,20,0,10.489173749077452,1.7722664558264751,112.5,25.548779780996444,139.1,93.25620093794389,6,30.0,0.00047378500012195497,0.00045460000092130003,,,,,,
random_4_skewed,CSM,20,20,0,9.923201042426541,0.1454898157129001,112.5,25.730886614644618,131.5,93.79677258904479,10,50.0,0.0004400149998218201,0.0004330000001573,,,,,,
random_4_skewed,RBSM,20,20,0,14.761487753151522,0.1454898157129001,112.5,32.283790771105856,166.95,91.49978207197961,10,50.0,0.000436325000191525,0.00039890000061855,,,,,,
random_4_skewed,BCE,20,15,5,20.690251998833002,0.0,232.53094910591471,59.4940373311185,277.93333333333334,91.14258185959628,8,40.0,0.0005805133332614333,0.0004922000007354,,,,,,
random_4_skewed,MRM,20,20,0,7.949668556682392,2.6014586943963023,32.170212765957444,11.476785196344581,94.25,93.52425365108552,8,40.0,0.00036221500022289,0.00034074999985015005,,,,,,
random_4_skewed,LCM_tie_allocation,20,20,0,75.06343705707562,27.331061075535356,446.2146892655367,112.2566609475814,902.4,71.70920188791307,3,15.0,0.00045130999988026506,0.0004189000001133,4,0,16,20.0,0.0,LCM
random_4_skewed,VAM_tie_cost,20,20,0,13.49137594130924,0.0,152.06327372764787,38.11919456206878,170.5,93.31927070637822,11,55.0,0.0008837550000861899,0.0008230999992519499,0,0,20,0.0,0.0,VAM
random_4_skewed,VAM_tie_allocation,20,20,0,14.865345001781956,0.1031636863823934,152.06327372764787,38.18656164691616,186.1,92.274133181243,10,50.0,0.000951390000227495,0.0008241000005,1,1,18,5.0,5.0,VAM
random_4_skewed,VAM_penalty_sqrtA,20,20,0,16.003013032988243,2.08581078512823,152.06327372764787,37.52460050606619,206.3,91.08683999094544,8,40.0,0.000995954999962075,0.00081415000022385,1,6,13,5.0,30.0,VAM
random_4_skewed,VAM_penalty_A,20,20,0,20.11840884729307,9.153605532113815,152.06327372764787,36.86260508576174,237.2,87.77166968975129,5,25.0,0.0009670300000834152,0.0008454500002699,1,10,9,5.0,50.0,VAM
random_4_skewed,TDSM_theta1_5,20,20,0,7.513725345393384,1.8102750809061487,32.170212765957444,11.48772223314996,79.2,93.9056597948892,9,45.0,0.000793880000310245,0.0007366000008914,0,0,20,0.0,0.0,TDSM
random_4_skewed,LCM_top2_product,20,20,0,47.57298398709353,7.090518284712876,232.53094910591471,73.7693705879478,660.95,79.36570879894404,4,20.0,0.0005699550000826502,0.000483400000121,6,1,13,30.0,5.0,LCM
random_4_skewed,LCM_top2_LB,20,20,0,23.041495864979268,3.5542899644559083,152.06327372764787,39.864990359577746,319.85,86.6590245453885,7,35.0,0.0013549299997975598,0.00114409999969205,13,0,7,65.0,0.0,LCM
random_4_skewed,VAM_top2_LB,20,20,0,16.158782708154483,2.6698068279269718,152.06327372764787,34.659851195211026,210.4,90.25314463443517,8,40.0,0.0017164950001642449,0.00149555000007235,3,7,10,15.0,35.0,VAM
random_4_skewed,THP_top2_LB,20,20,0,8.438213986805472,0.3578040407659786,67.4002751031637,16.734783622127516,105.3,93.79454786339116,9,45.0,0.001707645000078575,0.00156175000029175,7,2,11,35.0,10.0,THP
random_4_skewed,LCM_top2_rollout,20,20,0,33.55085667205843,5.849246540078227,152.06327372764787,47.0640663951972,422.9,81.90702990623602,6,30.0,0.0020746300001519,0.00186279999979885,12,0,8,60.0,0.0,LCM
random_4_skewed,LCM_top3_rollout,20,20,0,25.984905755105125,5.849246540078227,152.06327372764787,41.84283313772922,370.95,85.24620253689393,8,40.0,0.002791115000036325,0.00258815000051975,14,0,6,70.0,0.0,LCM
random_4_skewed,VAM_top2_rollout,20,20,0,8.477067539316717,0.0,152.06327372764787,33.84930965368175,120.2,96.14914187758137,13,65.0,0.004890909999903615,0.004097000000911,3,0,17,15.0,0.0,VAM
random_4_skewed,VAM_top3_rollout,20,20,0,1.2683601429130038,0.0,7.889125799573561,2.447096431733928,15.2,98.79990030712264,13,65.0,0.006077330000152825,0.005559000001085199,4,0,16,20.0,0.0,VAM
random_4_skewed,THP_top2_rollout,20,20,0,3.3791258851359074,0.0,30.055020632737275,7.515793798981439,34.9,97.14328909399111,12,60.0,0.004722905000016859,0.00466499999947695,10,0,10,50.0,0.0,THP
random_4_skewed,THP_top3_rollout,20,20,0,3.4288771289170015,0.0,30.055020632737275,7.495514147240488,35.6,97.09402801024727,11,55.0,0.005897040000218061,0.0050119499992433,10,0,10,50.0,0.0,THP
random_4_skewed,THP_top2_LCMcompletion,20,20,0,7.322520042066972,0.3578040407659786,67.4002751031637,16.249928643741146,89.85,94.65124468093835,9,45.0,0.00254059500039143,0.0025552000006427503,8,0,12,40.0,0.0,THP
random_4_skewed,VAM_top2_first_only,20,20,0,13.49137594130924,0.0,152.06327372764787,38.11919456206878,170.5,93.31927070637822,11,55.0,0.0014879249997647498,0.0014101500000833,0,0,20,0.0,0.0,VAM
random_4_skewed,THP_top2_first_only,20,20,0,9.023252434228064,1.9736862756176647,80.67400275103164,18.86221774632145,110.1,93.53209813159607,8,40.0,0.001558305000162305,0.00148294999962665,2,0,18,10.0,0.0,THP
random_4_skewed,VAM_tieA_top2_rollout,20,20,0,0.8739038529343258,0.0,7.709497206703911,1.8979160629148384,9.65,99.16551295534398,14,70.0,0.004922504999922181,0.0049179000006915,4,0,16,20.0,0.0,VAM
random_4_skewed,MRM_orientation_ensemble,20,20,0,5.659481396611246,0.0,32.170212765957444,10.002416693490094,65.05,95.34516603294797,11,55.0,0.0011402650000490702,0.0010236999996776999,7,0,13,35.0,0.0,MRM
random_4_skewed,LCM_score_alpha025,20,20,0,77.8938525970607,41.73540714605487,232.53094910591471,78.93390065780733,1021.05,66.13540306103803,2,10.0,0.0009491750000051501,0.0009094999995795,9,7,4,45.0,35.0,LCM
random_4_skewed,LCM_score_alpha050,20,20,0,59.36398385201204,27.331061075535356,232.53094910591471,77.7318266537086,727.35,73.47431212701744,1,5.0,0.0009316950001447749,0.00088055000014715,7,3,10,35.0,15.0,LCM
random_4_skewed,LCM_score_alpha075,20,20,0,76.94658781346581,27.331061075535356,446.2146892655367,113.10275181431956,938.5,71.3315615825319,3,15.0,0.00095106499993558,0.0008772999999564,4,1,15,20.0,5.0,LCM
random_4_ties,NWCM,20,20,0,40.01241641553568,37.250216463603195,106.22347949080624,27.12437553043765,291.6,73.82887297097535,0,0.0,0.00037660000007230495,0.0003378500005055,,,,,,
random_4_ties,LCM,20,20,0,5.017426591990061,0.8264462809917356,30.569948186528496,8.842522575324,24.65,95.77863101421573,10,50.0,0.0003775900001528,0.00035445000048634997,,,,,,
random_4_ties,VAM,20,20,0,1.6262140986836293,0.0,17.616580310880828,4.131210392653976,6.8,98.53723754069895,14,70.0,0.0007678599999052851,0.00073274999976995,,,,,,
random_4_ties,LDVAM,20,20,0,1.5331042290374468,0.0,17.616580310880828,4.146568537466019,5.8,98.62864521894392,15,75.0,0.0007808650001606701,0.00071630000002185,,,,,,
random_4_ties,RAM,20,20,0,2.892543702466383,0.0,18.84422110552764,5.785352900849849,19.35,97.45083386495392,13,65.0,0.000588655000046815,0.00056159999985535,,,,,,
random_4_ties,TDM1,20,20,0,0.912029866708844,0.0,11.85031185031185,2.7213007961966786,5.4,99.15895144753974,16,80.0,0.00068769999998034,0.000615850000031,,,,,,
random_4_ties,TDM2,20,20,0,0.6431547639908444,0.0,3.840682788051209,1.2377504995452802,5.05,99.37495676138714,15,75.0,0.000878074999764015,0.00086495000050485,,,,,,
random_4_ties,TDSM,20,20,0,1.3221308520291557,0.0,11.85031185031185,2.8191381823499007,7.7,98.7626826522654,14,70.0,0.000659295000241355,0.0006414500003302001,,,,,,
random_4_ties,THP,20,20,0,4.6554978712184605,2.2826523363908704,24.11642411642412,7.067028136236654,26.4,95.92438464036542,8,40.0,0.0007932350000373399,0.0007487499997296,,,,,,
random_4_ties,SSM,20,20,0,4.610764766938528,0.0,33.26086956521739,8.542836664965126,38.2,96.11421122447652,11,55.0,0.00039807500015735504,0.00037435000012915,,,,,,
random_4_ties,CSM,20,20,0,5.934066560753179,2.2826523363908704,33.26086956521739,8.750166247256908,44.9,94.94053236014133,8,40.0,0.000384929999745465,0.0003679499995996,,,,,,
random_4_ties,RBSM,20,20,0,6.919006715732851,2.2826523363908704,33.26086956521739,9.811687711849945,51.35,94.20693193223194,9,45.0,0.00036711000002465,0.00035404999925949996,,,,,,
random_4_ties,BCE,20,17,3,1.9611902605447118,0.0,21.76165803108808,5.376336070737115,7.0,98.29770158737081,12,60.0,0.0003756470586641765,0.0003744999994523,,,,,,
random_4_ties,MRM,20,20,0,2.3544388274786145,0.0,18.84422110552764,5.138192202699935,16.7,97.90967743856922,14,70.0,0.000321890000122895,0.00029344999984455,,,,,,
random_4_ties,LCM_tie_allocation,20,20,0,2.7358790859167854,0.0,28.69022869022869,6.506167459389619,15.85,97.64566453870897,12,60.0,0.00039426499979522005,0.0003642000001491,4,2,14,20.0,10.0,LCM
random_4_ties,VAM_tie_cost,20,20,0,1.5331042290374468,0.0,17.616580310880828,4.146568537466019,5.8,98.62864521894392,15,75.0,0.000743344999773345,0.00072900000031945,1,0,19,5.0,0.0,VAM
random_4_ties,VAM_tie_allocation,20,20,0,1.6044728268544073,0.0,17.616580310880828,4.131047294786338,6.65,98.55828098053331,14,70.0,0.00084455500036706,0.00076769999941455,1,1,18,5.0,5.0,VAM
random_4_ties,VAM_penalty_sqrtA,20,20,0,1.6581112458646943,0.0,17.616580310880828,4.12158111381216,7.15,98.50562850446946,13,65.0,0.000923915000021165,0.0007573499997306,1,2,17,5.0,10.0,VAM
random_4_ties,VAM_penalty_A,20,20,0,2.439652137804095,0.0,21.76165803108808,5.077557592119352,11.95,97.8186148671791,11,55.0,0.000775734999842775,0.000739249999242,1,6,13,5.0,30.0,VAM
random_4_ties,TDSM_theta1_5,20,20,0,1.1312884728295685,0.0,11.85031185031185,2.728228298217774,6.8,98.94442651227011,14,70.0,0.00068243000005163,0.0006475000009231,2,0,18,10.0,0.0,TDSM
random_4_ties,LCM_top2_product,20,20,0,6.148835244103733,2.2826523363908704,35.233160621761655,10.512462809073963,31.0,94.95512412636995,7,35.0,0.000857879999693925,0.000402849999773,3,8,9,15.0,40.0,LCM
random_4_ties,LCM_top2_LB,20,20,0,2.530236323245531,0.2518891687657431,24.352331606217614,5.49094965533385,13.0,97.75949755332442,10,50.0,0.00102226500002866,0.00096294999912055,7,3,10,35.0,15.0,LCM
random_4_ties,VAM_top2_LB,20,20,0,1.9448505432676122,0.0,22.797927461139896,5.2022401667658,8.2,98.2998910742022,13,65.0,0.0013922799997999002,0.0013376999995671,1,3,16,5.0,15.0,VAM
random_4_ties,THP_top2_LB,20,20,0,1.746999871006972,0.23946360153256704,10.42654028436019,2.7601373032314678,11.0,98.34853134056863,10,50.0,0.0015000799999142498,0.0013865000000805,6,2,12,30.0,10.0,THP
random_4_ties,LCM_top2_rollout,20,20,0,2.516043495425783,0.0,24.11642411642412,6.424654149989687,11.1,97.85943116088083,14,70.0,0.001800289999755425,0.0017426499998691,6,0,14,30.0,0.0,LCM
random_4_ties,LCM_top3_rollout,20,20,0,0.10077519379844961,0.0,2.0155038759689923,0.4506803675580972,0.65,99.90121580547113,19,95.0,0.0024990249999972797,0.00227259999974185,9,0,11,45.0,0.0,LCM
random_4_ties,VAM_top2_rollout,20,20,0,0.981604209342491,0.0,17.616580310880828,3.941247606691526,2.35,99.15231712705703,18,90.0,0.003946809999797495,0.0037108499991518,4,0,16,20.0,0.0,VAM
random_4_ties,VAM_top3_rollout,20,20,0,0.981604209342491,0.0,17.616580310880828,3.941247606691526,2.35,99.15231712705703,18,90.0,0.005292470000222195,0.005140399999618199,4,0,16,20.0,0.0,VAM
random_4_ties,THP_top2_rollout,20,20,0,1.7708139808166545,0.0,24.11642411642412,5.394093288743807,9.75,98.47991096075019,14,70.0,0.0040794549999190605,0.00411665000046915,9,0,11,45.0,0.0,THP
random_4_ties,THP_top3_rollout,20,20,0,1.6881693527174808,0.0,24.11642411642412,5.381986387871221,9.15,98.55861014774206,14,70.0,0.005052749999958856,0.00481990000025685,9,0,11,45.0,0.0,THP
random_4_ties,THP_top2_LCMcompletion,20,20,0,1.6059395673125585,0.0,18.71101871101871,4.28995015488243,9.9,98.56600374453654,14,70.0,0.0023479749997931698,0.0022510499993586,10,1,9,50.0,5.0,THP
random_4_ties,VAM_top2_first_only,20,20,0,1.5256554394657522,0.0,17.616580310880828,4.1457982837244085,5.9,98.63581366337145,15,75.0,0.00140074499995529,0.00127130000055325,1,0,19,5.0,0.0,VAM
random_4_ties,THP_top2_first_only,20,20,0,2.739327434530262,0.23946360153256704,24.11642411642412,5.573395813891131,15.65,97.56959124457983,10,50.0,0.00136517999999338,0.0013100499991196,6,0,14,30.0,0.0,THP
random_4_ties,VAM_tieA_top2_rollout,20,20,0,0.981604209342491,0.0,17.616580310880828,3.941247606691526,2.35,99.15231712705703,18,90.0,0.0041148750002320805,0.004036450000057749,4,0,16,20.0,0.0,VAM
random_4_ties,MRM_orientation_ensemble,20,20,0,1.0314047975658704,0.0,14.417744916820702,3.300411642860998,6.0,99.06927928714339,17,85.0,0.0008937249998779799,0.0008471000001009,3,0,17,15.0,0.0,MRM
random_4_ties,LCM_score_alpha025,20,20,0,5.148056159683399,1.3327753949157861,28.69022869022869,8.23361439704014,28.0,95.59379354407062,8,40.0,0.0008487149997562851,0.00077364999924605,4,7,9,20.0,35.0,LCM
random_4_ties,LCM_score_alpha050,20,20,0,3.0963227088373033,0.0,28.69022869022869,6.546185423645872,17.8,97.30945764215724,11,55.0,0.0008078550000390851,0.0007409499994537,4,2,14,20.0,10.0,LCM
random_4_ties,LCM_score_alpha075,20,20,0,2.7358790859167854,0.0,28.69022869022869,6.506167459389619,15.85,97.64566453870897,12,60.0,0.0007855549998566351,0.0007515500001318,4,2,14,20.0,10.0,LCM
random_4_uniform,NWCM,20,20,0,40.33574173552232,28.453486719757258,153.0006523157208,40.39931864452839,2341.3,75.55542883625372,0,0.0,0.000367205000111365,0.00034240000059065,,,,,,
random_4_uniform,LCM,20,20,0,4.329456851369188,2.0899100084620446,19.15675675675676,5.914359173207656,310.0,96.12199009575403,6,30.0,0.00035302500018583006,0.00035170000046485,,,,,,
random_4_uniform,VAM,20,20,0,1.5776309947309144,0.0,12.84990081551686,3.2860749948690726,84.65,98.53810869795058,14,70.0,0.00075157499986738,0.0007362500000453499,,,,,,
random_4_uniform,LDVAM,20,20,0,1.5776309947309144,0.0,12.84990081551686,3.2860749948690726,84.65,98.53810869795058,14,70.0,0.0007896599998275251,0.00073044999953705,,,,,,
random_4_uniform,RAM,20,20,0,1.2593829693432705,0.0,11.03202846975089,2.6726238728460916,88.8,98.81754519209522,13,65.0,0.0006665100003373901,0.0005917000007684501,,,,,,
random_4_uniform,TDM1,20,20,0,1.8798921886214703,1.0254476544069304,10.1067615658363,2.4261791789891785,158.15,98.20540194033056,6,30.0,0.000668124999719975,0.0006335500002023001,,,,,,
random_4_uniform,TDM2,20,20,0,1.5112451383197176,0.8508752711475338,6.096631611034903,1.8835995110577142,109.9,98.54280649961109,6,30.0,0.0009137200001532151,0.0008751000004849,,,,,,
random_4_uniform,TDSM,20,20,0,1.5999954593367767,0.8581339180416134,10.1067615658363,2.3859497177390865,114.7,98.47416103743267,7,35.0,0.00069186499995335,0.0006658999991486501,,,,,,
random_4_uniform,THP,20,20,0,3.110353591519648,1.7085021896021968,17.91932995371391,4.4908009742638395,205.55,97.14450949966717,5,25.0,0.0008629699999800801,0.00079664999975645,,,,,,
random_4_uniform,SSM,20,20,0,3.0772203736893884,1.4793396994929797,18.55135135135135,4.848562735938976,208.7,97.20025085659654,6,30.0,0.00042024499989560995,0.000388299999031,,,,,,
random_4_uniform,CSM,20,20,0,5.502142530482244,2.305912760016714,21.05945945945946,6.72251526567044,357.2,95.12671100383818,2,10.0,0.00038606999996767003,0.00033495000025135003,,,,,,
random_4_uniform,RBSM,20,20,0,5.243803229346545,2.049122246900933,21.05945945945946,6.8829643885840035,341.6,95.37822143046671,4,20.0,0.0003640650000306299,0.00032974999976425,,,,,,
random_4_uniform,BCE,20,19,1,3.5538642525575246,1.441268316118184,19.502702702702702,5.7521523765239335,242.21052631578948,96.82362973684121,7,35.0,0.0003815000000030895,0.0003759999999601,,,,,,
random_4_uniform,MRM,20,20,0,2.3185376858036704,0.542669418389583,17.91932995371391,4.500109467069046,141.55,97.89634083227848,8,40.0,0.00031157999974306007,0.00030929999957145,,,,,,
random_4_uniform,LCM_tie_allocation,20,20,0,4.364058927493756,2.0899100084620446,19.15675675675676,5.889669330981828,311.0,96.08762583458564,5,25.0,0.00037762999982073997,0.000374649999685,0,1,19,0.0,5.0,LCM
random_4_uniform,VAM_tie_cost,20,20,0,1.5776309947309144,0.0,12.84990081551686,3.2860749948690726,84.65,98.53810869795058,14,70.0,0.000773700000172495,0.0007389500005956,0,0,20,0.0,0.0,VAM
random_4_uniform,VAM_tie_allocation,20,20,0,1.5776309947309144,0.0,12.84990081551686,3.2860749948690726,84.65,98.53810869795058,14,70.0,0.00080390499979326,0.00077805000000805,0,0,20,0.0,0.0,VAM
random_4_uniform,VAM_penalty_sqrtA,20,20,0,1.2069136640216527,0.0,6.553878981862521,1.970446562658104,75.0,98.84202039603355,11,55.0,0.000820145000125135,0.0007774499999868,2,4,14,10.0,20.0,VAM
random_4_uniform,VAM_penalty_A,20,20,0,3.3577734660355807,1.434174011870439,16.7002688172043,4.782926772205097,244.9,96.93258943664355,5,25.0,0.00078925500001783,0.00076625000019695,2,11,7,10.0,55.0,VAM
random_4_uniform,TDSM_theta1_5,20,20,0,1.910311983344246,1.0254476544069304,10.1067615658363,2.4422979656612935,144.8,98.17679506795187,6,30.0,0.0007053950001135801,0.0006739000000379001,1,2,17,5.0,10.0,TDSM
random_4_uniform,LCM_top2_product,20,20,0,5.619500754802237,4.578336375168645,20.423280423280424,5.622642974458736,397.1,94.91688181800492,1,5.0,0.00043883500011356004,0.00042395000036774997,1,11,8,5.0,55.0,LCM
random_4_uniform,LCM_top2_LB,20,20,0,2.3937743100880167,1.0833890313667123,11.040564373897707,3.176005040487676,190.25,97.74762112363575,5,25.0,0.001038949999929125,0.00100034999923075,8,3,9,40.0,15.0,LCM
random_4_uniform,VAM_top2_LB,20,20,0,2.058918296396018,1.135449503177498,7.97940797940798,2.456892434857692,161.5,98.0352886733555,6,30.0,0.00148321500009837,0.00137730000005825,2,9,9,10.0,45.0,VAM
random_4_uniform,THP_top2_LB,20,20,0,1.104660827433071,0.0,7.372134038800706,2.0935819917133776,61.6,98.94619569787947,11,55.0,0.0014514449999296149,0.001378349999868,10,3,7,50.0,15.0,THP
random_4_uniform,LCM_top2_rollout,20,20,0,1.9058073603073928,0.0,16.9054441260745,4.326836514612814,117.5,98.28217625693793,12,60.0,0.0018670450000171951,0.0017754000000422,12,0,8,60.0,0.0,LCM
random_4_uniform,LCM_top3_rollout,20,20,0,0.8450091326625133,0.0,5.096326164874552,1.5607002137308574,59.25,99.18408015539745,13,65.0,0.0024998700001560153,0.00235774999964625,12,0,8,60.0,0.0,LCM
random_4_uniform,VAM_top2_rollout,20,20,0,0.4494525444853161,0.0,6.096631611034903,1.4180950098136575,26.2,99.57055534191201,17,85.0,0.00395730999998699,0.0038929499996810998,6,0,14,30.0,0.0,VAM
random_4_uniform,VAM_top3_rollout,20,20,0,0.2770296587268758,0.0,3.4246575342465757,0.8787118030760677,10.05,99.73083251022395,18,90.0,0.0054759899998316,0.00545744999908485,6,0,14,30.0,0.0,VAM
random_4_uniform,THP_top2_rollout,20,20,0,0.6366053292548136,0.0,3.4246575342465757,1.0947805329857272,32.15,99.3784132141378,12,60.0,0.0039758750001964846,0.0038185500006875,10,0,10,50.0,0.0,THP
random_4_uniform,THP_top3_rollout,20,20,0,0.6366053292548136,0.0,3.4246575342465757,1.0947805329857272,32.15,99.3784132141378,12,60.0,0.0038808650000646053,0.00389719999930085,10,0,10,50.0,0.0,THP
random_4_uniform,THP_top2_LCMcompletion,20,20,0,0.7109622844189625,0.0,5.096326164874552,1.4522123455015197,42.15,99.31313897332467,13,65.0,0.0021234600000752347,0.0020693000005848504,11,0,9,55.0,0.0,THP
random_4_uniform,VAM_top2_first_only,20,20,0,1.5776309947309144,0.0,12.84990081551686,3.2860749948690726,84.65,98.53810869795058,14,70.0,0.00126572499984828,0.00123050000001965,0,0,20,0.0,0.0,VAM
random_4_uniform,THP_top2_first_only,20,20,0,3.0482823033850113,1.7085021896021968,17.91932995371391,4.530664080157244,198.95,97.20617723114694,7,35.0,0.0012696000000686999,0.00126815000021445,2,0,18,10.0,0.0,THP
random_4_uniform,VAM_tieA_top2_rollout,20,20,0,0.4494525444853161,0.0,6.096631611034903,1.4180950098136575,26.2,99.57055534191201,17,85.0,0.00407136000012537,0.0039866999995865,6,0,14,30.0,0.0,VAM
random_4_uniform,MRM_orientation_ensemble,20,20,0,1.3006546039210827,0.0,11.03202846975089,2.601534350796301,90.8,98.77391646617676,11,55.0,0.00094784999973849,0.0009018000000651,7,0,13,35.0,0.0,MRM
random_4_uniform,LCM_score_alpha025,20,20,0,9.209357994215003,3.96663762664843,43.66782006920416,11.830908231498071,518.25,92.45036838123643,3,15.0,0.000824925000142635,0.0007772499993734,5,10,5,25.0,50.0,LCM
random_4_uniform,LCM_score_alpha050,20,20,0,7.471667866444713,3.158312566048263,43.66782006920416,10.755262656116821,445.05,93.7986308213248,5,25.0,0.0007934500001283149,0.0007611999990331,3,6,11,15.0,30.0,LCM
random_4_uniform,LCM_score_alpha075,20,20,0,4.474940423830873,3.0558677375247507,20.713513513513515,5.856292012780205,319.05,95.98069124920939,5,25.0,0.0007807700000739301,0.0007484500001736999,4,3,13,20.0,15.0,LCM
random_5_skewed,NWCM,20,20,0,277.37630526853087,243.95996012626682,1021.978021978022,252.02479095512464,3371.75,39.01938122296465,0,0.0,0.00045673999984496003,0.0004469999994398,,,,,,
random_5_skewed,LCM,20,20,0,99.40105062252282,80.97517236861499,390.02079002079,97.06778034361015,1306.05,59.00612180663162,1,5.0,0.0004720000000815701,0.0004675999989558,,,,,,
random_5_skewed,VAM,20,20,0,24.271089879342536,6.835930405724456,127.04103671706264,35.43157315070185,408.8,85.24436816548992,5,25.0,0.00112948500000124,0.00111065000055525,,,,,,
random_5_skewed,LDVAM,20,20,0,25.344000898405234,8.72889479868885,127.04103671706264,35.13072379465819,428.6,84.42015507518978,5,25.0,0.00116281000009616,0.0011510000003909,,,,,,
random_5_skewed,RAM,20,20,0,26.578170712979574,5.357142857142858,208.24175824175825,49.16390616176552,329.9,85.67600927480873,6,30.0,0.000892479999765735,0.00084684999910675,,,,,,
random_5_skewed,TDM1,20,20,0,23.304720057206815,16.483262574691963,78.18411097099622,23.996124509832605,310.55,83.71955071233276,3,15.0,0.001010210000185865,0.0009815499997784499,,,,,,
random_5_skewed,TDM2,20,20,0,17.712746918789925,7.285072024956419,78.18411097099622,24.42214784738696,201.55,87.73277322667249,3,15.0,0.00141072500000514,0.00137075000020555,,,,,,
random_5_skewed,TDSM,20,20,0,23.809834661024947,16.483262574691963,78.18411097099622,25.950705077353494,314.55,83.74853832942301,2,10.0,0.001013820000116495,0.0009462999996684999,,,,,,
random_5_skewed,THP,20,20,0,22.318609390234773,9.329212760828224,94.50479233226837,26.765325141345585,297.15,84.71975238275076,1,5.0,0.001224170000023105,0.0012147500001447,,,,,,
random_5_skewed,SSM,20,20,0,36.31581416335358,13.477659678100208,210.32397408207345,56.051818993341136,604.95,81.21785038766726,3,15.0,0.000509824999971855,0.00048704999971955,,,,,,
random_5_skewed,CSM,20,20,0,36.97173046866475,16.73002673002673,197.5377969762419,50.711794967223184,594.05,79.55259216441604,2,10.0,0.0005442700001367,0.00055545000031995,,,,,,
random_5_skewed,RBSM,20,20,0,61.936752289003984,40.67325079983308,212.01298701298705,67.01881041223962,902.65,70.64088816921102,3,15.0,0.00056911499996199,0.00055189999966385,,,,,,
random_5_skewed,BCE,20,16,4,19.40800885070725,6.699074526445093,103.71490280777536,28.977213159471635,359.75,87.26976324652796,5,25.0,0.00058861249988235,0.0005511000008482,,,,,,
random_5_skewed,MRM,20,20,0,17.14648588083127,12.070953737620405,67.85714285714286,17.9340338205064,220.65,87.02830497612958,3,15.0,0.00043819500015155005,0.00040695000097905,,,,,,
random_5_skewed,LCM_tie_allocation,20,20,0,75.27354038923218,51.65893355906343,289.2857142857143,71.37702045175914,1090.55,64.16930592523845,0,0.0,0.0005957000000307351,0.0005329999994501001,5,2,13,25.0,10.0,LCM
random_5_skewed,VAM_tie_cost,20,20,0,25.344000898405234,8.72889479868885,127.04103671706264,35.13072379465819,428.6,84.42015507518978,5,25.0,0.001189124999837025,0.0011327000001983,0,2,18,0.0,10.0,VAM
random_5_skewed,VAM_tie_allocation,20,20,0,25.3628058556739,10.319046857508397,127.04103671706264,34.86895019374817,417.8,84.29846799307404,5,25.0,0.0012641799998163602,0.00115894999998995,0,2,18,0.0,10.0,VAM
random_5_skewed,VAM_penalty_sqrtA,20,20,0,28.03229412697265,11.556789024454101,127.04103671706264,36.18754519480412,454.5,82.86876284505325,4,20.0,0.0013055150000581702,0.0012126499996156,2,7,11,10.0,35.0,VAM
random_5_skewed,VAM_penalty_A,20,20,0,18.80540732676851,10.69442223288377,83.76623376623377,23.531686607762698,280.55,86.79109423378466,3,15.0,0.00128366500002807,0.00120754999988995,4,10,6,20.0,50.0,VAM
random_5_skewed,TDSM_theta1_5,20,20,0,23.976154827345113,16.483262574691963,78.18411097099622,25.945198946612454,316.15,83.63872097782485,2,10.0,0.00105278999999423,0.00099940000018245,0,1,19,0.0,5.0,TDSM
random_5_skewed,LCM_top2_product,20,20,0,98.04876745237152,73.35329821946674,390.02079002079,99.99296034432207,1327.95,59.94245456165318,1,5.0,0.0006056650000572949,0.00055865000012995,4,6,10,20.0,30.0,LCM
random_5_skewed,LCM_top2_LB,20,20,0,83.90057590429852,42.457600203264946,390.02079002079,101.84146649931994,1104.2,65.59409617395733,1,5.0,0.00150093000002013,0.0014091499997448001,8,1,11,40.0,5.0,LCM
random_5_skewed,VAM_top2_LB,20,20,0,36.5212090344571,29.13412967255007,127.04103671706264,37.5045048689457,557.5,77.99800485749795,4,20.0,0.00225211500001019,0.0021267000001898,2,10,8,10.0,50.0,VAM
random_5_skewed,THP_top2_LB,20,20,0,22.551218202884815,10.490847990847993,110.28077753779698,31.271205349825806,338.35,85.44581623252836,3,15.0,0.002208590000009245,0.0021293500003594,10,5,5,50.0,25.0,THP
random_5_skewed,LCM_top2_rollout,20,20,0,59.889675628174544,34.1041457907013,289.2857142857143,71.02795743549967,873.95,70.68515205153689,2,10.0,0.003154054999868055,0.0029924500004199,11,0,9,55.0,0.0,LCM
random_5_skewed,LCM_top3_rollout,20,20,0,40.945254298802645,29.504216324064082,186.6522678185745,46.49182382111142,650.65,76.56366488976116,2,10.0,0.004297015000065539,0.0042208499999105,14,0,6,70.0,0.0,LCM
random_5_skewed,VAM_top2_rollout,20,20,0,11.443587649862476,1.675482688140916,50.669546436285096,16.786536336111727,226.35,91.40336652467327,6,30.0,0.007244380000065535,0.00738850000016095,6,0,14,30.0,0.0,VAM
random_5_skewed,VAM_top3_rollout,20,20,0,10.372166952252098,1.6447971883478647,50.669546436285096,16.082250282446918,176.95,92.14356697939226,7,35.0,0.010543975000200535,0.01020235000032695,8,0,12,40.0,0.0,VAM
random_5_skewed,THP_top2_rollout,20,20,0,11.60751333578283,4.876373626373626,83.76623376623377,20.27322168559499,128.25,91.64681040749647,6,30.0,0.007916839999961626,0.0082606000005398,11,0,9,55.0,0.0,THP
random_5_skewed,THP_top3_rollout,20,20,0,10.156335841633506,4.876373626373626,83.76623376623377,19.717952162036248,110.35,92.69363859147236,6,30.0,0.008850305000123574,0.00872040000012925,11,0,9,55.0,0.0,THP
random_5_skewed,THP_top2_LCMcompletion,20,20,0,18.75414716010075,11.20694809854102,83.76623376623377,24.542232780802447,229.55,86.99406304062875,5,25.0,0.0037958400000206345,0.00382424999952485,11,4,5,55.0,20.0,THP
random_5_skewed,VAM_top2_first_only,20,20,0,20.624659079021576,2.1012783062442266,127.04103671706264,34.3905513274205,383.1,87.49570925381713,5,25.0,0.00209308000003143,0.0019984999998995997,2,0,18,10.0,0.0,VAM
random_5_skewed,THP_top2_first_only,20,20,0,17.216922685380837,7.163701291550647,83.76623376623377,21.33044696469439,218.4,87.46772413763455,2,10.0,0.002153599999928645,0.00205875000028745,5,0,15,25.0,0.0,THP
random_5_skewed,VAM_tieA_top2_rollout,20,20,0,11.694013193931543,1.6447971883478647,50.669546436285096,16.731900801076733,220.4,91.20125154624719,8,40.0,0.008010885000021464,0.007908499998848049,8,1,11,40.0,5.0,VAM
random_5_skewed,MRM_orientation_ensemble,20,20,0,10.201484768831595,3.0631868131868134,67.85714285714286,17.252660452367632,109.95,92.36924823847258,5,25.0,0.0012367899999843998,0.0011993499992967501,10,0,10,50.0,0.0,MRM
random_5_skewed,LCM_score_alpha025,20,20,0,76.81420792812142,50.400109761343245,262.85714285714283,71.93089432087653,1071.85,64.68271688088171,0,0.0,0.00112860500021265,0.0010943500001303,12,4,4,60.0,20.0,LCM
random_5_skewed,LCM_score_alpha050,20,20,0,73.18763397723032,47.623170270832134,268.3928571428572,68.9239833066814,1051.15,64.96015450161096,0,0.0,0.00105500999998179,0.0010187000007135,7,3,10,35.0,15.0,LCM
random_5_skewed,LCM_score_alpha075,20,20,0,74.43253117817892,46.32341005173376,289.2857142857143,71.77875905870538,1069.55,64.58567334048033,0,0.0,0.0011136800003441302,0.0010469000008015,5,2,13,25.0,10.0,LCM
random_5_ties,NWCM,20,20,0,84.71469100883863,78.33865568850756,195.26315789473685,55.37250698696506,603.2,58.8870707928164,0,0.0,0.0004647850000764649,0.00046064999969525,,,,,,
random_5_ties,LCM,20,20,0,9.940339003772152,7.80882877150753,33.1578947368421,9.036444917402855,66.75,91.50546380288127,3,15.0,0.000493269999787965,0.00046860000020384996,,,,,,
random_5_ties,VAM,20,20,0,3.7154221145989843,0.9429824561403508,25.792811839323463,6.435002219294662,23.85,96.72844932983185,9,45.0,0.0011940599999433702,0.0011988999995082,,,,,,
random_5_ties,LDVAM,20,20,0,3.4534395732429486,0.6472217259246025,25.792811839323463,6.418453887299797,23.05,96.97097482722775,9,45.0,0.00114125499985671,0.00110314999983525,,,,,,
random_5_ties,RAM,20,20,0,7.091577572653206,4.494437095011011,33.1578947368421,9.07283924815194,47.1,93.94670223998051,6,30.0,0.0008557250002012851,0.00082960000054295,,,,,,
random_5_ties,TDM1,20,20,0,6.62527627000992,2.9574760938858304,33.1578947368421,9.508735423076592,41.9,94.40897863660064,5,25.0,0.0009569349998855099,0.0009286000004067,,,,,,
random_5_ties,TDM2,20,20,0,7.166236897112801,2.805231651805201,33.1578947368421,9.958185081736756,46.25,93.99060084738815,4,20.0,0.001477439999871375,0.0014647999996668,,,,,,
random_5_ties,TDSM,20,20,0,6.963308361704536,2.4014778325123154,33.1578947368421,9.831089263675345,42.9,94.16194369208117,6,30.0,0.001024355000117745,0.00099005000083705,,,,,,
random_5_ties,THP,20,20,0,9.166900445357552,5.8499807777192405,27.48414376321353,8.693724542206406,73.3,92.1253150224838,2,10.0,0.00127473999991703,0.0011664999992717,,,,,,
random_5_ties,SSM,20,20,0,8.921332993445631,6.643764583873477,27.834245504300235,8.57004664993452,70.85,92.31619235680787,2,10.0,0.0005407649998232351,0.00052549999963955,,,,,,
random_5_ties,CSM,20,20,0,8.790472632536328,6.285602469887376,36.62613981762918,9.752783612129758,57.0,92.55171584100097,2,10.0,0.000502430000233245,0.0004759499997817,,,,,,
random_5_ties,RBSM,20,20,0,9.024772600341255,6.031771052262856,31.003039513677813,10.04657101054109,67.25,92.40500461452848,2,10.0,0.000488939999559035,0.00044709999929175,,,,,,
random_5_ties,BCE,20,15,5,7.03820278844434,3.6945812807881775,27.834245504300235,9.367204199978449,56.266666666666666,94.03021391745531,2,10.0,0.00049993999964494,0.000474700000268,,,,,,
random_5_ties,MRM,20,20,0,6.731719406464231,3.517256968260897,33.1578947368421,8.911056547803435,41.6,94.2405909889064,5,25.0,0.00041040000023709496,0.0003934500000468,,,,,,
random_5_ties,LCM_tie_allocation,20,20,0,9.78370745219312,7.80882877150753,33.1578947368421,8.992313704692597,65.3,91.63228410623667,3,15.0,0.000517690000015095,0.0004824999996344,3,2,15,15.0,10.0,LCM
random_5_ties,VAM_tie_cost,20,20,0,3.4534395732429486,0.6472217259246025,25.792811839323463,6.418453887299797,23.05,96.97097482722775,9,45.0,0.00120739999993015,0.00118995000048015,3,2,15,15.0,10.0,VAM
random_5_ties,VAM_tie_allocation,20,20,0,3.788698065568325,0.9429824561403508,25.792811839323463,7.017242953477907,24.95,96.71535029478294,9,45.0,0.0012672600000768902,0.0012699499993686502,2,3,15,10.0,15.0,VAM
random_5_ties,VAM_penalty_sqrtA,20,20,0,3.667671614135826,0.6848224239528587,25.792811839323463,6.441297268532693,25.5,96.77362081982167,9,45.0,0.0012447850000171048,0.0012199499997223,5,6,9,25.0,30.0,VAM
random_5_ties,VAM_penalty_A,20,20,0,4.470183701509064,2.10467859235124,25.792811839323463,6.460925070653317,30.9,96.0327376343534,6,30.0,0.0012079300002369052,0.0011694500008161,4,9,7,20.0,45.0,VAM
random_5_ties,TDSM_theta1_5,20,20,0,7.104247959019972,2.4014778325123154,33.1578947368421,10.035767990893401,43.95,94.06524904814243,6,30.0,0.0010662249999767951,0.0010469000008015,0,1,19,0.0,5.0,TDSM
random_5_ties,LCM_top2_product,20,20,0,9.67294634546544,7.355856802578114,31.078224101479915,8.828955260284507,76.15,91.70559819220448,2,10.0,0.0006945100000847899,0.00058820000049305,6,9,5,30.0,45.0,LCM
random_5_ties,LCM_top2_LB,20,20,0,6.677589547466719,3.8759874369467973,31.078224101479915,8.312579478605198,46.75,94.23177086010378,7,35.0,0.001572604999910205,0.0014147500005492,8,5,7,40.0,25.0,LCM
random_5_ties,VAM_top2_LB,20,20,0,4.630175126070762,1.1404807355175501,25.792811839323463,7.38275138197221,31.3,95.98161308531387,8,40.0,0.002069114999994735,0.0019416500008446,4,5,11,20.0,25.0,VAM
random_5_ties,THP_top2_LB,20,20,0,5.259485278819012,2.8524340770791077,27.48414376321353,7.173743016392901,35.0,95.37889821297152,4,20.0,0.0022489650001261247,0.00223560000085845,13,3,4,65.0,15.0,THP
random_5_ties,LCM_top2_rollout,20,20,0,4.339093428673597,1.7183478831306453,25.792811839323463,6.150054418271707,30.25,96.12416872651467,7,35.0,0.0030999399999927448,0.00291964999996705,10,0,10,50.0,0.0,LCM
random_5_ties,LCM_top3_rollout,20,20,0,3.11644906316664,0.38860103626943004,25.792811839323463,5.9167593695857414,21.05,97.23959548920543,10,50.0,0.004240639999989025,0.004061550000187699,13,0,7,65.0,0.0,LCM
random_5_ties,VAM_top2_rollout,20,20,0,2.7672006589822216,0.0,18.6046511627907,5.287736808494839,18.25,97.53007538747545,11,55.0,0.0073818599998957835,0.00754284999948135,6,0,14,30.0,0.0,VAM
random_5_ties,VAM_top3_rollout,20,20,0,1.2170754018266663,0.0,18.6046511627907,4.143880800756655,7.05,98.93362159078703,14,70.0,0.010308864999569735,0.010186049999902,10,0,10,50.0,0.0,VAM
random_5_ties,THP_top2_rollout,20,20,0,2.6704028238551327,0.25862068965517243,18.6046511627907,4.731524706758117,18.1,97.57829018753372,10,50.0,0.00774526000004693,0.007620299999871301,15,0,5,75.0,0.0,THP
random_5_ties,THP_top3_rollout,20,20,0,1.96781711141752,0.0,18.6046511627907,4.277935019516535,12.25,98.21601836244079,12,60.0,0.010356139999748794,0.0103312000001096,16,0,4,80.0,0.0,THP
random_5_ties,THP_top2_LCMcompletion,20,20,0,3.125767358718151,0.6879144062688367,26.84989429175476,6.06104355675982,19.6,97.24014528456354,9,45.0,0.0037886899998738456,0.0037709999996877,16,1,3,80.0,5.0,THP
random_5_ties,VAM_top2_first_only,20,20,0,3.6803343953007386,0.5921052631578947,25.792811839323463,6.452175903139906,23.65,96.76305014568268,9,45.0,0.0020098599998163553,0.0018867999997382499,1,0,19,5.0,0.0,VAM
random_5_ties,THP_top2_first_only,20,20,0,8.357410064870418,4.933123402132569,27.48414376321353,8.662051993941136,67.55,92.81090372415302,3,15.0,0.002176465000047705,0.0021116000007168,3,0,17,15.0,0.0,THP
random_5_ties,VAM_tieA_top2_rollout,20,20,0,2.3497060089773787,0.0,18.6046511627907,5.215793868928292,14.95,97.92092489677444,13,65.0,0.0079393700000764,0.00781889999962,7,0,13,35.0,0.0,VAM
random_5_ties,MRM_orientation_ensemble,20,20,0,5.452764036925288,1.2891498881431767,33.1578947368421,9.053737238379158,32.75,95.40222384055846,8,40.0,0.0012574050002512548,0.0012615000005098001,6,0,14,30.0,0.0,MRM
random_5_ties,LCM_score_alpha025,20,20,0,10.630488132619607,10.17746621194897,31.92982456140351,8.939847891027553,73.65,90.92451039324223,2,10.0,0.001146150000022265,0.00111360000028065,7,5,8,35.0,25.0,LCM
random_5_ties,LCM_score_alpha050,20,20,0,9.893292587594699,8.061035581091389,33.1578947368421,8.899272427615895,66.25,91.52792514820621,2,10.0,0.00116940000034443,0.0010792000002766,3,3,14,15.0,15.0,LCM
random_5_ties,LCM_score_alpha075,20,20,0,9.78370745219312,7.80882877150753,33.1578947368421,8.992313704692597,65.3,91.63228410623667,3,15.0,0.0011244350000196852,0.00104204999934145,3,2,15,15.0,10.0,LCM
random_5_uniform,NWCM,20,20,0,83.41303334472077,78.68189901429369,204.30001963479285,48.81540716530626,6124.95,58.013165242303955,0,0.0,0.000451634999717445,0.00042974999996655,,,,,,
random_5_uniform,LCM,20,20,0,11.100784263900978,8.106580607130518,49.94850669412976,12.19480626547287,832.4,90.89846167105777,1,5.0,0.000490495000121835,0.00047400000039485,,,,,,
random_5_uniform,VAM,20,20,0,3.1616797732053694,0.3230379489178541,14.96127562642369,4.746990494401082,255.85,97.11962377613614,9,45.0,0.001157160000002435,0.00111579999975215,,,,,,
random_5_uniform,LDVAM,20,20,0,3.1616797732053694,0.3230379489178541,14.96127562642369,4.746990494401082,255.85,97.11962377613614,9,45.0,0.0011142900001686398,0.00107230000048725,,,,,,
random_5_uniform,RAM,20,20,0,7.153866925211797,4.276490007016205,36.74149811069127,9.4857553663699,527.3,93.93370697247175,4,20.0,0.000890185000298465,0.0008174000004146,,,,,,
random_5_uniform,TDM1,20,20,0,3.3893099269598026,0.8631478829920861,15.40116815247464,4.704977624182314,264.9,96.90001265311834,4,20.0,0.000989309999931675,0.00092220000078665,,,,,,
random_5_uniform,TDM2,20,20,0,5.467965906684173,0.8901098440378206,49.94850669412976,11.332147237945428,407.45,95.60810077716746,4,20.0,0.0014169550000587498,0.0013233499994384501,,,,,,
random_5_uniform,TDSM,20,20,0,5.251825184688348,2.5769722124740624,21.33482551632923,6.685717996810716,405.6,95.3501330166724,5,25.0,0.00102769499981145,0.00095289999990195,,,,,,
random_5_uniform,THP,20,20,0,8.968568194279667,4.8115927467422335,49.94850669412976,12.437455252262547,728.2,92.70722569994659,1,5.0,0.001214499999969055,0.00115660000028575,,,,,,
random_5_uniform,SSM,20,20,0,10.255996705201008,4.257602465831102,39.19104653445906,11.572278792549893,810.95,91.54726324199075,1,5.0,0.000552294999943065,0.0005276499996398,,,,,,
random_5_uniform,CSM,20,20,0,9.699556860570823,7.105588672640901,34.785507890642364,8.893156808101503,719.85,91.68059833215038,1,5.0,0.000546604999908545,0.0005304999995132001,,,,,,
random_5_uniform,RBSM,20,20,0,12.302893315728728,6.957708540397275,72.3049566570349,16.59976625903294,911.55,90.44059874111716,0,0.0,0.00054816000010754,0.0005171999991944,,,,,,
random_5_uniform,BCE,20,16,4,9.169879841868187,3.2172210394859744,48.19773429454171,14.425259468270246,657.4375,92.84050692078708,4,20.0,0.0005425749999403312,0.00052059999961775,,,,,,
random_5_uniform,MRM,20,20,0,7.44652802635685,3.7585301506633364,26.970387243735765,8.578392386626046,579.45,93.59665945263498,2,10.0,0.00042218500011582006,0.00040684999930815,,,,,,
random_5_uniform,LCM_tie_allocation,20,20,0,11.02617205105982,8.106580607130518,49.94850669412976,12.148367215179462,828.6,90.95181344128795,1,5.0,0.00053699500012949,0.00051830000029435,1,0,19,5.0,0.0,LCM
random_5_uniform,VAM_tie_cost,20,20,0,3.1616797732053694,0.3230379489178541,14.96127562642369,4.746990494401082,255.85,97.11962377613614,9,45.0,0.00113767000002549,0.00107580000076265,0,0,20,0.0,0.0,VAM
random_5_uniform,VAM_tie_allocation,20,20,0,3.1616797732053694,0.3230379489178541,14.96127562642369,4.746990494401082,255.85,97.11962377613614,9,45.0,0.001275364999946705,0.00117255000077415,0,0,20,0.0,0.0,VAM
random_5_uniform,VAM_penalty_sqrtA,20,20,0,4.241155108003364,0.9477945513387018,21.30911188004613,6.147148145838324,371.55,96.22518163997351,8,40.0,0.00123095500021005,0.00114424999992475,2,7,11,10.0,35.0,VAM
random_5_uniform,VAM_penalty_A,20,20,0,5.723733223285263,2.982343813162596,21.30911188004613,6.470084810316909,497.55,94.90282534622303,4,20.0,0.0012021549999189547,0.0011778499992941998,1,13,6,5.0,65.0,VAM
random_5_uniform,TDSM_theta1_5,20,20,0,4.490828950635874,2.272790091542786,19.84885530117804,5.862673169845096,319.9,95.9686681850007,4,20.0,0.00103583500003874,0.0009878500004560499,2,3,15,10.0,15.0,TDSM
random_5_uniform,LCM_top2_product,20,20,0,11.941710948279667,8.478494075925664,49.94850669412976,11.919818453513104,990.85,90.16604883230153,0,0.0,0.0006072900001526849,0.00058080000053445,2,8,10,10.0,40.0,LCM
random_5_uniform,LCM_top2_LB,20,20,0,7.171553225155677,1.962671160717894,49.94850669412976,12.46388372848421,528.15,94.27402206412685,5,25.0,0.001500060000125755,0.0014032000008227501,12,1,7,60.0,5.0,LCM
random_5_uniform,VAM_top2_LB,20,20,0,4.8013583433644325,1.7386564055116531,23.40709936135452,6.735766774323357,355.35,95.76232740471633,5,25.0,0.00211145500024937,0.00211849999959665,2,7,11,10.0,35.0,VAM
random_5_uniform,THP_top2_LB,20,20,0,5.498273165101672,1.4901741579057586,26.970387243735765,7.993542932919359,453.25,95.25641119416053,5,25.0,0.0021143749997463,0.0020723999996334003,12,2,6,60.0,10.0,THP
random_5_uniform,LCM_top2_rollout,20,20,0,7.491758557139977,2.168197031104025,49.94850669412976,12.208030475167767,534.85,93.95389518793327,3,15.0,0.00298247499977147,0.0029224499985502,10,0,10,50.0,0.0,LCM
random_5_uniform,LCM_top3_rollout,20,20,0,4.365861070886753,1.3968868994502839,24.337129840546694,6.860843364043428,326.7,96.16615913442385,5,25.0,0.00414480499994165,0.00411250000070135,16,0,4,80.0,0.0,LCM
random_5_uniform,VAM_top2_rollout,20,20,0,1.8512132505999166,0.02167551750298035,13.12936283974454,3.4591720070040783,124.95,98.28310109242304,10,50.0,0.007707124999978936,0.00737359999948235,4,0,16,20.0,0.0,VAM
random_5_uniform,VAM_top3_rollout,20,20,0,1.608551888513236,0.0,13.12936283974454,3.490253121779975,103.0,98.51958059240167,12,60.0,0.010686615000304243,0.010510350000004099,6,0,14,30.0,0.0,VAM
random_5_uniform,THP_top2_rollout,20,20,0,3.361643763289421,1.1966566082589325,14.96127562642369,4.432048192764434,289.25,96.90913327801532,5,25.0,0.00743044000000731,0.0072355000002062,14,0,6,70.0,0.0,THP
random_5_uniform,THP_top3_rollout,20,20,0,3.2639736035580134,1.1966566082589325,14.96127562642369,4.2972725268494125,279.65,96.99129489092424,5,25.0,0.007674110000061724,0.00787915000091735,14,0,6,70.0,0.0,THP
random_5_uniform,THP_top2_LCMcompletion,20,20,0,3.61285112824419,1.5140681846272197,14.96127562642369,4.483831405742519,298.35,96.67815634677031,5,25.0,0.003604935000203055,0.0036108499989494997,13,0,7,65.0,0.0,THP
random_5_uniform,VAM_top2_first_only,20,20,0,2.328342121680616,0.1787669618445434,13.12936283974454,3.8140586652737785,168.65,97.84660506928678,9,45.0,0.0021545249999689554,0.00192085000071525,2,0,18,10.0,0.0,VAM
random_5_uniform,THP_top2_first_only,20,20,0,8.233975418161837,3.4593639036831587,49.94850669412976,12.379064486694444,681.9,93.33022614998772,1,5.0,0.0020641750001231646,0.0019296500004202,4,0,16,20.0,0.0,THP
random_5_uniform,VAM_tieA_top2_rollout,20,20,0,1.8512132505999166,0.02167551750298035,13.12936283974454,3.4591720070040783,124.95,98.28310109242304,10,50.0,0.008083080000051219,0.00806880000072845,4,0,16,20.0,0.0,VAM
random_5_uniform,MRM_orientation_ensemble,20,20,0,4.913821139534414,1.5140681846272197,24.337129840546694,6.914964657999411,397.3,95.67079381217704,2,10.0,0.0012089950001608852,0.00113165000038855,7,0,13,35.0,0.0,MRM
random_5_uniform,LCM_score_alpha025,20,20,0,10.359701548109411,6.33416803263362,49.94850669412976,11.898281111170233,777.2,91.4480383319441,1,5.0,0.0011505049998049297,0.0011057000001528,5,12,3,25.0,60.0,LCM
random_5_uniform,LCM_score_alpha050,20,20,0,11.436486063547827,8.106580607130518,49.94850669412976,11.968622540330832,871.05,90.58517435052427,0,0.0,0.00116046499997533,0.00106274999961895,5,4,11,25.0,20.0,LCM
random_5_uniform,LCM_score_alpha075,20,20,0,11.1974368758686,8.106580607130518,49.94850669412976,11.990590337353876,838.4,90.78180774742732,0,0.0,0.0010836749998815798,0.00104439999995515,3,2,15,15.0,10.0,LCM
random_6_skewed,NWCM,20,20,0,237.67929917156988,193.73945107988692,603.7924151696607,165.11533129398998,3362.55,36.13220772816423,0,0.0,0.00062552500012311,0.0006080500006646001,,,,,,
random_6_skewed,LCM,20,20,0,48.124306846495735,27.30546658620743,153.50089766606823,47.56491479078162,673.55,72.78501635121214,0,0.0,0.0007218500001726551,0.0006822500008638,,,,,,
random_6_skewed,VAM,20,20,0,37.38028440854461,5.9189614349193995,227.12177121771217,65.93212189669511,552.3,82.49608543746258,5,25.0,0.0019389300002330405,0.00178345000040275,,,,,,
random_6_skewed,LDVAM,20,20,0,42.052277748193575,10.506436428667836,206.10412926391385,63.97179170302004,632.5,79.98170137046634,4,20.0,0.001915060000010215,0.0017762999996193,,,,,,
random_6_skewed,RAM,20,20,0,23.963821746338557,18.513566136495818,71.113074204947,19.350902745943337,345.95,82.40360703759438,0,0.0,0.001398245000109405,0.00137815000016415,,,,,,
random_6_skewed,TDM1,20,20,0,19.571241295530584,13.7881253754019,103.38028169014083,22.83873493721406,287.35,85.75094149624285,1,5.0,0.001566409999941185,0.00151940000068855,,,,,,
random_6_skewed,TDM2,20,20,0,18.10492405562616,13.153295918623003,45.206724216265336,14.925413270514069,265.55,85.91421545354892,0,0.0,0.002384335000260715,0.00231380000059285,,,,,,
random_6_skewed,TDSM,20,20,0,21.226119164719766,14.034565682083171,103.38028169014083,23.806226714600005,322.6,84.78023602864668,1,5.0,0.001672885000061735,0.00150490000032725,,,,,,
random_6_skewed,THP,20,20,0,28.758891414792124,15.931942237571842,150.08976660682225,34.67809867363348,384.25,81.44339363214141,0,0.0,0.0019184750001840698,0.00192380000044065,,,,,,
random_6_skewed,SSM,20,20,0,40.220415852101084,22.10142102590553,245.9964412811388,58.13937949089831,770.7,78.59576472741279,2,10.0,0.0008656700000755798,0.00082815000041585,,,,,,
random_6_skewed,CSM,20,20,0,37.93739049002346,21.901173075334995,163.6120996441281,42.9977947892102,672.95,77.51371182350232,1,5.0,0.0008670750000419,0.0007703999999648,,,,,,
random_6_skewed,RBSM,20,20,0,49.09707344772057,22.98846672920884,241.72597864768684,60.104523368204255,873.2,74.086771631696,0,0.0,0.0007716849999268901,0.0007181499995567,,,,,,
random_6_skewed,BCE,20,11,9,18.77114786322344,5.038759689922481,61.971830985915496,23.314037174292405,252.8181818181818,86.81868614857991,0,0.0,0.0009584454543403818,0.0007932999997137,,,,,,
random_6_skewed,MRM,20,20,0,22.196017454813564,18.476363882637326,66.28664495114006,19.16385760104822,318.05,83.65195497978314,1,5.0,0.0007935700000415999,0.00063529999988525,,,,,,
random_6_skewed,LCM_tie_allocation,20,20,0,48.51283911659282,28.20985935106531,161.29577464788733,48.907333097474705,675.9,72.86350544483994,0,0.0,0.000847779999821755,0.0007704999998168,3,4,13,15.0,20.0,LCM
random_6_skewed,VAM_tie_cost,20,20,0,42.052277748193575,10.506436428667836,206.10412926391385,63.97179170302004,632.5,79.98170137046634,4,20.0,0.0018374699999184803,0.00165405000007005,2,2,16,10.0,10.0,VAM
random_6_skewed,VAM_tie_allocation,20,20,0,47.05313681058513,10.506436428667836,227.12177121771217,70.82967724467409,776.3,78.9534099761444,4,20.0,0.0019593349999922345,0.00183174999983745,3,5,12,15.0,25.0,VAM
random_6_skewed,VAM_penalty_sqrtA,20,20,0,43.13188095913358,8.53579465273275,222.81672816728167,62.65579339477696,726.1,79.33830179940749,1,5.0,0.0018838849997336604,0.00181069999962345,5,11,4,25.0,55.0,VAM
random_6_skewed,VAM_penalty_A,20,20,0,43.696126772283,8.75429736428324,222.81672816728167,63.36599035553248,721.05,79.15518761817383,0,0.0,0.0021013499998843548,0.00210384999991215,6,12,2,30.0,60.0,VAM
random_6_skewed,TDSM_theta1_5,20,20,0,19.923341919013104,14.034565682083171,103.38028169014083,23.06622472844487,304.4,85.55826946616085,1,5.0,0.00176654500000946,0.0016717500002414,2,1,17,10.0,5.0,TDSM
random_6_skewed,LCM_top2_product,20,20,0,69.42783687562817,45.9722826300781,183.33333333333331,58.91279121229524,923.75,65.7010705830667,0,0.0,0.0008778050002546799,0.00082139999994975,5,10,5,25.0,50.0,LCM
random_6_skewed,LCM_top2_LB,20,20,0,59.551495311835154,30.961745663968266,180.23952095808383,57.26367458695848,908.8,69.3700858823963,0,0.0,0.002333174999876005,0.00208694999946595,9,7,4,45.0,35.0,LCM
random_6_skewed,VAM_top2_LB,20,20,0,48.03618869505042,19.219468638073288,227.12177121771217,67.22525498807981,836.2,77.44218482514741,2,10.0,0.003558584999791445,0.0035634000005302,4,10,6,20.0,50.0,VAM
random_6_skewed,THP_top2_LB,20,20,0,24.054379061763193,9.794574547532381,122.98591549295774,31.47405882246081,347.35,84.31509637325928,2,10.0,0.004032230000120709,0.00322725000023635,12,5,3,60.0,25.0,THP
random_6_skewed,LCM_top2_rollout,20,20,0,32.521502452593396,27.047068653390895,153.50089766606823,35.034330999395834,462.75,79.22002423369884,0,0.0,0.00620139999982707,0.00576464999994635,14,0,6,70.0,0.0,LCM
random_6_skewed,LCM_top3_rollout,20,20,0,24.081464650482967,15.783316078748243,102.3339317773788,25.945804415097747,345.8,83.32099457040795,0,0.0,0.0087466899997707,0.00771689999874065,18,0,2,90.0,0.0,LCM
random_6_skewed,VAM_top2_rollout,20,20,0,12.32953882243812,1.959532822725005,141.11310592459606,31.370223080195842,160.85,92.5470837927468,6,30.0,0.015002644999822174,0.013859249999768501,13,0,7,65.0,0.0,VAM
random_6_skewed,VAM_top3_rollout,20,20,0,3.424029035594729,1.065356576188211,24.795982423101066,6.0256931820132165,51.3,96.96466283616937,7,35.0,0.020925605000138542,0.0202454499994928,13,0,7,65.0,0.0,VAM
random_6_skewed,THP_top2_rollout,20,20,0,14.853407525074179,3.7609283278461527,101.1669658886894,24.351915723140785,197.9,89.706689964995,2,10.0,0.014686455000173662,0.014068550000047201,15,0,5,75.0,0.0,THP
random_6_skewed,THP_top3_rollout,20,20,0,10.542637956289536,3.5391104794440174,45.206724216265336,14.445517209674358,149.85,91.75139778778487,5,25.0,0.018258239999886385,0.01826569999957425,16,0,4,80.0,0.0,THP
random_6_skewed,THP_top2_LCMcompletion,20,20,0,10.655359316666207,5.4941450572518535,41.43145161290322,12.009098401557033,135.2,91.25567462673607,0,0.0,0.00643792000000753,0.0064645499996913,12,2,6,60.0,10.0,THP
random_6_skewed,VAM_top2_first_only,20,20,0,37.315934344194545,5.9189614349193995,227.12177121771217,65.96783821587071,551.3,82.55724881689278,5,25.0,0.0031639700001505297,0.0029504499998437997,1,0,19,5.0,0.0,VAM
random_6_skewed,THP_top2_first_only,20,20,0,26.783165537653794,15.409970457344485,150.08976660682225,35.5205391729158,353.9,83.0118544758982,1,5.0,0.0034149699999033558,0.00325259999954135,5,0,15,25.0,0.0,THP
random_6_skewed,VAM_tieA_top2_rollout,20,20,0,31.1601383848354,4.430207870438947,222.81672816728167,58.14173652672369,453.85,84.85693709334272,5,25.0,0.014935239999977016,0.0152081499991254,11,3,6,55.0,15.0,VAM
random_6_skewed,MRM_orientation_ensemble,20,20,0,10.054247016427016,7.40402430033164,29.02829028290283,8.468573933511648,138.65,91.35076785459408,2,10.0,0.0017246549997252648,0.0016648999990138001,10,0,10,50.0,0.0,MRM
random_6_skewed,LCM_score_alpha025,20,20,0,47.6296529306516,30.274628265607326,164.2728904847397,46.25670762460048,646.55,73.01972238098446,0,0.0,0.00175540000009273,0.00169345000085735,10,6,4,50.0,30.0,LCM
random_6_skewed,LCM_score_alpha050,20,20,0,46.0894002586282,34.81816794912135,153.50089766606823,41.100700302056126,646.75,72.63225469011626,0,0.0,0.0016440700003840351,0.00159995000103655,7,6,7,35.0,30.0,LCM
random_6_skewed,LCM_score_alpha075,20,20,0,42.81751785381673,28.20985935106531,153.50089766606823,40.736811436282416,578.9,74.2804778529947,0,0.0,0.0018038600001090796,0.0016388000003644,4,3,13,20.0,15.0,LCM
random_6_ties,NWCM,20,20,0,64.69010708277833,57.59374340904104,182.53968253968253,40.82271828995275,604.85,63.70145582010414,0,0.0,0.000721420000081655,0.00065775000075515,,,,,,
random_6_ties,LCM,20,20,0,10.53764127298751,8.670059091028115,40.537240537240535,9.714916041578281,104.95,91.06429208603222,0,0.0,0.0007684650001464799,0.00073320000046805,,,,,,
random_6_ties,VAM,20,20,0,5.472890497745819,4.506597783595809,19.302325581395348,5.1480992183579986,55.1,95.01727056362016,4,20.0,0.0020547800002531846,0.0020834500001001,,,,,,
random_6_ties,LDVAM,20,20,0,4.411455250904927,4.217834389193018,15.9,4.451368234531794,47.85,95.93509985911575,6,30.0,0.00220528500012729,0.00219460000062095,,,,,,
random_6_ties,RAM,20,20,0,6.236678231843793,4.364802883774733,29.987129987129983,7.239773702522643,54.45,94.50452686182146,4,20.0,0.001524040000276685,0.0013591500000984,,,,,,
random_6_ties,TDM1,20,20,0,4.563176044759418,3.5286561264822134,14.032697547683924,4.245684868655699,40.25,95.78158131220434,3,15.0,0.00166282000000133,0.0015438500004165499,,,,,,
random_6_ties,TDM2,20,20,0,4.741397418978437,2.9704996701380195,22.136422136422137,6.0944862448774115,41.2,95.75559692920642,5,25.0,0.0025912499998412,0.0026305499995942,,,,,,
random_6_ties,TDSM,20,20,0,4.480377662924537,2.7877142452815526,14.032697547683924,4.742343416122992,39.85,95.89355169193826,5,25.0,0.00184556499998502,0.00177824999900615,,,,,,
random_6_ties,THP,20,20,0,10.109046618302697,5.727959709919158,43.34554334554335,10.578146370131101,96.95,91.52082775605975,0,0.0,0.00215802000002436,0.0021701499999835,,,,,,
random_6_ties,SSM,20,20,0,4.795089464458275,1.8192756445827487,18.275418275418275,6.160068463992829,47.3,95.72166393391788,6,30.0,0.00084116500001978,0.00079625000034865,,,,,,
random_6_ties,CSM,20,20,0,10.734283812242461,10.116756423348956,25.58139534883721,8.81029769846326,99.25,90.84594334775373,3,15.0,0.000822724999852605,0.00077759999931,,,,,,
random_6_ties,RBSM,20,20,0,10.966729726076217,10.116756423348956,25.58139534883721,8.335492653189913,102.95,90.59415619914839,0,0.0,0.0007817550001163451,0.0007584499999211,,,,,,
random_6_ties,BCE,20,12,8,5.191594297054337,2.1364132349276996,17.029972752043598,6.3877013210572215,54.666666666666664,95.3732292098771,5,25.0,0.0009969416666232,0.0008820000002742,,,,,,
random_6_ties,MRM,20,20,0,7.64646740835923,4.838631646678052,36.507936507936506,8.56682911299164,71.55,93.38795466609682,0,0.0,0.0006731499999659201,0.000666650000312,,,,,,
random_6_ties,LCM_tie_allocation,20,20,0,9.842576753750818,6.6799044434725765,39.804639804639805,9.77189546553069,98.2,91.65186120403044,1,5.0,0.000913484999819005,0.0008231000001614501,6,4,10,30.0,20.0,LCM
random_6_ties,VAM_tie_cost,20,20,0,4.411455250904927,4.217834389193018,15.9,4.451368234531794,47.85,95.93509985911575,6,30.0,0.0022422300001380202,0.00211560000025195,6,4,10,30.0,20.0,VAM
random_6_ties,VAM_tie_allocation,20,20,0,7.468091849969078,4.628996804403643,27.06630336058129,7.805208364410702,80.65,93.49097660003076,4,20.0,0.00244647999979856,0.0022151000002849502,6,6,8,30.0,30.0,VAM
random_6_ties,VAM_penalty_sqrtA,20,20,0,7.681156028735403,4.506597783595809,27.06630336058129,7.36256490136184,81.4,93.25230067149735,1,5.0,0.0021091599996907002,0.0021131999992576,4,9,7,20.0,45.0,VAM
random_6_ties,VAM_penalty_A,20,20,0,9.248142702784174,8.097368421052632,26.84670373312153,7.068970389288972,97.95,91.88347401623945,0,0.0,0.00218092000022803,0.00214959999993875,5,11,4,25.0,55.0,VAM
random_6_ties,TDSM_theta1_5,20,20,0,3.8355424980893718,2.7877142452815526,14.032697547683924,4.1831900222201694,33.55,96.44917621276896,5,25.0,0.0019612500000220755,0.00186410000060275,2,0,18,10.0,0.0,TDSM
random_6_ties,LCM_top2_product,20,20,0,12.655631809393972,11.754299507431588,33.211233211233214,10.407075425598178,128.55,89.46226334414582,0,0.0,0.00103245999998757,0.00100505000045805,5,10,5,25.0,50.0,LCM
random_6_ties,LCM_top2_LB,20,20,0,8.412559346829017,6.655346409516735,22.8,6.542728572768846,84.7,92.5482795862446,0,0.0,0.0022889500000018797,0.002303700000084,6,3,11,30.0,15.0,LCM
random_6_ties,VAM_top2_LB,20,20,0,7.401677389028151,6.25,20.0,6.056479394098522,75.5,93.38295783269692,3,15.0,0.003617840000060774,0.00362764999954375,1,10,9,5.0,50.0,VAM
random_6_ties,THP_top2_LB,20,20,0,9.12465739240822,5.79298418972332,36.507936507936506,9.224219268930414,86.1,92.19987239495455,0,0.0,0.003763929999877245,0.0035282999997434,7,2,11,35.0,10.0,THP
random_6_ties,LCM_top2_rollout,20,20,0,7.251186554511685,3.88986414369196,23.44322344322344,7.657177084966531,77.25,93.66710113297054,3,15.0,0.006085320000147435,0.0056148499998016,9,0,11,45.0,0.0,LCM
random_6_ties,LCM_top3_rollout,20,20,0,4.361545102750784,2.1350855854256188,23.44322344322344,5.866514066508903,44.2,96.08407815495204,6,30.0,0.008876074999898221,0.00782255000012805,15,0,5,75.0,0.0,LCM
random_6_ties,VAM_top2_rollout,20,20,0,2.630728771248412,1.1507955936352507,11.204819277108436,3.6983557973321473,28.0,97.55180818131552,9,45.0,0.015565029999925128,0.01521460000003565,12,0,8,60.0,0.0,VAM
random_6_ties,VAM_top3_rollout,20,20,0,1.8441088967133972,0.5507955936352509,11.08433734939759,2.850152204339756,21.7,98.25869080554465,10,50.0,0.021974954999859558,0.021895349999795102,16,0,4,80.0,0.0,VAM
random_6_ties,THP_top2_rollout,20,20,0,4.924599103521928,1.2484700122399022,33.211233211233214,8.70699578234849,46.9,95.840816278375,6,30.0,0.016489899999851277,0.016066549999777552,17,0,3,85.0,0.0,THP
random_6_ties,THP_top3_rollout,20,20,0,4.014796919556629,0.4269337318655682,31.86813186813187,7.766745302596668,37.6,96.57307839519301,8,40.0,0.022042039999905637,0.021717700001317952,17,0,3,85.0,0.0,THP
random_6_ties,THP_top2_LCMcompletion,20,20,0,4.07795873583123,1.3001143947251692,21.8,6.332297284383673,40.2,96.38600037431723,4,20.0,0.00744248999999395,0.007056249999550301,18,1,1,90.0,5.0,THP
random_6_ties,VAM_top2_first_only,20,20,0,4.897890497745819,4.217834389193018,19.302325581395348,4.936275855590669,49.35,95.52142479448246,4,20.0,0.0034710349998021703,0.003432999999859,1,0,19,5.0,0.0,VAM
random_6_ties,THP_top2_first_only,20,20,0,9.515797076525667,5.727959709919158,33.211233211233214,9.117119049931894,92.1,91.87090124658441,1,5.0,0.003770264999548035,0.0037041499990664,3,0,17,15.0,0.0,THP
random_6_ties,VAM_tieA_top2_rollout,20,20,0,2.407657475284212,0.0,16.205533596837945,4.445737481590781,22.85,97.81016083305416,11,55.0,0.01605014500019019,0.01600385000074305,13,1,6,65.0,5.0,VAM
random_6_ties,MRM_orientation_ensemble,20,20,0,4.5669596764707725,2.485699692459523,16.11842105263158,4.788868115684584,46.15,95.81478146246431,2,10.0,0.001958955000100055,0.0018795500000123,8,0,12,40.0,0.0,MRM
random_6_ties,LCM_score_alpha025,20,20,0,11.208257411095078,9.472377975916903,40.29304029304029,9.624923789064646,113.5,90.50306678009817,1,5.0,0.0017497249999905197,0.0016691999999238001,6,11,3,30.0,55.0,LCM
random_6_ties,LCM_score_alpha050,20,20,0,10.749660444885816,6.6799044434725765,40.29304029304029,10.583899007208679,106.0,91.00060675371823,0,0.0,0.0016432299998995752,0.0015724499990027998,5,5,10,25.0,25.0,LCM
random_6_ties,LCM_score_alpha075,20,20,0,10.550364298723185,6.6799044434725765,39.804639804639805,10.460114773098304,104.45,91.1489060294506,0,0.0,0.00166129999988692,0.00158819999978725,5,5,10,25.0,25.0,LCM
random_6_uniform,NWCM,20,20,0,71.60436854009785,63.17293575375155,168.23848238482384,45.66341937685952,6149.9,61.976372945953436,0,0.0,0.0007518100001106651,0.0007441999996444,,,,,,
random_6_uniform,LCM,20,20,0,11.900428170008919,7.04070003947256,35.64913642538327,11.132190062116798,919.95,90.1570194305082,1,5.0,0.0010767749998194002,0.00084844999946645,,,,,,
random_6_uniform,VAM,20,20,0,4.462188075313353,1.0989489714205285,24.82339411861344,7.1233918035556805,353.3,96.10451425634294,4,20.0,0.002675104999798305,0.0023651999999856,,,,,,
random_6_uniform,LDVAM,20,20,0,4.462188075313353,1.0989489714205285,24.82339411861344,7.1233918035556805,353.3,96.10451425634294,4,20.0,0.002751115000137315,0.00212319999991445,,,,,,
random_6_uniform,RAM,20,20,0,6.445785716799944,3.6031023202316605,25.663972286374133,8.01491938005601,485.75,94.40763338024698,5,25.0,0.0019156700001075999,0.00176284999997725,,,,,,
random_6_uniform,TDM1,20,20,0,4.9533696443393405,3.727968783303002,17.118449153934616,5.155704851361735,436.3,95.48737418775345,3,15.0,0.0021526749998883655,0.00184459999945825,,,,,,
random_6_uniform,TDM2,20,20,0,6.071567852658832,4.402093664835938,22.044137590925903,6.631967328355219,496.1,94.60441572939887,3,15.0,0.0029564599999502604,0.00274509999962895,,,,,,
random_6_uniform,TDSM,20,20,0,8.082022204138939,6.797323389871936,25.464103827829803,6.189026450305602,710.25,92.79587626491391,0,0.0,0.002179934999821805,0.0018268500007252,,,,,,
random_6_uniform,THP,20,20,0,8.807649009841303,5.603528299293002,27.953929539295395,7.692366105492663,757.9,92.32206048858681,1,5.0,0.0026377850000244,0.0022424500002670997,,,,,,
random_6_uniform,SSM,20,20,0,13.418486596758736,8.819407181179445,79.52648942363672,17.79337748985617,1021.0,89.69943722220005,0,0.0,0.00131088000007362,0.00090954999996025,,,,,,
random_6_uniform,CSM,20,20,0,15.65494881360993,11.059060266095926,101.1837764409082,21.966989407343995,1144.7,88.47297673728141,2,10.0,0.0013014400000428848,0.0008724500003153999,,,,,,
random_6_uniform,RBSM,20,20,0,18.16278625032512,14.24152929040449,101.1837764409082,21.929111274457107,1300.6,86.5821486613829,0,0.0,0.00097174500015166,0.0009260500000891,,,,,,
random_6_uniform,BCE,20,14,6,15.010201787693067,3.6510703196808496,99.24315932466524,26.280052690282794,1078.642857142857,89.81401226157992,1,5.0,0.0016030428570437002,0.0009165000010398,,,,,,
random_6_uniform,MRM,20,20,0,8.4778716091711,7.107997369492266,25.464103827829803,7.5073990441329395,650.2,92.58308289241391,0,0.0,0.0008568950001062649,0.0007350500009124,,,,,,
random_6_uniform,LCM_tie_allocation,20,20,0,11.678605628042494,7.04070003947256,35.64913642538327,10.969995155802252,895.9,90.31249674729762,1,5.0,0.0009148150003965849,0.00092635000055445,1,0,19,5.0,0.0,LCM
random_6_uniform,VAM_tie_cost,20,20,0,4.462188075313353,1.0989489714205285,24.82339411861344,7.1233918035556805,353.3,96.10451425634294,4,20.0,0.0025459850001424847,0.00226585000018525,0,0,20,0.0,0.0,VAM
random_6_uniform,VAM_tie_allocation,20,20,0,6.750175655363809,1.0989489714205285,52.29963128274792,12.862671270070685,471.2,94.69443797085306,4,20.0,0.0025316899999779,0.00235255000006865,0,1,19,0.0,5.0,VAM
random_6_uniform,VAM_penalty_sqrtA,20,20,0,9.61177234368787,2.8278530762891627,92.41218707549,20.471433855961926,694.75,93.15716123362084,5,25.0,0.0024130050000166553,0.0023430999999618,4,8,8,20.0,40.0,VAM
random_6_uniform,VAM_penalty_A,20,20,0,4.713594079948196,1.9032328781637609,19.75609756097561,5.978639299626199,447.6,95.77705624353597,4,20.0,0.00247503000000502,0.0022519499998452,7,9,4,35.0,45.0,VAM
random_6_uniform,TDSM_theta1_5,20,20,0,7.067828599441961,5.476121738139045,25.464103827829803,6.492352651336606,638.4,93.70439252357703,1,5.0,0.002088140000250815,0.0020336500010671,4,1,15,20.0,5.0,TDSM
random_6_uniform,LCM_top2_product,20,20,0,13.22053639667578,10.952853850586393,39.66512702078522,11.805749474327564,1015.8,89.18715801477757,1,5.0,0.001114415000029065,0.0011089999998148,2,8,10,10.0,40.0,LCM
random_6_uniform,LCM_top2_LB,20,20,0,11.459802596324794,7.608686155095317,35.64913642538327,11.345902425740343,867.45,90.55345163235924,2,10.0,0.002768515000025185,0.00269590000061725,10,5,5,50.0,25.0,LCM
random_6_uniform,VAM_top2_LB,20,20,0,7.086319217724355,2.527329744394388,45.04682109413504,11.059457476455366,552.75,94.16718907457988,2,10.0,0.004033680000247789,0.00397765000070645,2,10,8,10.0,50.0,VAM
random_6_uniform,THP_top2_LB,20,20,0,8.817737022303062,5.104063917932531,33.16974595842956,9.033933557136834,724.35,92.4583871801034,2,10.0,0.004146449999643614,0.00425649999942825,9,5,6,45.0,25.0,THP
random_6_uniform,LCM_top2_rollout,20,20,0,6.274578283763961,2.757365599331071,23.48146710653988,7.175455547764382,489.4,94.47925931269924,2,10.0,0.006728959999872988,0.0068904499994459495,14,0,6,70.0,0.0,LCM
random_6_uniform,LCM_top3_rollout,20,20,0,4.0640119971624085,1.1852451398706494,18.137013307047805,5.851917185997372,315.4,96.36317639627444,7,35.0,0.00949668000002925,0.009588999999323201,15,0,5,75.0,0.0,LCM
random_6_uniform,VAM_top2_rollout,20,20,0,2.389668022552139,0.4680710028828098,11.483489403647116,3.472082624447792,212.3,97.76846323834113,6,30.0,0.01804430000011048,0.01927785000043505,8,0,12,40.0,0.0,VAM
random_6_uniform,VAM_top3_rollout,20,20,0,2.0322341997119233,0.20088033321788115,11.483489403647116,3.3842989556526453,192.95,98.1056872421083,9,45.0,0.0261512050000419,0.0277221000005738,11,0,9,55.0,0.0,VAM
random_6_uniform,THP_top2_rollout,20,20,0,5.327976779281248,3.9201874438437905,17.118449153934616,5.4950312569772555,432.05,95.1773728978656,2,10.0,0.01849164500044931,0.01862404999974385,10,0,10,50.0,0.0,THP
random_6_uniform,THP_top3_rollout,20,20,0,4.869738409168211,3.022506281645734,17.118449153934616,5.493823063316773,377.85,95.59325860020412,3,15.0,0.01821912500008689,0.0190434999994977,11,0,9,55.0,0.0,THP
random_6_uniform,THP_top2_LCMcompletion,20,20,0,6.059765991058823,4.015684026071375,17.118449153934616,5.788617146370044,509.5,94.54283705233452,2,10.0,0.008862009999666002,0.0081567999995968,10,1,9,50.0,5.0,THP
random_6_uniform,VAM_top2_first_only,20,20,0,4.322151557597739,0.9482563798305902,24.82339411861344,7.185828532917628,338.3,96.24083709417599,5,25.0,0.00490922500021037,0.0038794500005678,2,0,18,10.0,0.0,VAM
random_6_uniform,THP_top2_first_only,20,20,0,8.445853901008626,5.603528299293002,27.953929539295395,7.472019344112335,714.85,92.60562105312312,1,5.0,0.00418537999994436,0.0039667999999437,1,0,19,5.0,0.0,THP
random_6_uniform,VAM_tieA_top2_rollout,20,20,0,2.389668022552139,0.4680710028828098,11.483489403647116,3.472082624447792,212.3,97.76846323834113,6,30.0,0.021686320000117065,0.019933049999053702,8,0,12,40.0,0.0,VAM
random_6_uniform,MRM_orientation_ensemble,20,20,0,5.089248600782172,3.643654381681853,18.137013307047805,5.524636192196281,403.55,95.39386788308482,2,10.0,0.0025280499999098,0.0021217999992586,11,0,9,55.0,0.0,MRM
random_6_uniform,LCM_score_alpha025,20,20,0,10.557343935416549,7.946055249316161,34.769647696476966,9.911066250227634,793.6,91.08970166637991,1,5.0,0.002292009999928215,0.0018813999995472498,9,7,4,45.0,35.0,LCM
random_6_uniform,LCM_score_alpha050,20,20,0,9.864861621739422,5.4363151412811845,35.64913642538327,11.53221985508762,738.95,91.87306223493634,1,5.0,0.002241589999812235,0.00189049999971755,8,4,8,40.0,20.0,LCM
random_6_uniform,LCM_score_alpha075,20,20,0,11.44180779061535,7.04070003947256,35.64913642538327,11.04962680791247,881.6,90.51622746785509,1,5.0,0.002298129999962795,0.0020158999996056,3,1,16,15.0,5.0,LCM
random_10_skewed,NWCM,20,20,0,455.0927615971529,444.18590636474823,996.2002412545236,210.80524091137448,6129.0,20.638418604677078,0,0.0,0.001446440000290685,0.00130570000055735,,,,,,
random_10_skewed,LCM,20,20,0,104.44714084194047,66.40873482384015,384.3349753694581,94.97450216558444,1604.55,56.12362272090377,0,0.0,0.0019102999997812249,0.00181909999992055,,,,,,
random_10_skewed,VAM,20,20,0,37.62155487092435,26.71166833532276,197.99713876967093,44.30723193289145,517.4,77.34103505122177,0,0.0,0.004498285000317945,0.00409504999970515,,,,,,
random_10_skewed,LDVAM,20,20,0,56.349236552328684,24.877747520640263,449.0155440414508,101.80182989257642,705.15,74.5924673717918,0,0.0,0.004852370000207845,0.0045246500003486,,,,,,
random_10_skewed,RAM,20,20,0,61.923211748123855,68.0352700625208,136.48068669527896,30.982273182348322,855.55,63.90900084985926,0,0.0,0.0032122749999870756,0.00266844999896415,,,,,,
random_10_skewed,TDM1,20,20,0,31.108524207291232,21.520048070595386,146.6096115865701,34.35618469666443,383.0,79.93011430930503,0,0.0,0.003722205000030889,0.0034369499999229,,,,,,
random_10_skewed,TDM2,20,20,0,25.84387469118343,25.81195348078636,66.14881439084219,18.107544448943678,397.7,80.96036984050669,0,0.0,0.006198634999964215,0.006107049999627551,,,,,,
random_10_skewed,TDSM,20,20,0,33.043640666550885,26.490301623129113,146.6096115865701,32.508614413323755,438.85,78.30854377692853,0,0.0,0.003353450000031395,0.0030170500003804997,,,,,,
random_10_skewed,THP,20,20,0,41.95644137614338,38.28529901580127,101.56815440289506,25.680175501459,644.4,72.49220615291844,0,0.0,0.004740214999674164,0.0051309500004208,,,,,,
random_10_skewed,SSM,20,20,0,42.405818074657226,34.2080836650095,111.9704433497537,25.71533485325062,611.45,72.16582472754618,0,0.0,0.00146716499993995,0.00137730000005825,,,,,,
random_10_skewed,CSM,20,20,0,53.153683403561686,33.885960653090834,316.30541871921184,67.64802122909956,843.6,71.98382105188387,0,0.0,0.00175975500005729,0.0011906499994438,,,,,,
random_10_skewed,RBSM,20,20,0,72.06863722181143,59.607430914850674,351.33004926108373,74.34754024198493,1129.3,64.28634439395996,0,0.0,0.0016870049998942201,0.00153569999929455,,,,,,
random_10_skewed,BCE,20,6,14,25.320380456240883,15.20556093865819,79.60716348931254,28.35288819224739,385.8333333333333,82.59837884218472,0,0.0,0.00197679999988995,0.00155604999963535,,,,,,
random_10_skewed,MRM,20,20,0,35.09604339281351,30.44630357456046,146.6096115865701,31.16867681802862,493.75,76.86207644236926,0,0.0,0.0014829950000602799,0.0014773500006412502,,,,,,
random_10_skewed,LCM_tie_allocation,20,20,0,87.5771235620828,68.70173669817676,319.3103448275862,71.48687764393547,1339.0,58.30375768794386,0,0.0,0.0018381100000623945,0.0015088000000105,8,10,2,40.0,50.0,LCM
random_10_skewed,VAM_tie_cost,20,20,0,56.349236552328684,24.877747520640263,449.0155440414508,101.80182989257642,705.15,74.5924673717918,0,0.0,0.003849414999967794,0.00281910000012425,7,9,4,35.0,45.0,VAM
random_10_skewed,VAM_tie_allocation,20,20,0,42.21907910338054,29.994605797348324,209.29899856938485,47.57419905623406,616.65,75.13034965406491,0,0.0,0.004960610000034586,0.00507319999996975,9,9,2,45.0,45.0,VAM
random_10_skewed,VAM_penalty_sqrtA,20,20,0,49.05454348263133,37.388436166084595,225.89413447782547,49.47337736751303,678.95,71.70815404729566,0,0.0,0.004835874999844175,0.00437884999973895,8,11,1,40.0,55.0,VAM
random_10_skewed,VAM_penalty_A,20,20,0,52.23009748211091,44.97113505032266,122.65469061876249,38.8223750834873,799.0,69.596104820413,0,0.0,0.005214364999846956,0.0053957000000081495,9,10,1,45.0,50.0,VAM
random_10_skewed,TDSM_theta1_5,20,20,0,32.06134563414898,26.490301623129113,146.6096115865701,33.53618949987881,403.95,79.18763819907562,0,0.0,0.004112175000136585,0.004070099999807951,3,3,14,15.0,15.0,TDSM
random_10_skewed,LCM_top2_product,20,20,0,118.78000817673603,84.63793595669253,386.3546798029557,92.60296729407018,1788.55,51.53234803977675,0,0.0,0.0018753749995084501,0.00187155000003255,5,12,3,25.0,60.0,LCM
random_10_skewed,LCM_top2_LB,20,20,0,91.93642819554374,58.118226918838026,324.23645320197045,79.26100841862126,1385.35,58.03162582577926,0,0.0,0.003982764999818705,0.004491799999414001,11,5,4,55.0,25.0,LCM
random_10_skewed,VAM_top2_LB,20,20,0,58.924025446713,39.499615008428194,207.3849878934625,59.25215694696385,770.05,69.6725331306744,0,0.0,0.007008529999893605,0.00660814999991995,6,14,0,30.0,70.0,VAM
random_10_skewed,THP_top2_LB,20,20,0,31.372206770496707,28.49567479930561,76.47768395657418,20.115670664080763,483.4,77.70156056444745,0,0.0,0.007569135000176126,0.0061909500009278,14,6,0,70.0,30.0,THP
random_10_skewed,LCM_top2_rollout,20,20,0,47.71668239338619,42.774619740603285,106.52801848642405,28.794980092402213,706.6,70.00101597970588,0,0.0,0.019398410000030654,0.0178436999995028,18,0,2,90.0,0.0,LCM
random_10_skewed,LCM_top3_rollout,20,20,0,39.080069027937924,34.72215566836826,97.22557297949336,22.842567844200307,573.8,73.57591224714285,0,0.0,0.026321565000034703,0.02540969999972725,19,0,1,95.0,0.0,LCM
random_10_skewed,VAM_top2_rollout,20,20,0,16.97007225010466,10.901438849369889,77.08082026537997,18.177546330760027,232.85,87.09188136885386,0,0.0,0.05633123999996311,0.0550370000000839,18,0,2,90.0,0.0,VAM
random_10_skewed,VAM_top3_rollout,20,20,0,11.243123827842021,7.9424285038585225,69.90349819059108,16.256993045998932,165.65,91.27534758444669,1,5.0,0.08603468999999672,0.07429140000022011,20,0,0,100.0,0.0,VAM
random_10_skewed,THP_top2_rollout,20,20,0,17.58513217562526,14.94052350830173,48.855507868383405,12.055486510386864,241.95,85.82886939070751,0,0.0,0.059594940000079054,0.0586977499988279,20,0,0,100.0,0.0,THP
random_10_skewed,THP_top3_rollout,20,20,0,15.334075291807949,13.58275870328642,50.78683834048641,11.245870356646805,209.85,87.40809800141473,0,0.0,0.08460099999965676,0.071514099999149,20,0,0,100.0,0.0,THP
random_10_skewed,THP_top2_LCMcompletion,20,20,0,24.98106969813416,24.28309795100606,61.44492131616595,12.849078075780671,367.05,80.75322380124204,0,0.0,0.021628580000105972,0.0184534500003792,15,4,1,75.0,20.0,THP
random_10_skewed,VAM_top2_first_only,20,20,0,37.62155487092435,26.71166833532276,197.99713876967093,44.30723193289145,517.4,77.34103505122177,0,0.0,0.00867803499977521,0.0090126499999314,0,0,20,0.0,0.0,VAM
random_10_skewed,THP_top2_first_only,20,20,0,37.11465918673154,31.41303752923304,101.56815440289506,23.45601208537739,564.5,74.76449405383501,0,0.0,0.008387655000024046,0.0087273499993898,7,0,13,35.0,0.0,THP
random_10_skewed,VAM_tieA_top2_rollout,20,20,0,19.945230341249562,11.630538225652955,83.76251788268955,20.695446501795608,298.1,85.28326497153981,0,0.0,0.07108259999977233,0.0596264499999961,15,5,0,75.0,25.0,VAM
random_10_skewed,MRM_orientation_ensemble,20,20,0,18.16869428145923,16.38741463129049,43.2761087267525,12.361984261067565,234.5,85.47373611603027,0,0.0,0.00402796499984102,0.00343704999977485,10,0,10,50.0,0.0,MRM
random_10_skewed,LCM_score_alpha025,20,20,0,92.94788523183811,59.14035678129592,319.7536945812808,84.29411692332955,1443.05,58.38511726418699,0,0.0,0.0027983149998362556,0.0020864999987679498,12,8,0,60.0,40.0,LCM
random_10_skewed,LCM_score_alpha050,20,20,0,95.24138852378005,69.21055931463769,319.3103448275862,83.03870468514675,1488.4,57.91736419574504,0,0.0,0.0028235800000401953,0.0021864500004084497,10,7,3,50.0,35.0,LCM
random_10_skewed,LCM_score_alpha075,20,20,0,95.9998950452053,68.70814234117142,319.3103448275862,84.62115443942295,1494.55,57.809385976845036,0,0.0,0.0034007449998170554,0.0030501000001095,10,7,3,50.0,35.0,LCM
random_10_ties,NWCM,20,20,0,125.60214764544313,118.4233800508139,280.20679468242247,59.125879968859316,1408.2,47.10253835929333,0,0.0,0.0012510649999966951,0.00096549999943815,,,,,,
random_10_ties,LCM,20,20,0,17.700476423615136,15.762537819748784,33.48314606741573,7.800769037672537,212.4,85.30947534627589,0,0.0,0.0014544299999215053,0.0015714000001025,,,,,,
random_10_ties,VAM,20,20,0,10.371189252994409,6.44124251068266,33.53846153846154,9.830733085521105,123.45,91.22720011432179,1,5.0,0.005364140000165164,0.0037270499997248,,,,,,
random_10_ties,LDVAM,20,20,0,9.263037613189208,6.896615916875738,24.41025641025641,7.754725250684378,113.3,91.93900256613458,0,0.0,0.0038255000001299146,0.00385774999995185,,,,,,
random_10_ties,RAM,20,20,0,16.350544963618127,12.51870484656348,42.58426966292135,11.893121135611418,189.95,86.75963381580004,0,0.0,0.00300767500029901,0.00295375000041525,,,,,,
random_10_ties,TDM1,20,20,0,11.438440456999206,9.256602646586103,31.46067415730337,7.948482034675329,133.55,90.14578135219577,0,0.0,0.00302107000006795,0.0030101000002105,,,,,,
random_10_ties,TDM2,20,20,0,11.837313869582356,9.45222675917827,35.61797752808989,8.84345894505484,133.6,89.90807111311656,0,0.0,0.004870365000351685,0.0045105500003046,,,,,,
random_10_ties,TDSM,20,20,0,12.638782939664257,9.753965404916705,33.93258426966292,8.765343391946832,145.0,89.26565688355949,0,0.0,0.00343098000003007,0.0034546500000942,,,,,,
random_10_ties,THP,20,20,0,18.115017878709615,17.708270808859467,35.28089887640449,7.840275789156393,217.95,85.01457090677664,0,0.0,0.0043097150000903205,0.00407154999993505,,,,,,
random_10_ties,SSM,20,20,0,15.067666648605202,8.188656280428432,58.18345323741007,15.66429019887473,177.5,88.12871700651245,0,0.0,0.0013532199998734999,0.001080950000869,,,,,,
random_10_ties,CSM,20,20,0,15.447632480553313,13.768532834729662,35.61797752808989,9.173850531865144,183.6,87.11254211689297,0,0.0,0.001443084999937075,0.0013850000004822002,,,,,,
random_10_ties,RBSM,20,20,0,15.211451041359641,13.734431638628124,59.71223021582734,12.881134000773278,185.0,87.65046715387675,0,0.0,0.001369269999850035,0.0015798499998709,,,,,,
random_10_ties,BCE,20,2,18,11.422018348623853,11.422018348623853,12.844036697247706,2.011037634567245,134.0,89.76348854397635,0,0.0,0.0017109499995057499,0.0017109499995057499,,,,,,
random_10_ties,MRM,20,20,0,16.328401773299674,12.698930292876366,33.93258426966292,8.923452444250149,193.4,86.42660512141028,0,0.0,0.0012614750000465801,0.00137894999988925,,,,,,
random_10_ties,LCM_tie_allocation,20,20,0,15.440394818093514,13.442750639813063,37.41573033707865,9.530321289857826,181.95,87.15177934476601,0,0.0,0.0016329600001881248,0.0018238999991808,11,3,6,55.0,15.0,LCM
random_10_ties,VAM_tie_cost,20,20,0,9.263037613189208,6.896615916875738,24.41025641025641,7.754725250684378,113.3,91.93900256613458,0,0.0,0.00396826999985928,0.00398024999958575,7,7,6,35.0,35.0,VAM
random_10_ties,VAM_tie_allocation,20,20,0,9.129745972169069,6.952248799990835,22.89512555391433,7.170016008023385,106.65,92.00085107200336,1,5.0,0.00498250999989972,0.00468025000009215,11,7,2,55.0,35.0,VAM
random_10_ties,VAM_penalty_sqrtA,20,20,0,10.692252418113421,12.34613656783468,22.89512555391433,7.370197293566538,124.8,90.7220072758826,0,0.0,0.00454595000019248,0.004923399999825,10,10,0,50.0,50.0,VAM
random_10_ties,VAM_penalty_A,20,20,0,9.487499193744231,7.933250655843431,25.849335302806494,6.788959565628963,110.3,91.65283490605947,0,0.0,0.004087390000040565,0.0046763000000282495,12,8,0,60.0,40.0,VAM
random_10_ties,TDSM_theta1_5,20,20,0,11.395244499642688,9.590543144461027,31.46067415730337,8.085702222784937,131.65,90.1955914743834,0,0.0,0.003990315000100909,0.0030770499988647497,5,1,14,25.0,5.0,TDSM
random_10_ties,LCM_top2_product,20,20,0,18.973283876529006,17.626153087963598,33.48314606741573,7.264963511849648,225.5,84.3461350254972,0,0.0,0.002091479999853565,0.0017820499997469,4,11,5,20.0,55.0,LCM
random_10_ties,LCM_top2_LB,20,20,0,16.602282377325402,14.34185871072932,40.01798561151079,8.752606889247758,198.15,86.19199550127173,0,0.0,0.003417904999878315,0.00231185000029645,10,7,3,50.0,35.0,LCM
random_10_ties,VAM_top2_LB,20,20,0,10.75290050294213,7.758295080040208,36.51282051282051,9.804749166116904,126.95,90.89706281406632,0,0.0,0.006100085000070929,0.00614325000060485,7,9,4,35.0,45.0,VAM
random_10_ties,THP_top2_LB,20,20,0,14.799551218688876,14.926780801425206,28.604471858134158,6.695666717687492,176.1,87.3875885128889,0,0.0,0.006280260000039515,0.0062282000008053,16,3,1,80.0,15.0,THP
random_10_ties,LCM_top2_rollout,20,20,0,11.639345068258303,11.674367489692127,26.96629213483146,6.580865776897572,143.15,89.85893933298124,0,0.0,0.01785081500001974,0.015513399999690501,18,0,2,90.0,0.0,LCM
random_10_ties,LCM_top3_rollout,20,20,0,10.695595334768592,8.593482998450975,26.96629213483146,7.150118301339833,131.0,90.67980155175478,0,0.0,0.024392074999923324,0.02084540000032575,19,0,1,95.0,0.0,LCM
random_10_ties,VAM_top2_rollout,20,20,0,5.272591501537998,3.736680929608189,19.054340155257588,5.483002787347343,62.55,95.2196465493817,1,5.0,0.054647789999944484,0.043684650000614,15,0,5,75.0,0.0,VAM
random_10_ties,VAM_top3_rollout,20,20,0,3.9029230580244842,1.934588763484442,19.054340155257588,5.286527769337365,48.3,96.45888627963326,2,10.0,0.07044642999990172,0.06800980000025444,18,0,2,90.0,0.0,VAM
random_10_ties,THP_top2_rollout,20,20,0,11.36551482153968,11.75442710234708,29.21348314606741,7.274790994447657,133.0,90.1463443795938,0,0.0,0.0531281399997169,0.048428099999000496,18,0,2,90.0,0.0,THP
random_10_ties,THP_top3_rollout,20,20,0,9.383779637475948,7.615079842045551,22.02247191011236,5.864315954489661,111.65,91.66266291372119,0,0.0,0.06925631500007508,0.059479099999407446,20,0,0,100.0,0.0,THP
random_10_ties,THP_top2_LCMcompletion,20,20,0,10.768620212999629,9.539849839005747,26.96629213483146,6.442427974382606,129.25,90.55614293781632,0,0.0,0.017959499999960778,0.0177137500004391,18,1,1,90.0,5.0,THP
random_10_ties,VAM_top2_first_only,20,20,0,9.913298819633821,6.44124251068266,33.53846153846154,9.463221172526152,117.85,91.55937056653589,1,5.0,0.007321540000066261,0.0058374000000185,1,0,19,5.0,0.0,VAM
random_10_ties,THP_top2_first_only,20,20,0,17.903619586780934,17.708270808859467,35.28089887640449,7.840336095009096,215.2,85.166732615243,0,0.0,0.00818139000011792,0.008403799999541599,4,0,16,20.0,0.0,THP
random_10_ties,VAM_tieA_top2_rollout,20,20,0,5.655155946733558,3.1970804167252203,17.128205128205128,5.2510075636377636,68.65,94.86040921909559,1,5.0,0.053939129999707756,0.0546875500003807,15,2,3,75.0,10.0,VAM
random_10_ties,MRM_orientation_ensemble,20,20,0,12.607030096239656,10.589038967254321,33.03370786516854,8.726871512743552,149.1,89.29098837681256,1,5.0,0.0036688950000097593,0.00367929999993065,10,0,10,50.0,0.0,MRM
random_10_ties,LCM_score_alpha025,20,20,0,18.69447086145218,17.692494512166643,35.385878489326764,8.665413605050125,222.85,84.66489598884188,0,0.0,0.0027389749997382253,0.0026409499996589,4,13,3,20.0,65.0,LCM
random_10_ties,LCM_score_alpha050,20,20,0,17.665204885736586,15.669383267878636,35.385878489326764,8.93173868611504,209.75,85.44133626610504,0,0.0,0.002469894999921915,0.0017668000009507,6,6,8,30.0,30.0,LCM
random_10_ties,LCM_score_alpha075,20,20,0,17.441686702433845,15.403563460774425,35.385878489326764,8.914885518343214,206.9,85.60156089493947,0,0.0,0.002521570000135345,0.0022158499996294,6,5,9,30.0,25.0,LCM
random_10_uniform,NWCM,20,20,0,124.60727448025723,121.68768173041607,194.6264744429882,49.457974361440236,13605.65,46.80543877464978,0,0.0,0.0008920249998481749,0.0008672499998283001,,,,,,
random_10_uniform,LCM,20,20,0,20.648474855146024,17.646321160399776,45.630914826498426,13.457929752499295,2403.0,83.82130438200639,0,0.0,0.001351575000080585,0.0012752999991789,,,,,,
random_10_uniform,VAM,20,20,0,13.211130410463905,10.035750521592675,42.68527801341868,10.011573459205554,1479.85,88.92958931337053,0,0.0,0.004068565000125049,0.004118050000215499,,,,,,
random_10_uniform,LDVAM,20,20,0,12.826540675509866,10.457914109983177,42.68527801341868,9.67828807870964,1436.65,89.19128207426095,0,0.0,0.004136135000135205,0.0038645499998892,,,,,,
random_10_uniform,RAM,20,20,0,14.888751662069225,13.32722857334911,43.36996916264727,9.779674715554743,1661.3,87.58761880528562,0,0.0,0.0029416449998279403,0.0028461000001697503,,,,,,
random_10_uniform,TDM1,20,20,0,11.484116118901495,9.674626946581373,23.62615640072745,6.08700317185059,1328.05,89.94692093886962,0,0.0,0.0032858399998076,0.00314394999986685,,,,,,
random_10_uniform,TDM2,20,20,0,13.313842854462674,11.395285755662933,32.413048507750446,7.75813459543407,1485.05,88.62221908743079,0,0.0,0.005188564999843894,0.00521790000038885,,,,,,
random_10_uniform,TDSM,20,20,0,13.024573105708082,11.803705519309961,26.141947957786197,7.224106361074479,1521.65,88.81651791098679,0,0.0,0.0035179100001186694,0.0034598500005813,,,,,,
random_10_uniform,THP,20,20,0,18.67961672203297,14.440780044565814,44.55926582864194,12.01497561110554,2177.5,85.05002978827027,0,0.0,0.004141244999936984,0.00409915000000175,,,,,,
random_10_uniform,SSM,20,20,0,14.386186593783611,12.40481729015649,30.693298372792476,8.605757057008372,1606.55,87.88218775339712,0,0.0,0.001415025000096605,0.00137395000092505,,,,,,
random_10_uniform,CSM,20,20,0,16.899911262394983,13.378987773163113,37.48963437617791,9.854166074459641,1943.55,86.09259442377267,0,0.0,0.0014544600002409,0.0014297500010798,,,,,,
random_10_uniform,RBSM,20,20,0,16.63799574609342,14.848661182883717,37.248399784067246,8.590624787192644,1904.1,86.16209180985983,0,0.0,0.001409405000413205,0.00138615000014395,,,,,,
random_10_uniform,BCE,20,6,14,10.80422122749926,6.066476650284837,34.8737278552582,12.518750244084424,1324.3333333333333,91.10105242114979,0,0.0,0.0014537666662969167,0.001517949999652,,,,,,
random_10_uniform,MRM,20,20,0,16.583036886973332,15.988563567195946,32.975098296199214,9.835723517126223,1807.7,86.34905353078514,0,0.0,0.0011317650002637951,0.00111555000057705,,,,,,
random_10_uniform,LCM_tie_allocation,20,20,0,21.015581997175424,19.211062326131945,45.630914826498426,13.182627707133578,2445.7,83.5224520630879,0,0.0,0.0015584149999085149,0.0015259000001605501,0,2,18,0.0,10.0,LCM
random_10_uniform,VAM_tie_cost,20,20,0,12.826540675509866,10.457914109983177,42.68527801341868,9.67828807870964,1436.65,89.19128207426095,0,0.0,0.004110035000030571,0.0039624000000912495,1,2,17,5.0,10.0,VAM
random_10_uniform,VAM_tie_allocation,20,20,0,13.268232517238236,10.457914109983177,42.68527801341868,9.943504018165616,1484.9,88.87427411918766,0,0.0,0.004239554999912755,0.0042704500001491,1,3,16,5.0,15.0,VAM
random_10_uniform,VAM_penalty_sqrtA,20,20,0,14.59114427589052,14.118663635216198,45.8471504588571,9.978013790051657,1648.45,87.83335178112317,0,0.0,0.00413128500003944,0.0040236000004369495,8,12,0,40.0,60.0,VAM
random_10_uniform,VAM_penalty_A,20,20,0,15.349065250806595,12.997355210123597,46.30986349965296,9.989399433965644,1741.25,87.25290195009504,0,0.0,0.00421096500022025,0.0040170000002035,7,12,1,35.0,60.0,VAM
random_10_uniform,TDSM_theta1_5,20,20,0,12.867941574423412,12.249132802196211,26.141947957786197,6.834988311775136,1507.95,88.90386508446994,0,0.0,0.003436850000161895,0.00332435000109395,4,3,13,20.0,15.0,TDSM
random_10_uniform,LCM_top2_product,20,20,0,21.92077723211957,19.572452675678633,44.55926582864194,12.170511024779962,2505.8,82.7661347685353,0,0.0,0.0015336999999817102,0.0014468999997916,4,11,5,20.0,55.0,LCM
random_10_uniform,LCM_top2_LB,20,20,0,19.45935799122785,15.98054795245181,61.11668080512069,14.709064923022341,2301.9,84.77070323514418,0,0.0,0.0034796150002875453,0.0033214499999302998,12,6,2,60.0,30.0,LCM
random_10_uniform,VAM_top2_LB,20,20,0,14.652528292002964,12.35352285236469,30.361687360222103,8.188339659687617,1705.9,87.6319888435535,0,0.0,0.006213205000130945,0.0060643500000878,8,11,1,40.0,55.0,VAM
random_10_uniform,THP_top2_LB,20,20,0,13.686497032755799,10.745619248829637,45.39214930207449,10.47515907781742,1581.15,88.59136246666226,0,0.0,0.006613529999958645,0.0064257000003635,13,3,4,65.0,15.0,THP
random_10_uniform,LCM_top2_rollout,20,20,0,15.430645273068501,12.397012518675965,35.80098002261591,10.066233384373952,1781.25,87.22152879193494,0,0.0,0.016137874999822034,0.0157610500000373,16,0,4,80.0,0.0,LCM
random_10_uniform,LCM_top3_rollout,20,20,0,12.663433594269224,11.687911842545954,36.33622314361101,8.320497715818604,1495.65,89.19258482192522,0,0.0,0.022683180000149097,0.02275385000029925,18,0,2,90.0,0.0,LCM
random_10_uniform,VAM_top2_rollout,20,20,0,8.892020338195847,7.1636075939431105,42.68527801341868,9.0830349042609,1016.5,92.34118209542123,0,0.0,0.05185335499991193,0.05154425000000625,16,0,4,80.0,0.0,VAM
random_10_uniform,VAM_top3_rollout,20,20,0,5.636507076176541,4.774255459960291,14.82995295750752,3.6156331325041577,647.45,94.76716365841637,1,5.0,0.08060769999965482,0.07480684999882209,18,0,2,90.0,0.0,VAM
random_10_uniform,THP_top2_rollout,20,20,0,14.171848759107775,11.106881818156129,44.55926582864194,10.819807556187712,1672.5,88.257920879285,0,0.0,0.0526254650002556,0.0519594999996115,11,0,9,55.0,0.0,THP
random_10_uniform,THP_top3_rollout,20,20,0,13.244208019106958,10.317331159300775,44.55926582864194,10.59306964136619,1563.35,88.95003385801272,0,0.0,0.0593588700000509,0.05947304999972395,12,0,8,60.0,0.0,THP
random_10_uniform,THP_top2_LCMcompletion,20,20,0,14.026707449275174,11.106881818156129,44.55926582864194,11.061660872604334,1651.55,88.40720626598227,0,0.0,0.01907488000015286,0.01848785000038325,12,0,8,60.0,0.0,THP
random_10_uniform,VAM_top2_first_only,20,20,0,13.211130410463905,10.035750521592675,42.68527801341868,10.011573459205554,1479.85,88.92958931337053,0,0.0,0.00742049000009497,0.0070915999995122,0,0,20,0.0,0.0,VAM
random_10_uniform,THP_top2_first_only,20,20,0,18.407860351090815,14.440780044565814,44.55926582864194,12.32312136465324,2151.8,85.29465301691131,0,0.0,0.007898089999889599,0.0076044499992349,1,0,19,5.0,0.0,THP
random_10_uniform,VAM_tieA_top2_rollout,20,20,0,8.694397590857832,6.1574544829605475,42.68527801341868,9.15954889201624,997.7,92.51870342645023,0,0.0,0.054720209999777523,0.05474164999941415,16,0,4,80.0,0.0,VAM
random_10_uniform,MRM_orientation_ensemble,20,20,0,12.348994842099971,9.870987234045687,31.44167758846658,8.21716028667968,1399.85,89.43296174615429,0,0.0,0.0031701450000582152,0.00318185000014635,9,0,11,45.0,0.0,MRM
random_10_uniform,LCM_score_alpha025,20,20,0,19.964664857755064,18.78888866989319,48.05993690851735,13.045545693405328,2304.25,84.24656412361861,0,0.0,0.0027188199998817698,0.0026529500000833,10,7,3,50.0,35.0,LCM
random_10_uniform,LCM_score_alpha050,20,20,0,21.60689331979495,18.67190302547324,44.55926582864194,13.028239874165592,2492.4,83.08277112008928,0,0.0,0.0026529450002271302,0.0025540500000715,7,7,6,35.0,35.0,LCM
random_10_uniform,LCM_score_alpha075,20,20,0,20.359956835775414,17.261655623823952,45.630914826498426,12.688690696555339,2363.2,83.9148810617026,0,0.0,0.00257355000021557,0.00245880000056785,2,3,15,10.0,15.0,LCM
